site_label,category,url,resource_type,bytes,pct_of_cdp_bytes
bbc,news,https://www.bbc.com,Document,90733,4.508601987038633
bbc,news,https://www.bbc.com,Stylesheet,1825,0.09068584336840516
bbc,news,https://www.bbc.com,Image,35896,1.7837035800286418
bbc,news,https://www.bbc.com,Script,1389833,69.06201520341952
bbc,news,https://www.bbc.com,Font,402841,20.01752100184751
bbc,news,https://www.bbc.com,Manifest,1071,0.05321892506715721
bbc,news,https://www.bbc.com,Fetch,67447,3.3515003165308617
bbc,news,https://www.bbc.com,XHR,15768,0.7835256867030205
bbc,news,https://www.bbc.com,Other,7028,0.3492274559962474
bbc,news,https://www.bbc.com,Document,90730,4.507057645927976
bbc,news,https://www.bbc.com,Stylesheet,1825,0.09065777806479175
bbc,news,https://www.bbc.com,Image,35896,1.7831515624185013
bbc,news,https://www.bbc.com,Script,1389719,69.03497899968455
bbc,news,https://www.bbc.com,Font,402841,20.011326012821247
bbc,news,https://www.bbc.com,Manifest,1071,0.0532024549629545
bbc,news,https://www.bbc.com,Fetch,67447,3.3504630998005527
bbc,news,https://www.bbc.com,XHR,16508,0.8200430686540177
bbc,news,https://www.bbc.com,Preflight,0,0.0
bbc,news,https://www.bbc.com,Other,7028,0.34911937766540074
bbc,news,https://www.bbc.com,Image,35896,1.7841016345484302
bbc,news,https://www.bbc.com,Stylesheet,1825,0.09070608098537122
bbc,news,https://www.bbc.com,Document,90733,4.509608134819555
bbc,news,https://www.bbc.com,Script,1389773,69.0744450900177
bbc,news,https://www.bbc.com,Font,402841,20.021988148070097
bbc,news,https://www.bbc.com,Manifest,1071,0.05323080149881237
bbc,news,https://www.bbc.com,Fetch,67039,3.3319698428374256
bbc,news,https://www.bbc.com,XHR,15787,0.7846448769950989
bbc,news,https://www.bbc.com,Other,7028,0.3493053902275008
guardian,news,https://www.theguardian.com,Image,177373,16.703440547323417
guardian,news,https://www.theguardian.com,Document,146991,13.842329043832017
guardian,news,https://www.theguardian.com,Stylesheet,7588,0.714571591353194
guardian,news,https://www.theguardian.com,Script,436040,41.06244026010105
guardian,news,https://www.theguardian.com,Manifest,827,0.07787963970072372
guardian,news,https://www.theguardian.com,Font,270307,25.455153287283583
guardian,news,https://www.theguardian.com,Other,1680,0.1582077324029212
guardian,news,https://www.theguardian.com,XHR,18858,1.7758817962227904
guardian,news,https://www.theguardian.com,Preflight,0,0.0
guardian,news,https://www.theguardian.com,Fetch,2231,0.21009610178030785
guardian,news,https://www.theguardian.com,Other,22900,2.1572757657857946
guardian,news,https://www.theguardian.com,Image,176913,16.66594443460534
guardian,news,https://www.theguardian.com,Font,270431,25.47573111865582
guardian,news,https://www.theguardian.com,Document,146992,13.847261107615088
guardian,news,https://www.theguardian.com,Script,414782,39.0741989818412
guardian,news,https://www.theguardian.com,Stylesheet,7589,0.7149155365304977
guardian,news,https://www.theguardian.com,Manifest,826,0.07781265425934789
guardian,news,https://www.theguardian.com,XHR,18858,1.7765024624973151
guardian,news,https://www.theguardian.com,Preflight,0,0.0
guardian,news,https://www.theguardian.com,Fetch,2233,0.210357938209593
guardian,news,https://www.theguardian.com,Image,177117,16.698863813141525
guardian,news,https://www.theguardian.com,Font,269315,25.39143339056223
guardian,news,https://www.theguardian.com,Document,146992,13.858632370813076
guardian,news,https://www.theguardian.com,Other,2497,0.23542100951017914
guardian,news,https://www.theguardian.com,Script,435213,41.0325525878869
guardian,news,https://www.theguardian.com,Stylesheet,7583,0.7149369303627106
guardian,news,https://www.theguardian.com,Manifest,844,0.07957362115602369
guardian,news,https://www.theguardian.com,XHR,18861,1.7782441571371599
guardian,news,https://www.theguardian.com,Preflight,0,0.0
guardian,news,https://www.theguardian.com,Fetch,2231,0.21034211943020006
cnn,news,https://www.cnn.com,Script,5019422,37.37775433911127
cnn,news,https://www.cnn.com,Image,2785916,20.74567228206744
cnn,news,https://www.cnn.com,Document,572684,4.26456310426571
cnn,news,https://www.cnn.com,Font,143497,1.0685683758806193
cnn,news,https://www.cnn.com,XHR,26362,0.19630793344087255
cnn,news,https://www.cnn.com,Media,4615868,34.372638954398504
cnn,news,https://www.cnn.com,Stylesheet,38981,0.29027689680064683
cnn,news,https://www.cnn.com,Fetch,196557,1.4636863088285252
cnn,news,https://www.cnn.com,Preflight,0,0.0
cnn,news,https://www.cnn.com,Other,29615,0.22053180520641225
cnn,news,https://www.cnn.com,Script,5020623,37.38325418672137
cnn,news,https://www.cnn.com,Image,2785990,20.74431247509799
cnn,news,https://www.cnn.com,Document,572698,4.264274554418238
cnn,news,https://www.cnn.com,Font,143510,1.0685667512450914
cnn,news,https://www.cnn.com,XHR,26504,0.1973471756323594
cnn,news,https://www.cnn.com,Stylesheet,39007,0.2904437549008242
cnn,news,https://www.cnn.com,Media,4615544,34.367060534518664
cnn,news,https://www.cnn.com,Fetch,196645,1.4642067368029474
cnn,news,https://www.cnn.com,Preflight,0,0.0
cnn,news,https://www.cnn.com,Other,29618,0.22053383066251214
cnn,news,https://www.cnn.com,Image,2785882,19.716352753371527
cnn,news,https://www.cnn.com,Script,5019523,35.52436396145339
cnn,news,https://www.cnn.com,Document,572683,4.053014465027258
cnn,news,https://www.cnn.com,Font,143510,1.0156545695892172
cnn,news,https://www.cnn.com,XHR,25839,0.1828687786468942
cnn,news,https://www.cnn.com,Stylesheet,38980,0.27587077640992047
cnn,news,https://www.cnn.com,Media,5317128,37.6305856754984
cnn,news,https://www.cnn.com,Fetch,196641,1.391675355157085
cnn,news,https://www.cnn.com,Preflight,0,0.0
cnn,news,https://www.cnn.com,Other,29618,0.20961366484630642
apnews,news,https://apnews.com,Document,190253,2.2745069628105745
apnews,news,https://apnews.com,Image,1668598,19.948372793763035
apnews,news,https://apnews.com,Stylesheet,145631,1.7410433659446463
apnews,news,https://apnews.com,Script,5262998,62.92003593245903
apnews,news,https://apnews.com,Font,545966,6.527116357996132
apnews,news,https://apnews.com,Manifest,1286,0.0153743486524491
apnews,news,https://apnews.com,XHR,290415,3.47196070287792
apnews,news,https://apnews.com,Other,46655,0.557768457527226
apnews,news,https://apnews.com,Preflight,0,0.0
apnews,news,https://apnews.com,Fetch,212780,2.543821077968989
apnews,news,https://apnews.com,Document,190596,2.0918134405675453
apnews,news,https://apnews.com,Stylesheet,145006,1.5914578467698035
apnews,news,https://apnews.com,Image,1669092,18.318480341370048
apnews,news,https://apnews.com,Script,5266686,57.80249618065921
apnews,news,https://apnews.com,Font,545957,5.991942068941296
apnews,news,https://apnews.com,Manifest,1288,0.014135950971956381
apnews,news,https://apnews.com,XHR,297406,3.264065710221785
apnews,news,https://apnews.com,Other,46627,0.511736790348921
apnews,news,https://apnews.com,Preflight,0,0.0
apnews,news,https://apnews.com,Fetch,212644,2.33379282490737
apnews,news,https://apnews.com,Media,736218,8.080078845242067
apnews,news,https://apnews.com,Document,190529,2.277737968260936
apnews,news,https://apnews.com,Script,5271435,63.01900312666097
apnews,news,https://apnews.com,Font,546576,6.534212155315933
apnews,news,https://apnews.com,Stylesheet,144951,1.732861644355405
apnews,news,https://apnews.com,Image,1663610,19.8881412350801
apnews,news,https://apnews.com,Manifest,1288,0.01539779510268823
apnews,news,https://apnews.com,XHR,287485,3.4368285132735448
apnews,news,https://apnews.com,Other,46639,0.5575603771694693
apnews,news,https://apnews.com,Preflight,0,0.0
apnews,news,https://apnews.com,Fetch,212321,2.538257184780953
elmundo,news,https://www.elmundo.es,Document,92696,1.348460993391674
elmundo,news,https://www.elmundo.es,Stylesheet,45563,0.6628109976903518
elmundo,news,https://www.elmundo.es,Font,495334,7.205689325328725
elmundo,news,https://www.elmundo.es,Image,260198,3.7851347799098862
elmundo,news,https://www.elmundo.es,Script,3512758,51.10055603504521
elmundo,news,https://www.elmundo.es,XHR,330204,4.803521337079316
elmundo,news,https://www.elmundo.es,Fetch,115480,1.6799028600680777
elmundo,news,https://www.elmundo.es,Preflight,0,0.0
elmundo,news,https://www.elmundo.es,Media,1997406,29.0565297204463
elmundo,news,https://www.elmundo.es,Other,24568,0.35739395104046184
elmundo,news,https://www.elmundo.es,Ping,0,0.0
elmundo,news,https://www.elmundo.es,Document,92696,1.3551499968714713
elmundo,news,https://www.elmundo.es,Font,495329,7.241359851561545
elmundo,news,https://www.elmundo.es,Stylesheet,45458,0.6645638275414618
elmundo,news,https://www.elmundo.es,Script,3463884,50.63953559768641
elmundo,news,https://www.elmundo.es,XHR,329766,4.820945821484397
elmundo,news,https://www.elmundo.es,Image,275026,4.020685715020856
elmundo,news,https://www.elmundo.es,Fetch,115765,1.6924024703096774
elmundo,news,https://www.elmundo.es,Preflight,0,0.0
elmundo,news,https://www.elmundo.es,Media,1997404,29.200634594276604
elmundo,news,https://www.elmundo.es,Other,24575,0.35926912890649443
elmundo,news,https://www.elmundo.es,Ping,373,0.005452996341083313
elmundo,news,https://www.elmundo.es,Document,92621,1.3519050167804019
elmundo,news,https://www.elmundo.es,Font,495319,7.22972372363343
elmundo,news,https://www.elmundo.es,Stylesheet,45454,0.6634509520814543
elmundo,news,https://www.elmundo.es,Image,275308,4.018422024808401
elmundo,news,https://www.elmundo.es,Script,3472685,50.68764398136546
elmundo,news,https://www.elmundo.es,XHR,331561,4.839496218662364
elmundo,news,https://www.elmundo.es,Fetch,115873,1.691293443273075
elmundo,news,https://www.elmundo.es,Preflight,0,0.0
elmundo,news,https://www.elmundo.es,Media,1997396,29.154183963648716
elmundo,news,https://www.elmundo.es,Other,24557,0.3584363319017969
elmundo,news,https://www.elmundo.es,Ping,373,0.0054443438449065535
abc_es,news,https://www.abc.es,Stylesheet,32932,1.4772177779292934
abc_es,news,https://www.abc.es,Image,160320,7.191411215766559
abc_es,news,https://www.abc.es,Font,180215,8.083833409739087
abc_es,news,https://www.abc.es,Document,87659,3.9320853029121805
abc_es,news,https://www.abc.es,Script,1730547,77.62646647462059
abc_es,news,https://www.abc.es,Preflight,0,0.0
abc_es,news,https://www.abc.es,Fetch,5654,0.25361925532649776
abc_es,news,https://www.abc.es,XHR,7238,0.32467212063197576
abc_es,news,https://www.abc.es,Other,24396,1.0943217815608843
abc_es,news,https://www.abc.es,Ping,365,0.016372661512941578
abc_es,news,https://www.abc.es,Document,87660,4.055051745161785
abc_es,news,https://www.abc.es,Script,1663118,76.93394419701094
abc_es,news,https://www.abc.es,Font,180198,8.335754213719639
abc_es,news,https://www.abc.es,Image,160308,7.415665470720917
abc_es,news,https://www.abc.es,Stylesheet,32794,1.5170130838562126
abc_es,news,https://www.abc.es,Preflight,0,0.0
abc_es,news,https://www.abc.es,Fetch,5667,0.2621489646341757
abc_es,news,https://www.abc.es,XHR,7241,0.3349604116668548
abc_es,news,https://www.abc.es,Other,24397,1.1285774290065262
abc_es,news,https://www.abc.es,Ping,365,0.016884484222952908
abc_es,news,https://www.abc.es,Document,87661,4.056619882948924
abc_es,news,https://www.abc.es,Stylesheet,32941,1.5243850237188776
abc_es,news,https://www.abc.es,Font,180233,8.340502291367125
abc_es,news,https://www.abc.es,Script,1662088,76.91515301001371
abc_es,news,https://www.abc.es,Image,160316,7.418818780926978
abc_es,news,https://www.abc.es,Preflight,0,0.0
abc_es,news,https://www.abc.es,Fetch,5732,0.2652553036020948
abc_es,news,https://www.abc.es,XHR,7228,0.33448453147870577
abc_es,news,https://www.abc.es,Other,24373,1.1278903549710149
abc_es,news,https://www.abc.es,Ping,365,0.016890820972568846
lavanguardia,news,https://www.lavanguardia.com,Document,86719,1.299636705988424
lavanguardia,news,https://www.lavanguardia.com,Image,582258,8.726160001330824
lavanguardia,news,https://www.lavanguardia.com,Stylesheet,52483,0.786550043708881
lavanguardia,news,https://www.lavanguardia.com,Script,2435369,36.49828693857542
lavanguardia,news,https://www.lavanguardia.com,Font,226943,3.401139922821191
lavanguardia,news,https://www.lavanguardia.com,XHR,15284,0.22905761614325665
lavanguardia,news,https://www.lavanguardia.com,Fetch,31149,0.4668225389457145
lavanguardia,news,https://www.lavanguardia.com,Other,24033,0.360176765818561
lavanguardia,news,https://www.lavanguardia.com,Media,3218027,48.22779333320045
lavanguardia,news,https://www.lavanguardia.com,Ping,292,0.0043761334672749895
lavanguardia,news,https://www.lavanguardia.com,Preflight,0,0.0
lavanguardia,news,https://www.lavanguardia.com,Document,86758,1.3061278318530913
lavanguardia,news,https://www.lavanguardia.com,Image,578912,8.715427688440682
lavanguardia,news,https://www.lavanguardia.com,Stylesheet,52483,0.7901231817140296
lavanguardia,news,https://www.lavanguardia.com,Script,2409614,36.27635387425776
lavanguardia,news,https://www.lavanguardia.com,Font,226943,3.4165906146319194
lavanguardia,news,https://www.lavanguardia.com,XHR,14173,0.2133722510990786
lavanguardia,news,https://www.lavanguardia.com,Fetch,31137,0.46876256138234745
lavanguardia,news,https://www.lavanguardia.com,Other,24041,0.3619334148502751
lavanguardia,news,https://www.lavanguardia.com,Media,3218029,48.446912568412955
lavanguardia,news,https://www.lavanguardia.com,Ping,292,0.004396013357858671
lavanguardia,news,https://www.lavanguardia.com,Preflight,0,0.0
lavanguardia,news,https://www.lavanguardia.com,Document,86720,1.30471819922409
lavanguardia,news,https://www.lavanguardia.com,Image,582262,8.760237870348444
lavanguardia,news,https://www.lavanguardia.com,Stylesheet,52483,0.7896162967006216
lavanguardia,news,https://www.lavanguardia.com,Script,2410547,36.2671187844215
lavanguardia,news,https://www.lavanguardia.com,Font,226943,3.414398780979158
lavanguardia,news,https://www.lavanguardia.com,XHR,14173,0.2132353671310312
lavanguardia,news,https://www.lavanguardia.com,Fetch,31145,0.46858219920242483
lavanguardia,news,https://www.lavanguardia.com,Other,24041,0.36170122494864326
lavanguardia,news,https://www.lavanguardia.com,Ping,301,0.004528599838174021
lavanguardia,news,https://www.lavanguardia.com,Media,3218031,48.415862677205915
lavanguardia,news,https://www.lavanguardia.com,Preflight,0,0.0
20minutos,news,https://www.20minutos.es,Document,94703,6.333373681954335
20minutos,news,https://www.20minutos.es,Stylesheet,16085,1.07570315274316
20minutos,news,https://www.20minutos.es,Font,87395,5.8446426505432685
20minutos,news,https://www.20minutos.es,Script,1045078,69.89081128147443
20minutos,news,https://www.20minutos.es,Other,48745,3.2598787802589584
20minutos,news,https://www.20minutos.es,Image,195800,13.09435357830965
20minutos,news,https://www.20minutos.es,XHR,7020,0.46947069519782303
20minutos,news,https://www.20minutos.es,Fetch,475,0.03176617951837122
20minutos,news,https://www.20minutos.es,Document,94712,6.345531020824373
20minutos,news,https://www.20minutos.es,Stylesheet,16084,1.0775986246614917
20minutos,news,https://www.20minutos.es,Script,1041716,69.79306944092704
20minutos,news,https://www.20minutos.es,Font,87394,5.855238386201592
20minutos,news,https://www.20minutos.es,Other,48878,3.2747367306767217
20minutos,news,https://www.20minutos.es,Image,195543,13.10102386608941
20minutos,news,https://www.20minutos.es,XHR,7776,0.5209777981452226
20minutos,news,https://www.20minutos.es,Preflight,0,0.0
20minutos,news,https://www.20minutos.es,Fetch,475,0.03182413247414875
20minutos,news,https://www.20minutos.es,Stylesheet,16086,1.078724200412284
20minutos,news,https://www.20minutos.es,Font,87397,5.860826740235756
20minutos,news,https://www.20minutos.es,Document,94704,6.350832815855087
20minutos,news,https://www.20minutos.es,Script,1040796,69.79558826882403
20minutos,news,https://www.20minutos.es,Image,195539,13.112809363696229
20minutos,news,https://www.20minutos.es,Other,48605,3.259442357393948
20minutos,news,https://www.20minutos.es,XHR,7604,0.5099228409756935
20minutos,news,https://www.20minutos.es,Preflight,0,0.0
20minutos,news,https://www.20minutos.es,Fetch,475,0.031853412606977174
santander,banking,https://www.santander.com,Document,29784,0.09666030280728664
santander,banking,https://www.santander.com,Script,667340,2.1657697581055153
santander,banking,https://www.santander.com,Stylesheet,185190,0.6010113308112212
santander,banking,https://www.santander.com,Image,5038054,16.350383601915848
santander,banking,https://www.santander.com,XHR,32805,0.10646458613997577
santander,banking,https://www.santander.com,Manifest,5770,0.018725824173987507
santander,banking,https://www.santander.com,Font,342888,1.1128007624558454
santander,banking,https://www.santander.com,Fetch,48880,0.1586340183058075
santander,banking,https://www.santander.com,Other,7164,0.02324987944236508
santander,banking,https://www.santander.com,Media,24455188,79.36629993584215
santander,banking,https://www.santander.com,Document,29777,0.09664532606397248
santander,banking,https://www.santander.com,Script,665176,2.158919683310238
santander,banking,https://www.santander.com,Stylesheet,185275,0.6013353523357793
santander,banking,https://www.santander.com,Image,5037812,16.35090786140287
santander,banking,https://www.santander.com,XHR,33120,0.10749548978200517
santander,banking,https://www.santander.com,Manifest,5773,0.01873706106616896
santander,banking,https://www.santander.com,Font,342618,1.1120135784459857
santander,banking,https://www.santander.com,Fetch,48917,0.15876681381842836
santander,banking,https://www.santander.com,Other,7189,0.023332882730761933
santander,banking,https://www.santander.com,Media,24454938,79.37184595104378
santander,banking,https://www.santander.com,Document,29777,0.09664339699739154
santander,banking,https://www.santander.com,Stylesheet,185229,0.6011740532098545
santander,banking,https://www.santander.com,Script,665630,2.16035008037659
santander,banking,https://www.santander.com,Image,5038485,16.3527657628506
santander,banking,https://www.santander.com,XHR,32773,0.10636713066445622
santander,banking,https://www.santander.com,Manifest,5771,0.018730195925444018
santander,banking,https://www.santander.com,Font,342680,1.1121926078203357
santander,banking,https://www.santander.com,Fetch,48905,0.15872469792650143
santander,banking,https://www.santander.com,Other,7135,0.02315715611298615
santander,banking,https://www.santander.com,Media,24454825,79.36989491811585
bbva,banking,https://www.bbva.com,Document,39881,4.041352907258951
bbva,banking,https://www.bbva.com,Script,310101,31.424176372054564
bbva,banking,https://www.bbva.com,Stylesheet,111742,11.323408554522949
bbva,banking,https://www.bbva.com,XHR,5856,0.5934194886012993
bbva,banking,https://www.bbva.com,Image,93163,9.440700105287373
bbva,banking,https://www.bbva.com,Font,375889,38.09082277166219
bbva,banking,https://www.bbva.com,Other,1508,0.15281362513844934
bbva,banking,https://www.bbva.com,Fetch,48683,4.933306175474224
bbva,banking,https://www.bbva.com,Document,39880,4.041239286358487
bbva,banking,https://www.bbva.com,Stylesheet,111742,11.323374130799149
bbva,banking,https://www.bbva.com,Script,310101,31.424080840999324
bbva,banking,https://www.bbva.com,XHR,5859,0.5937216895379732
bbva,banking,https://www.bbva.com,Image,93163,9.440671405090665
bbva,banking,https://www.bbva.com,Font,375889,38.090706973671146
bbva,banking,https://www.bbva.com,Other,1508,0.1528131605774473
bbva,banking,https://www.bbva.com,Fetch,48684,4.933392512965812
bbva,banking,https://www.bbva.com,Document,39880,4.041173764391869
bbva,banking,https://www.bbva.com,Stylesheet,111742,11.323190541140324
bbva,banking,https://www.bbva.com,Script,310077,31.421139351588195
bbva,banking,https://www.bbva.com,XHR,5854,0.5932053966085756
bbva,banking,https://www.bbva.com,Image,93185,9.442747673893086
bbva,banking,https://www.bbva.com,Font,375889,38.0900893962762
bbva,banking,https://www.bbva.com,Other,1508,0.15281068296647285
bbva,banking,https://www.bbva.com,Fetch,48707,4.935643193135274
caixabank,banking,https://www.caixabank.es,Document,36662,0.34209276945287553
caixabank,banking,https://www.caixabank.es,Stylesheet,115861,1.081097876863772
caixabank,banking,https://www.caixabank.es,Script,664093,6.19664539698512
caixabank,banking,https://www.caixabank.es,Image,9203402,85.87685556074773
caixabank,banking,https://www.caixabank.es,XHR,44004,0.41060090085113565
caixabank,banking,https://www.caixabank.es,Font,354508,3.307910738999509
caixabank,banking,https://www.caixabank.es,Other,297356,2.7746259765814534
caixabank,banking,https://www.caixabank.es,Preflight,0,0.0
caixabank,banking,https://www.caixabank.es,Fetch,1090,0.010170779518401458
caixabank,banking,https://www.caixabank.es,Document,36541,0.3363321361071477
caixabank,banking,https://www.caixabank.es,Script,840538,7.736513533270291
caixabank,banking,https://www.caixabank.es,Stylesheet,115731,1.0652159066204072
caixabank,banking,https://www.caixabank.es,Image,9203564,84.71181248238538
caixabank,banking,https://www.caixabank.es,XHR,42503,0.3912078153570537
caixabank,banking,https://www.caixabank.es,Font,327259,3.012170398464438
caixabank,banking,https://www.caixabank.es,Preflight,0,0.0
caixabank,banking,https://www.caixabank.es,Other,297332,2.7367151061276496
caixabank,banking,https://www.caixabank.es,Fetch,1090,0.010032621667627896
caixabank,banking,https://www.caixabank.es,Stylesheet,115859,1.0736090152058857
caixabank,banking,https://www.caixabank.es,Script,739029,6.848222381503296
caixabank,banking,https://www.caixabank.es,Document,36635,0.3394787308026793
caixabank,banking,https://www.caixabank.es,Image,9203311,85.28260781936228
caixabank,banking,https://www.caixabank.es,XHR,43812,0.40598449990247
caixabank,banking,https://www.caixabank.es,Font,354473,3.2847289243569855
caixabank,banking,https://www.caixabank.es,Other,297333,2.7552403293504315
caixabank,banking,https://www.caixabank.es,Preflight,0,0.0
caixabank,banking,https://www.caixabank.es,Fetch,1093,0.010128299515963656
ing_es,banking,https://www.ing.es,Document,16799,0.7914212368860054
ing_es,banking,https://www.ing.es,Stylesheet,5918,0.27880414785947855
ing_es,banking,https://www.ing.es,Image,527438,24.84824301093404
ing_es,banking,https://www.ing.es,Script,1493348,70.35343301751547
ing_es,banking,https://www.ing.es,Font,75731,3.5677791351041184
ing_es,banking,https://www.ing.es,XHR,107,0.005040899598000035
ing_es,banking,https://www.ing.es,Other,3296,0.15527855210287958
ing_es,banking,https://www.ing.es,Document,16799,0.7917166428273507
ing_es,banking,https://www.ing.es,Script,1492586,70.34378100191108
ing_es,banking,https://www.ing.es,Stylesheet,5915,0.27876682792569674
ing_es,banking,https://www.ing.es,Image,527408,24.85610400382686
ing_es,banking,https://www.ing.es,Font,75728,3.5689694581837976
ing_es,banking,https://www.ing.es,XHR,107,0.0050427811645054185
ing_es,banking,https://www.ing.es,Other,3302,0.1556192841607186
ing_es,banking,https://www.ing.es,Document,16800,0.7903992833713165
ing_es,banking,https://www.ing.es,Stylesheet,5917,0.2783805095064333
ing_es,banking,https://www.ing.es,Image,527208,24.803858654025294
ing_es,banking,https://www.ing.es,Script,1496444,70.40406340507775
ing_es,banking,https://www.ing.es,Font,75729,3.5628659125253823
ing_es,banking,https://www.ing.es,XHR,107,0.005034090673853027
ing_es,banking,https://www.ing.es,Other,3303,0.15539814481996775
chase,banking,https://www.chase.com,Document,51847,3.717712825381437
chase,banking,https://www.chase.com,Font,87318,6.2611770880987585
chase,banking,https://www.chase.com,Stylesheet,57557,4.127150984444218
chase,banking,https://www.chase.com,Image,33710,2.4171909530659104
chase,banking,https://www.chase.com,Other,5168,0.37057380140743473
chase,banking,https://www.chase.com,Script,1153271,82.69582401759938
chase,banking,https://www.chase.com,Fetch,5616,0.40269784611148485
chase,banking,https://www.chase.com,XHR,107,0.007672483891369102
chase,banking,https://www.chase.com,Preflight,0,0.0
chase,banking,https://www.chase.com,Document,51849,3.7186561801169624
chase,banking,https://www.chase.com,Stylesheet,57554,4.127823830555105
chase,banking,https://www.chase.com,Image,33689,2.4162049037003674
chase,banking,https://www.chase.com,Font,87280,6.259798865949362
chase,banking,https://www.chase.com,Other,5119,0.3671392116727175
chase,banking,https://www.chase.com,Script,1153086,82.70034870694415
chase,banking,https://www.chase.com,Fetch,5610,0.4023541663379459
chase,banking,https://www.chase.com,XHR,107,0.007674134723379718
chase,banking,https://www.chase.com,Preflight,0,0.0
chase,banking,https://www.chase.com,Document,51855,3.7495661479724647
chase,banking,https://www.chase.com,Stylesheet,57556,4.161797882802105
chase,banking,https://www.chase.com,Script,1153228,83.38838433504947
chase,banking,https://www.chase.com,Font,87315,6.313631630705154
chase,banking,https://www.chase.com,Image,22157,1.6021432290160236
chase,banking,https://www.chase.com,Other,5129,0.37087117487129057
chase,banking,https://www.chase.com,Fetch,5613,0.40586857175912533
chase,banking,https://www.chase.com,XHR,107,0.0077370278243766985
chase,banking,https://www.chase.com,Preflight,0,0.0
hsbc,banking,https://www.hsbc.com,Document,20895,0.4721218754547237
hsbc,banking,https://www.hsbc.com,Script,514420,11.623303908658482
hsbc,banking,https://www.hsbc.com,Stylesheet,114668,2.5909198954124077
hsbc,banking,https://www.hsbc.com,Image,1612650,36.43777661890692
hsbc,banking,https://www.hsbc.com,Font,107616,2.431580174631996
hsbc,banking,https://www.hsbc.com,XHR,2053618,46.4014348709059
hsbc,banking,https://www.hsbc.com,Fetch,1233,0.0278595966707669
hsbc,banking,https://www.hsbc.com,Preflight,0,0.0
hsbc,banking,https://www.hsbc.com,Other,664,0.015003059358790935
hsbc,banking,https://www.hsbc.com,Document,20895,0.47212784937460855
hsbc,banking,https://www.hsbc.com,Stylesheet,114668,2.5909526792097446
hsbc,banking,https://www.hsbc.com,Image,1612650,36.4382376785816
hsbc,banking,https://www.hsbc.com,Script,514404,11.623089458229057
hsbc,banking,https://www.hsbc.com,Font,107616,2.43161094224924
hsbc,banking,https://www.hsbc.com,XHR,2053578,46.40111819397032
hsbc,banking,https://www.hsbc.com,Fetch,1233,0.02785994918779097
hsbc,banking,https://www.hsbc.com,Preflight,0,0.0
hsbc,banking,https://www.hsbc.com,Other,664,0.015003249197642501
hsbc,banking,https://www.hsbc.com,Document,20895,0.47210811467877783
hsbc,banking,https://www.hsbc.com,Stylesheet,114668,2.590844378750232
hsbc,banking,https://www.hsbc.com,Image,1612635,36.43637566475285
hsbc,banking,https://www.hsbc.com,Script,514409,11.62271659075355
hsbc,banking,https://www.hsbc.com,Font,107616,2.431509302190541
hsbc,banking,https://www.hsbc.com,XHR,2053773,46.40358454214776
hsbc,banking,https://www.hsbc.com,Fetch,1233,0.02785878465656535
hsbc,banking,https://www.hsbc.com,Preflight,0,0.0
hsbc,banking,https://www.hsbc.com,Other,664,0.015002622069715648
barclays,banking,https://www.barclays.co.uk,Document,42321,3.365192706800996
barclays,banking,https://www.barclays.co.uk,Script,364897,29.01511597395059
barclays,banking,https://www.barclays.co.uk,Stylesheet,282776,22.485190162291964
barclays,banking,https://www.barclays.co.uk,Image,232248,18.467410405451613
barclays,banking,https://www.barclays.co.uk,Other,90095,7.1639856553303485
barclays,banking,https://www.barclays.co.uk,Font,243502,19.36228242459904
barclays,banking,https://www.barclays.co.uk,XHR,1771,0.14082267157544867
barclays,banking,https://www.barclays.co.uk,Stylesheet,282798,22.48626006640968
barclays,banking,https://www.barclays.co.uk,Script,364893,29.013921224380752
barclays,banking,https://www.barclays.co.uk,Document,42321,3.365091027060036
barclays,banking,https://www.barclays.co.uk,Image,232250,18.467011437222496
barclays,banking,https://www.barclays.co.uk,Other,90095,7.163769194560005
barclays,banking,https://www.barclays.co.uk,Font,243520,19.36312863376716
barclays,banking,https://www.barclays.co.uk,XHR,1771,0.14081841659987532
barclays,banking,https://www.barclays.co.uk,Document,42321,3.3653666469191954
barclays,banking,https://www.barclays.co.uk,Stylesheet,282744,22.48380773650247
barclays,banking,https://www.barclays.co.uk,Script,364878,29.015104827262643
barclays,banking,https://www.barclays.co.uk,Image,232232,18.467092628892008
barclays,banking,https://www.barclays.co.uk,Other,90095,7.1643559475008844
barclays,banking,https://www.barclays.co.uk,Font,243502,19.363283222469178
barclays,banking,https://www.barclays.co.uk,XHR,1773,0.14098899045362195
paypal,banking,https://www.paypal.com,Document,65373,5.854008428239078
paypal,banking,https://www.paypal.com,Stylesheet,91527,8.196041628981966
paypal,banking,https://www.paypal.com,Script,685833,61.414837354328114
paypal,banking,https://www.paypal.com,Image,29667,2.6566146274542812
paypal,banking,https://www.paypal.com,Font,216244,19.364174790144727
paypal,banking,https://www.paypal.com,XHR,22712,2.033809667938842
paypal,banking,https://www.paypal.com,Fetch,4410,0.39490580466758957
paypal,banking,https://www.paypal.com,Other,956,0.08560769824540038
paypal,banking,https://www.paypal.com,Document,65368,5.945815653154689
paypal,banking,https://www.paypal.com,Stylesheet,87385,7.948462563500834
paypal,banking,https://www.paypal.com,Script,674976,61.39522191750918
paypal,banking,https://www.paypal.com,Image,28492,2.591607202142997
paypal,banking,https://www.paypal.com,Font,215429,19.5952319230122
paypal,banking,https://www.paypal.com,Other,869,0.07904347391065085
paypal,banking,https://www.paypal.com,XHR,22682,2.063134724098254
paypal,banking,https://www.paypal.com,Fetch,4194,0.3814825426711964
paypal,banking,https://www.paypal.com,Document,41797,3.8261905982467836
paypal,banking,https://www.paypal.com,Stylesheet,90015,8.240173857003713
paypal,banking,https://www.paypal.com,Script,685779,62.77773912661389
paypal,banking,https://www.paypal.com,Font,216282,19.79893664545328
paypal,banking,https://www.paypal.com,Image,29661,2.715234091791225
paypal,banking,https://www.paypal.com,XHR,23773,2.1762334400105456
paypal,banking,https://www.paypal.com,Fetch,4129,0.37797786875041195
paypal,banking,https://www.paypal.com,Other,956,0.08751437213015108
deutsche_bank,banking,https://www.db.com,Document,28566,1.0486168213320803
deutsche_bank,banking,https://www.db.com,Stylesheet,140628,5.162251850111594
deutsche_bank,banking,https://www.db.com,Image,1355925,49.7740587924351
deutsche_bank,banking,https://www.db.com,Script,1031043,37.84810730647246
deutsche_bank,banking,https://www.db.com,Preflight,0,0.0
deutsche_bank,banking,https://www.db.com,Manifest,230,0.008442969575942675
deutsche_bank,banking,https://www.db.com,Font,136518,5.011379654645836
deutsche_bank,banking,https://www.db.com,Fetch,30279,1.1114985903911665
deutsche_bank,banking,https://www.db.com,Other,971,0.03564401503582756
deutsche_bank,banking,https://www.db.com,Document,28550,1.0480364092620722
deutsche_bank,banking,https://www.db.com,Stylesheet,140604,5.161404948787545
deutsche_bank,banking,https://www.db.com,Image,1355925,49.77438767876271
deutsche_bank,banking,https://www.db.com,Script,1031064,37.84912827598561
deutsche_bank,banking,https://www.db.com,Manifest,230,0.008443025363582367
deutsche_bank,banking,https://www.db.com,Preflight,0,0.0
deutsche_bank,banking,https://www.db.com,Font,136518,5.011412767763208
deutsche_bank,banking,https://www.db.com,Fetch,30280,1.1115426435185831
deutsche_bank,banking,https://www.db.com,Other,971,0.035644250556689044
deutsche_bank,banking,https://www.db.com,Document,28577,1.0490421804747543
deutsche_bank,banking,https://www.db.com,Stylesheet,140559,5.1598250287066865
deutsche_bank,banking,https://www.db.com,Script,1031044,37.84892206758626
deutsche_bank,banking,https://www.db.com,Image,1355925,49.77508200861641
deutsche_bank,banking,https://www.db.com,Preflight,0,0.0
deutsche_bank,banking,https://www.db.com,Fetch,30280,1.1115581490280841
deutsche_bank,banking,https://www.db.com,Font,136518,5.011482674670277
deutsche_bank,banking,https://www.db.com,Manifest,230,0.008443143139909489
deutsche_bank,banking,https://www.db.com,Other,971,0.03564474777761789
ine,public_admin,https://www.ine.es,Document,21082,0.9827526490549361
ine,public_admin,https://www.ine.es,Script,420501,19.60195767385683
ine,public_admin,https://www.ine.es,Stylesheet,61503,2.867006743896487
ine,public_admin,https://www.ine.es,Image,1588030,74.02716484577888
ine,public_admin,https://www.ine.es,Font,39005,1.8182462326338955
ine,public_admin,https://www.ine.es,Other,3991,0.18604334609516412
ine,public_admin,https://www.ine.es,Fetch,11087,0.5168285086838097
ine,public_admin,https://www.ine.es,Document,21082,0.9827302018228197
ine,public_admin,https://www.ine.es,Script,420501,19.601509941974076
ine,public_admin,https://www.ine.es,Stylesheet,61503,2.8669412580736586
ine,public_admin,https://www.ine.es,Image,1588071,74.02738517877653
ine,public_admin,https://www.ine.es,Font,39012,1.818531004340757
ine,public_admin,https://www.ine.es,Other,3991,0.18603909664523635
ine,public_admin,https://www.ine.es,Fetch,11088,0.5168633183669207
ine,public_admin,https://www.ine.es,Document,21082,0.9826857684894503
ine,public_admin,https://www.ine.es,Script,420502,19.600670288461764
ine,public_admin,https://www.ine.es,Stylesheet,61503,2.8668116316956014
ine,public_admin,https://www.ine.es,Image,1588196,74.02986466046254
ine,public_admin,https://www.ine.es,Font,38983,1.817097017029895
ine,public_admin,https://www.ine.es,Other,3991,0.18603068504133366
ine,public_admin,https://www.ine.es,Fetch,11088,0.5168399488194206
boe,public_admin,https://www.boe.es,Document,23864,2.9896369941269616
boe,public_admin,https://www.boe.es,Stylesheet,50148,6.282447032411954
boe,public_admin,https://www.boe.es,Script,5590,0.7003046763815671
boe,public_admin,https://www.boe.es,Image,716389,89.74786526087915
boe,public_admin,https://www.boe.es,Other,2233,0.2797460362003648
boe,public_admin,https://www.boe.es,Document,23864,2.9896257580863588
boe,public_admin,https://www.boe.es,Stylesheet,50148,6.282423420906584
boe,public_admin,https://www.boe.es,Image,716391,89.74777851413195
boe,public_admin,https://www.boe.es,Script,5591,0.7004273220524988
boe,public_admin,https://www.boe.es,Other,2233,0.2797449848226131
boe,public_admin,https://www.boe.es,Document,23864,2.9896369941269616
boe,public_admin,https://www.boe.es,Stylesheet,50148,6.282447032411954
boe,public_admin,https://www.boe.es,Image,716389,89.74786526087915
boe,public_admin,https://www.boe.es,Script,5590,0.7003046763815671
boe,public_admin,https://www.boe.es,Other,2233,0.2797460362003648
aeat,public_admin,https://www.agenciatributaria.gob.es,Document,66755,2.508496307619696
aeat,public_admin,https://www.agenciatributaria.gob.es,Stylesheet,383544,14.412683811095627
aeat,public_admin,https://www.agenciatributaria.gob.es,Image,658097,24.729741510832135
aeat,public_admin,https://www.agenciatributaria.gob.es,Script,1550494,58.26392740598446
aeat,public_admin,https://www.agenciatributaria.gob.es,XHR,454,0.017060255016992616
aeat,public_admin,https://www.agenciatributaria.gob.es,Other,1812,0.06809070945108066
aeat,public_admin,https://www.agenciatributaria.gob.es,Document,66755,2.5084746272234977
aeat,public_admin,https://www.agenciatributaria.gob.es,Stylesheet,383544,14.41255924535704
aeat,public_admin,https://www.agenciatributaria.gob.es,Image,658097,24.72952777697404
aeat,public_admin,https://www.agenciatributaria.gob.es,Script,1550517,58.264288121918895
aeat,public_admin,https://www.agenciatributaria.gob.es,XHR,454,0.017060107568863277
aeat,public_admin,https://www.agenciatributaria.gob.es,Other,1812,0.06809012095766576
aeat,public_admin,https://www.agenciatributaria.gob.es,Document,66755,2.508496307619696
aeat,public_admin,https://www.agenciatributaria.gob.es,Stylesheet,383544,14.412683811095627
aeat,public_admin,https://www.agenciatributaria.gob.es,Image,658097,24.729741510832135
aeat,public_admin,https://www.agenciatributaria.gob.es,Script,1550494,58.26392740598446
aeat,public_admin,https://www.agenciatributaria.gob.es,XHR,454,0.017060255016992616
aeat,public_admin,https://www.agenciatributaria.gob.es,Other,1812,0.06809070945108066
sepe,public_admin,https://www.sepe.es,Document,16069,0.40059042776097403
sepe,public_admin,https://www.sepe.es,Stylesheet,97145,2.4217659533785434
sepe,public_admin,https://www.sepe.es,Script,983639,24.52152391389487
sepe,public_admin,https://www.sepe.es,Image,2301792,57.38227904018842
sepe,public_admin,https://www.sepe.es,Font,380912,9.495905222433763
sepe,public_admin,https://www.sepe.es,Fetch,226145,5.637657743854967
sepe,public_admin,https://www.sepe.es,XHR,1063,0.02649994552927471
sepe,public_admin,https://www.sepe.es,Other,4564,0.11377775295918136
sepe,public_admin,https://www.sepe.es,Preflight,0,0.0
sepe,public_admin,https://www.sepe.es,Document,17466,0.4352654206967636
sepe,public_admin,https://www.sepe.es,Stylesheet,97145,2.4209240406267662
sepe,public_admin,https://www.sepe.es,Script,983636,24.512924387523288
sepe,public_admin,https://www.sepe.es,Image,2301792,57.36233042691199
sepe,public_admin,https://www.sepe.es,Font,380912,9.492604026591414
sepe,public_admin,https://www.sepe.es,Fetch,226146,5.63572276588173
sepe,public_admin,https://www.sepe.es,XHR,1063,0.026490732978395725
sepe,public_admin,https://www.sepe.es,Other,4564,0.11373819878965012
sepe,public_admin,https://www.sepe.es,Preflight,0,0.0
sepe,public_admin,https://www.sepe.es,Document,17466,0.43526596305397913
sepe,public_admin,https://www.sepe.es,Stylesheet,97144,2.4209021364316814
sepe,public_admin,https://www.sepe.es,Script,983636,24.512954931556383
sepe,public_admin,https://www.sepe.es,Image,2301792,57.36240190255037
sepe,public_admin,https://www.sepe.es,Font,380909,9.492541092461245
sepe,public_admin,https://www.sepe.es,Fetch,226145,5.635704867447733
sepe,public_admin,https://www.sepe.es,XHR,1063,0.0264907659868533
sepe,public_admin,https://www.sepe.es,Other,4564,0.11373834051175774
sepe,public_admin,https://www.sepe.es,Preflight,0,0.0
administracion_es,public_admin,https://administracion.gob.es,Document,17535,0.7096983609954476
administracion_es,public_admin,https://administracion.gob.es,Stylesheet,185242,7.497344955090887
administracion_es,public_admin,https://administracion.gob.es,Script,829238,33.56195320645241
administracion_es,public_admin,https://administracion.gob.es,Image,1434303,58.05089753469367
administracion_es,public_admin,https://administracion.gob.es,Font,2220,0.0898506051559677
administracion_es,public_admin,https://administracion.gob.es,Ping,552,0.02234123155229467
administracion_es,public_admin,https://administracion.gob.es,Other,1678,0.06791410605933054
administracion_es,public_admin,https://administracion.gob.es,Document,17488,0.7078419563119686
administracion_es,public_admin,https://administracion.gob.es,Stylesheet,185215,7.496737645146458
administracion_es,public_admin,https://administracion.gob.es,Script,829273,33.565543380414866
administracion_es,public_admin,https://administracion.gob.es,Image,1434182,58.04975941144852
administracion_es,public_admin,https://administracion.gob.es,Font,2220,0.0898564240057508
administracion_es,public_admin,https://administracion.gob.es,Ping,552,0.022342678401429932
administracion_es,public_admin,https://administracion.gob.es,Other,1678,0.06791850427101345
administracion_es,public_admin,https://administracion.gob.es,Document,17625,0.7130462996639276
administracion_es,public_admin,https://administracion.gob.es,Stylesheet,185215,7.493155766936417
administracion_es,public_admin,https://administracion.gob.es,Script,829246,33.54841371977948
administracion_es,public_admin,https://administracion.gob.es,Image,1434183,58.02206418104458
administracion_es,public_admin,https://administracion.gob.es,Font,2220,0.0898134913619245
administracion_es,public_admin,https://administracion.gob.es,Ping,552,0.022332003257559605
administracion_es,public_admin,https://administracion.gob.es,Other,1678,0.06788605338076996
administracion_es,public_admin,https://administracion.gob.es,Fetch,1070,0.04328848457534199
europa_eu,public_admin,https://europa.eu,Document,22627,2.133596099989628
europa_eu,public_admin,https://europa.eu,Stylesheet,223799,21.1029598966535
europa_eu,public_admin,https://europa.eu,Script,395371,37.28121375564587
europa_eu,public_admin,https://europa.eu,Image,412018,38.850930212822135
europa_eu,public_admin,https://europa.eu,XHR,938,0.08844801086269813
europa_eu,public_admin,https://europa.eu,Ping,0,0.0
europa_eu,public_admin,https://europa.eu,Other,5757,0.542852024026176
europa_eu,public_admin,https://europa.eu,Preflight,0,0.0
europa_eu,public_admin,https://europa.eu,Document,22618,2.1471588924161185
europa_eu,public_admin,https://europa.eu,Stylesheet,223785,21.244228169570302
europa_eu,public_admin,https://europa.eu,Script,388231,36.85532071631453
europa_eu,public_admin,https://europa.eu,Image,412059,39.11734662879536
europa_eu,public_admin,https://europa.eu,XHR,941,0.08933046767015508
europa_eu,public_admin,https://europa.eu,Ping,0,0.0
europa_eu,public_admin,https://europa.eu,Other,5758,0.5466151252335313
europa_eu,public_admin,https://europa.eu,Preflight,0,0.0
europa_eu,public_admin,https://europa.eu,Document,22626,2.109731001371614
europa_eu,public_admin,https://europa.eu,Stylesheet,242605,22.621377600449062
europa_eu,public_admin,https://europa.eu,Script,388449,36.22040562856016
europa_eu,public_admin,https://europa.eu,Image,412072,38.42310055675788
europa_eu,public_admin,https://europa.eu,Preflight,0,0.0
europa_eu,public_admin,https://europa.eu,XHR,943,0.0879287693049338
europa_eu,public_admin,https://europa.eu,Other,5764,0.5374564435563504
europa_eu,public_admin,https://europa.eu,Ping,0,0.0
worldbank,public_admin,https://www.worldbank.org,Document,8301,0.3401952977559241
worldbank,public_admin,https://www.worldbank.org,Stylesheet,83118,3.4063790819030118
worldbank,public_admin,https://www.worldbank.org,Script,531085,21.76516319825382
worldbank,public_admin,https://www.worldbank.org,Image,1594083,65.32942306139702
worldbank,public_admin,https://www.worldbank.org,XHR,10503,0.4304386474316915
worldbank,public_admin,https://www.worldbank.org,Other,5211,0.21355953458693178
worldbank,public_admin,https://www.worldbank.org,Fetch,88798,3.6391593844272436
worldbank,public_admin,https://www.worldbank.org,Preflight,0,0.0
worldbank,public_admin,https://www.worldbank.org,Font,118970,4.875681794244343
worldbank,public_admin,https://www.worldbank.org,Document,8301,0.3401575190342329
worldbank,public_admin,https://www.worldbank.org,Script,531140,21.764999959022102
worldbank,public_admin,https://www.worldbank.org,Stylesheet,83202,3.4094429464746714
worldbank,public_admin,https://www.worldbank.org,Image,1594302,65.33114238179925
worldbank,public_admin,https://www.worldbank.org,XHR,10395,0.4259652343525902
worldbank,public_admin,https://www.worldbank.org,Other,5211,0.21353581877935043
worldbank,public_admin,https://www.worldbank.org,Fetch,88834,3.6402304596900437
worldbank,public_admin,https://www.worldbank.org,Preflight,0,0.0
worldbank,public_admin,https://www.worldbank.org,Font,118955,4.874525680847751
worldbank,public_admin,https://www.worldbank.org,Document,8301,0.34019920157079325
worldbank,public_admin,https://www.worldbank.org,Script,530937,21.759347486374203
worldbank,public_admin,https://www.worldbank.org,Stylesheet,83091,3.405311632058641
worldbank,public_admin,https://www.worldbank.org,Image,1594366,65.34177089647264
worldbank,public_admin,https://www.worldbank.org,XHR,10397,0.42609939751012377
worldbank,public_admin,https://www.worldbank.org,Other,5211,0.2135619852289367
worldbank,public_admin,https://www.worldbank.org,Fetch,88704,3.6353487502873927
worldbank,public_admin,https://www.worldbank.org,Preflight,0,0.0
worldbank,public_admin,https://www.worldbank.org,Font,119034,4.8783606504972665
gov_uk,public_admin,https://www.gov.uk,Document,13646,7.032027002653887
gov_uk,public_admin,https://www.gov.uk,Script,54235,27.948262090644405
gov_uk,public_admin,https://www.gov.uk,Stylesheet,43921,22.633274071783774
gov_uk,public_admin,https://www.gov.uk,Image,15417,7.944654865888537
gov_uk,public_admin,https://www.gov.uk,Font,65601,33.805364458529795
gov_uk,public_admin,https://www.gov.uk,Other,1235,0.6364175104996006
gov_uk,public_admin,https://www.gov.uk,Document,13646,7.031918292469262
gov_uk,public_admin,https://www.gov.uk,Script,54132,27.894753115048076
gov_uk,public_admin,https://www.gov.uk,Stylesheet,44025,22.686516402312712
gov_uk,public_admin,https://www.gov.uk,Image,15418,7.94504735697575
gov_uk,public_admin,https://www.gov.uk,Font,65602,33.80535716126107
gov_uk,public_admin,https://www.gov.uk,Other,1235,0.6364076719331334
gov_uk,public_admin,https://www.gov.uk,Document,13647,7.031817596290094
gov_uk,public_admin,https://www.gov.uk,Stylesheet,44074,22.709777148009792
gov_uk,public_admin,https://www.gov.uk,Script,54105,27.87839752672936
gov_uk,public_admin,https://www.gov.uk,Image,15415,7.942805616385417
gov_uk,public_admin,https://www.gov.uk,Font,65600,33.80136545150071
gov_uk,public_admin,https://www.gov.uk,Other,1234,0.6358366610846322
usa_gov,public_admin,https://www.usa.gov,Stylesheet,92947,7.132711077891413
usa_gov,public_admin,https://www.usa.gov,Document,10122,0.7767577386082055
usa_gov,public_admin,https://www.usa.gov,Image,123098,9.446485290179101
usa_gov,public_admin,https://www.usa.gov,Other,28311,2.1725734378321384
usa_gov,public_admin,https://www.usa.gov,Script,943527,72.40583865202373
usa_gov,public_admin,https://www.usa.gov,Font,101506,7.789524897763734
usa_gov,public_admin,https://www.usa.gov,XHR,3598,0.27610890570167196
usa_gov,public_admin,https://www.usa.gov,Document,10112,0.8041147263051756
usa_gov,public_admin,https://www.usa.gov,Image,123081,9.787504413406577
usa_gov,public_admin,https://www.usa.gov,Stylesheet,92936,7.390348714784197
usa_gov,public_admin,https://www.usa.gov,Script,898704,71.46569630037247
usa_gov,public_admin,https://www.usa.gov,Other,28309,2.2511554377940284
usa_gov,public_admin,https://www.usa.gov,Font,101502,8.071524223638047
usa_gov,public_admin,https://www.usa.gov,XHR,2888,0.22965618369950028
usa_gov,public_admin,https://www.usa.gov,Document,10114,0.8041529083159143
usa_gov,public_admin,https://www.usa.gov,Image,123079,9.785874609710739
usa_gov,public_admin,https://www.usa.gov,Stylesheet,92947,7.390112751556188
usa_gov,public_admin,https://www.usa.gov,Script,898875,71.46855304157282
usa_gov,public_admin,https://www.usa.gov,Other,28311,2.2509761703907305
usa_gov,public_admin,https://www.usa.gov,Font,101508,8.070788354491974
usa_gov,public_admin,https://www.usa.gov,XHR,2887,0.22954216396164173
canada_gov,public_admin,https://www.canada.ca,Document,4010,0.5114652394958304
canada_gov,public_admin,https://www.canada.ca,Script,374211,47.729655545380105
canada_gov,public_admin,https://www.canada.ca,Stylesheet,87619,11.17557925670453
canada_gov,public_admin,https://www.canada.ca,Image,217704,27.767588154414035
canada_gov,public_admin,https://www.canada.ca,XHR,15061,1.9209920129792275
canada_gov,public_admin,https://www.canada.ca,Font,81252,10.36348469813347
canada_gov,public_admin,https://www.canada.ca,Other,4165,0.5312350928928015
canada_gov,public_admin,https://www.canada.ca,Document,4011,0.511593439461443
canada_gov,public_admin,https://www.canada.ca,Script,374212,47.72984397101608
canada_gov,public_admin,https://www.canada.ca,Image,217697,27.76673073807972
canada_gov,public_admin,https://www.canada.ca,Stylesheet,87620,11.175721058492055
canada_gov,public_admin,https://www.canada.ca,Font,81252,10.363497916509889
canada_gov,public_admin,https://www.canada.ca,XHR,15062,1.9211220107624667
canada_gov,public_admin,https://www.canada.ca,Other,4167,0.5314908656783428
canada_gov,public_admin,https://www.canada.ca,Document,4012,0.5117216397540879
canada_gov,public_admin,https://www.canada.ca,Script,374214,47.73015994489936
canada_gov,public_admin,https://www.canada.ca,Stylesheet,87620,11.175735312874671
canada_gov,public_admin,https://www.canada.ca,Image,217703,27.76753144052448
canada_gov,public_admin,https://www.canada.ca,Font,81252,10.363511134920028
canada_gov,public_admin,https://www.canada.ca,XHR,15054,1.9201040789775772
canada_gov,public_admin,https://www.canada.ca,Other,4165,0.5312364480497946
khanacademy,education,https://www.khanacademy.org,Document,116441,4.06010323815209
khanacademy,education,https://www.khanacademy.org,Stylesheet,22628,0.7890005760248151
khanacademy,education,https://www.khanacademy.org,Script,1237596,43.15290599637648
khanacademy,education,https://www.khanacademy.org,Font,356876,12.443670212543394
khanacademy,education,https://www.khanacademy.org,Image,932682,32.521063958280735
khanacademy,education,https://www.khanacademy.org,Fetch,196529,6.852638068127138
khanacademy,education,https://www.khanacademy.org,Other,2340,0.08159189269480588
khanacademy,education,https://www.khanacademy.org,XHR,2840,0.09902605780053363
khanacademy,education,https://www.khanacademy.org,Document,116460,4.060222095473442
khanacademy,education,https://www.khanacademy.org,Stylesheet,22631,0.7889995384051129
khanacademy,education,https://www.khanacademy.org,Script,1237568,43.14615265542569
khanacademy,education,https://www.khanacademy.org,Font,356810,12.43970329628953
khanacademy,education,https://www.khanacademy.org,Image,933065,32.53006293588294
khanacademy,education,https://www.khanacademy.org,Fetch,196636,6.8554510730337945
khanacademy,education,https://www.khanacademy.org,Other,2306,0.08039560494729311
khanacademy,education,https://www.khanacademy.org,XHR,2840,0.09901280054219967
khanacademy,education,https://www.khanacademy.org,Document,117068,4.082939459718866
khanacademy,education,https://www.khanacademy.org,Stylesheet,22582,0.787584471242111
khanacademy,education,https://www.khanacademy.org,Script,1237571,43.16232847664381
khanacademy,education,https://www.khanacademy.org,Font,356553,12.435373570754955
khanacademy,education,https://www.khanacademy.org,Image,932645,32.52753162614465
khanacademy,education,https://www.khanacademy.org,Fetch,196608,6.857028063146265
khanacademy,education,https://www.khanacademy.org,XHR,2839,0.09901480443965782
khanacademy,education,https://www.khanacademy.org,Other,1382,0.04819952790968901
coursera,education,https://www.coursera.org,Document,108493,6.140976483919792
coursera,education,https://www.coursera.org,Image,258250,14.617599079869542
coursera,education,https://www.coursera.org,Font,29420,1.6652459435808786
coursera,education,https://www.coursera.org,Stylesheet,8528,0.4827062340876184
coursera,education,https://www.coursera.org,Script,1331806,75.38356693190605
coursera,education,https://www.coursera.org,Ping,4491,0.2542018875806161
coursera,education,https://www.coursera.org,Fetch,17343,0.9816573895147239
coursera,education,https://www.coursera.org,Other,1606,0.09090363648507448
coursera,education,https://www.coursera.org,XHR,6769,0.38314241305570934
coursera,education,https://www.coursera.org,Document,106472,6.559788947206613
coursera,education,https://www.coursera.org,Image,265486,16.35671470845006
coursera,education,https://www.coursera.org,Font,29652,1.8268733738689087
coursera,education,https://www.coursera.org,Stylesheet,8765,0.5400156860232357
coursera,education,https://www.coursera.org,Script,1182525,72.85590976778401
coursera,education,https://www.coursera.org,Ping,4492,0.27675418843312893
coursera,education,https://www.coursera.org,Fetch,17320,1.0670931753476833
coursera,education,https://www.coursera.org,Other,1605,0.09888478905502492
coursera,education,https://www.coursera.org,XHR,6784,0.41796536383133276
coursera,education,https://www.coursera.org,Image,258257,15.279598723944035
coursera,education,https://www.coursera.org,Script,1256269,74.32629593517484
coursera,education,https://www.coursera.org,Stylesheet,8505,0.503192506484409
coursera,education,https://www.coursera.org,Font,29419,1.7405550086143244
coursera,education,https://www.coursera.org,Document,108236,6.4037088926333325
coursera,education,https://www.coursera.org,Ping,4490,0.2656477782616104
coursera,education,https://www.coursera.org,Fetch,17329,1.0252584297317253
coursera,education,https://www.coursera.org,Other,1605,0.09495872697324827
coursera,education,https://www.coursera.org,XHR,6098,0.3607839981824722
edx,education,https://www.edx.org,Document,508315,8.667034730543822
edx,education,https://www.edx.org,Font,49544,0.8447509294238085
edx,education,https://www.edx.org,Stylesheet,583662,9.951740210103319
edx,education,https://www.edx.org,Script,3396869,57.91838052803412
edx,education,https://www.edx.org,Image,146406,2.4962983322546037
edx,education,https://www.edx.org,Fetch,1134970,19.351827917974727
edx,education,https://www.edx.org,XHR,40716,0.6942289448252015
edx,education,https://www.edx.org,Other,4442,0.07573840684039554
edx,education,https://www.edx.org,Stylesheet,583608,10.0528612021376
edx,education,https://www.edx.org,Document,508206,8.754034180637586
edx,education,https://www.edx.org,Font,49546,0.8534479669934434
edx,education,https://www.edx.org,Script,3397199,58.51799499499776
edx,education,https://www.edx.org,Image,96527,1.662712871068827
edx,education,https://www.edx.org,Fetch,1136107,19.569858503956322
edx,education,https://www.edx.org,XHR,30866,0.5316781364634808
edx,education,https://www.edx.org,Other,3333,0.05741214374498742
edx,education,https://www.edx.org,Document,508278,8.765768459872497
edx,education,https://www.edx.org,Stylesheet,583567,10.064203453272448
edx,education,https://www.edx.org,Font,49526,0.8541259876359891
edx,education,https://www.edx.org,Script,3396678,58.57914936460518
edx,education,https://www.edx.org,Image,96538,1.664895501239816
edx,education,https://www.edx.org,Fetch,1136061,19.592521577347846
edx,education,https://www.edx.org,XHR,24458,0.42180296017447444
edx,education,https://www.edx.org,Other,3336,0.057532695851747764
mit,education,https://www.mit.edu,Document,12205,1.0157400171606383
mit,education,https://www.mit.edu,Stylesheet,78658,6.546176015552765
mit,education,https://www.mit.edu,Script,515349,42.88902925880523
mit,education,https://www.mit.edu,Image,458466,38.15503995965336
mit,education,https://www.mit.edu,Manifest,779,0.06483092776469786
mit,education,https://www.mit.edu,Font,132515,11.028331697996068
mit,education,https://www.mit.edu,XHR,2580,0.2147160380396925
mit,education,https://www.mit.edu,Other,1035,0.08613608502755106
mit,education,https://www.mit.edu,Document,12205,1.0157476252061872
mit,education,https://www.mit.edu,Stylesheet,78656,6.546058599608181
mit,education,https://www.mit.edu,Script,515347,42.8891840562993
mit,education,https://www.mit.edu,Image,458466,38.155325746643165
mit,education,https://www.mit.edu,Manifest,779,0.06483141335810076
mit,education,https://www.mit.edu,Font,132510,11.027998182390157
mit,education,https://www.mit.edu,XHR,2580,0.2147176462951219
mit,education,https://www.mit.edu,Other,1035,0.08613673019978728
mit,education,https://www.mit.edu,Document,12205,1.0157476252061872
mit,education,https://www.mit.edu,Stylesheet,78656,6.546058599608181
mit,education,https://www.mit.edu,Script,515347,42.8891840562993
mit,education,https://www.mit.edu,Image,458466,38.155325746643165
mit,education,https://www.mit.edu,Manifest,779,0.06483141335810076
mit,education,https://www.mit.edu,Font,132510,11.027998182390157
mit,education,https://www.mit.edu,XHR,2580,0.2147176462951219
mit,education,https://www.mit.edu,Other,1035,0.08613673019978728
harvard,education,https://www.harvard.edu,Stylesheet,112995,3.948131141056895
harvard,education,https://www.harvard.edu,Document,25033,0.8746720372943693
harvard,education,https://www.harvard.edu,Image,1619578,56.58928569556745
harvard,education,https://www.harvard.edu,Script,902727,31.54196717175864
harvard,education,https://www.harvard.edu,Font,191281,6.683503454068799
harvard,education,https://www.harvard.edu,XHR,8629,0.30150381535625426
harvard,education,https://www.harvard.edu,Ping,551,0.019252358588630905
harvard,education,https://www.harvard.edu,Other,1193,0.04168432630895947
harvard,education,https://www.harvard.edu,Document,25040,0.8751141510221956
harvard,education,https://www.harvard.edu,Stylesheet,112326,3.9256418581357484
harvard,education,https://www.harvard.edu,Image,1619424,56.596679668728754
harvard,education,https://www.harvard.edu,Script,902589,31.54426543358516
harvard,education,https://www.harvard.edu,Font,191276,6.684837633822742
harvard,education,https://www.harvard.edu,XHR,8935,0.3122661717006117
harvard,education,https://www.harvard.edu,Ping,559,0.01953629434590285
harvard,education,https://www.harvard.edu,Other,1192,0.04165878865888407
harvard,education,https://www.harvard.edu,Stylesheet,112876,3.9440324478745916
harvard,education,https://www.harvard.edu,Document,25040,0.874929768017823
harvard,education,https://www.harvard.edu,Image,1619542,56.588878049325906
harvard,education,https://www.harvard.edu,Script,902851,31.54677380130429
harvard,education,https://www.harvard.edu,Font,191276,6.683429165630075
harvard,education,https://www.harvard.edu,XHR,8617,0.30108904996044644
harvard,education,https://www.harvard.edu,Ping,550,0.019217706565886686
harvard,education,https://www.harvard.edu,Other,1192,0.04165001132097623
uned,education,https://www.uned.es,Document,28837,0.580332607037124
uned,education,https://www.uned.es,Stylesheet,154870,3.1166942071588375
uned,education,https://www.uned.es,Script,598266,12.03985391967514
uned,education,https://www.uned.es,Image,1052289,21.176877578336452
uned,education,https://www.uned.es,Font,444409,8.943545915343526
uned,education,https://www.uned.es,Ping,546,0.010988022451790052
uned,education,https://www.uned.es,Other,1061,0.021352182822983966
uned,education,https://www.uned.es,Media,2688494,54.10482130678176
uned,education,https://www.uned.es,XHR,275,0.005534260392385099
uned,education,https://www.uned.es,Document,28837,0.5655747623858363
uned,education,https://www.uned.es,Stylesheet,154845,3.0369464258291368
uned,education,https://www.uned.es,Script,602686,11.82036936031037
uned,education,https://www.uned.es,Image,1334094,26.165339565501604
uned,education,https://www.uned.es,Font,287585,5.640351563641527
uned,education,https://www.uned.es,Ping,555,0.010885112637380418
uned,education,https://www.uned.es,Other,1061,0.020809197312181303
uned,education,https://www.uned.es,XHR,550,0.01078704855956618
uned,education,https://www.uned.es,Media,2688494,52.72893696382239
uned,education,https://www.uned.es,Document,28837,0.5695870123811154
uned,education,https://www.uned.es,Stylesheet,154846,3.05851061203198
uned,education,https://www.uned.es,Script,598673,11.824959789965654
uned,education,https://www.uned.es,Image,1335443,26.377604763854563
uned,education,https://www.uned.es,Font,254607,5.028985000565894
uned,education,https://www.uned.es,Ping,555,0.010962332831831297
uned,education,https://www.uned.es,Other,1061,0.020956820062293702
uned,education,https://www.uned.es,Media,2688494,53.10300188176838
uned,education,https://www.uned.es,XHR,275,0.005431786538294786
upm,education,https://www.upm.es,Document,6961,0.17242938160992713
upm,education,https://www.upm.es,Stylesheet,31458,0.779239116030037
upm,education,https://www.upm.es,Image,3514124,87.047583424882
upm,education,https://www.upm.es,Script,355138,8.797044350838428
upm,education,https://www.upm.es,Font,113897,2.8213172356307816
upm,education,https://www.upm.es,Other,15437,0.38238649100882705
upm,education,https://www.upm.es,Document,6961,0.17245996889724968
upm,education,https://www.upm.es,Stylesheet,31459,0.7794021206060304
upm,education,https://www.upm.es,Script,355161,8.799174689486582
upm,education,https://www.upm.es,Image,3514074,87.06178605697943
upm,education,https://www.upm.es,Font,113207,2.8047228413950505
upm,education,https://www.upm.es,Other,15437,0.38245432263566204
upm,education,https://www.upm.es,Document,6961,0.17245843072985764
upm,education,https://www.upm.es,Stylesheet,31461,0.7794447190334796
upm,education,https://www.upm.es,Image,3514127,87.06232262683845
upm,education,https://www.upm.es,Script,355142,8.798625485743875
upm,education,https://www.upm.es,Font,113207,2.8046978261219646
upm,education,https://www.upm.es,Other,15437,0.3824509115323678
uc3m,education,https://www.uc3m.es,Document,14597,0.254573498265754
uc3m,education,https://www.uc3m.es,Stylesheet,66518,1.1600822057711464
uc3m,education,https://www.uc3m.es,Image,4477928,78.09562211017136
uc3m,education,https://www.uc3m.es,Script,1004614,17.52059329908558
uc3m,education,https://www.uc3m.es,Font,167806,2.9265575426445927
uc3m,education,https://www.uc3m.es,Ping,556,0.009696709257776203
uc3m,education,https://www.uc3m.es,Other,1885,0.03287463480379162
uc3m,education,https://www.uc3m.es,Document,14664,0.25574501956456375
uc3m,education,https://www.uc3m.es,Stylesheet,66543,1.1605319719643186
uc3m,education,https://www.uc3m.es,Image,4477821,78.09468216391261
uc3m,education,https://www.uc3m.es,Script,1004562,17.519894186021364
uc3m,education,https://www.uc3m.es,Font,167806,2.9265922499352963
uc3m,education,https://www.uc3m.es,Ping,555,0.009679383923781565
uc3m,education,https://www.uc3m.es,Other,1885,0.03287502467806892
uc3m,education,https://www.uc3m.es,Document,14609,0.2548083765659317
uc3m,education,https://www.uc3m.es,Stylesheet,66540,1.1605824749604416
uc3m,education,https://www.uc3m.es,Script,1004108,17.513527919560858
uc3m,education,https://www.uc3m.es,Image,4477811,78.10142730365331
uc3m,education,https://www.uc3m.es,Font,167829,2.9272527230257888
uc3m,education,https://www.uc3m.es,Ping,546,0.009523264672804347
uc3m,education,https://www.uc3m.es,Other,1885,0.03287793756087215
amazon,ecommerce,https://www.amazon.com,Document,188815,4.050656645520401
amazon,ecommerce,https://www.amazon.com,Script,1032306,22.14610681942951
amazon,ecommerce,https://www.amazon.com,Other,15881,0.34069580376299274
amazon,ecommerce,https://www.amazon.com,Fetch,2258,0.04844097505804658
amazon,ecommerce,https://www.amazon.com,Stylesheet,118145,2.534569972645223
amazon,ecommerce,https://www.amazon.com,Image,2559382,54.9065365925657
amazon,ecommerce,https://www.amazon.com,XHR,2177,0.0467032784328465
amazon,ecommerce,https://www.amazon.com,Font,735407,15.77671928454954
amazon,ecommerce,https://www.amazon.com,Ping,6972,0.1495706280357399
amazon,ecommerce,https://www.amazon.com,Document,188937,4.041850740942861
amazon,ecommerce,https://www.amazon.com,Script,1033235,22.103567063720167
amazon,ecommerce,https://www.amazon.com,Other,15881,0.33973563471905227
amazon,ecommerce,https://www.amazon.com,Fetch,2259,0.04832584842455381
amazon,ecommerce,https://www.amazon.com,Stylesheet,118264,2.5299726153525595
amazon,ecommerce,https://www.amazon.com,Image,2571984,55.021385097112706
amazon,ecommerce,https://www.amazon.com,XHR,2181,0.046657226832205335
amazon,ecommerce,https://www.amazon.com,Font,735385,15.731785765245906
amazon,ecommerce,https://www.amazon.com,Ping,6391,0.13672000764998823
amazon,ecommerce,https://www.amazon.com,XHR,2238,0.05513773840666225
amazon,ecommerce,https://www.amazon.com,Document,192978,4.754410403146054
amazon,ecommerce,https://www.amazon.com,Stylesheet,118364,2.9161408707623644
amazon,ecommerce,https://www.amazon.com,Image,2556828,62.99272270546445
amazon,ecommerce,https://www.amazon.com,Script,439663,10.832003342756186
amazon,ecommerce,https://www.amazon.com,Fetch,2816,0.06937795860284224
amazon,ecommerce,https://www.amazon.com,Font,735408,18.11829040490021
amazon,ecommerce,https://www.amazon.com,Other,754,0.018576342608857613
amazon,ecommerce,https://www.amazon.com,Ping,9877,0.24334023335236954
amazon_es,ecommerce,https://www.amazon.es,Document,363786,5.735504247952332
amazon_es,ecommerce,https://www.amazon.es,Script,1215996,19.171574011899974
amazon_es,ecommerce,https://www.amazon.es,Other,16714,0.26351541290834524
amazon_es,ecommerce,https://www.amazon.es,Fetch,2257,0.03558419809346268
amazon_es,ecommerce,https://www.amazon.es,Stylesheet,126793,1.9990373189474582
amazon_es,ecommerce,https://www.amazon.es,Image,503722,7.941756062044841
amazon_es,ecommerce,https://www.amazon.es,Font,735384,11.59417365120202
amazon_es,ecommerce,https://www.amazon.es,XHR,89059,1.4041174559174534
amazon_es,ecommerce,https://www.amazon.es,Ping,5220,0.08229929731850916
amazon_es,ecommerce,https://www.amazon.es,Media,3283772,51.772438343715606
amazon_es,ecommerce,https://www.amazon.es,Document,377928,6.158788162835486
amazon_es,ecommerce,https://www.amazon.es,Script,1228679,20.022791857508686
amazon_es,ecommerce,https://www.amazon.es,Other,16713,0.272358297256275
amazon_es,ecommerce,https://www.amazon.es,Fetch,4334,0.07062770659418988
amazon_es,ecommerce,https://www.amazon.es,Stylesheet,134621,2.1938099883286655
amazon_es,ecommerce,https://www.amazon.es,Image,474307,7.729399084349428
amazon_es,ecommerce,https://www.amazon.es,Font,735404,11.984286557497374
amazon_es,ecommerce,https://www.amazon.es,XHR,89045,1.4510946316750435
amazon_es,ecommerce,https://www.amazon.es,Media,3064931,49.946711444263265
amazon_es,ecommerce,https://www.amazon.es,Ping,10440,0.17013226969158798
amazon_es,ecommerce,https://www.amazon.es,Document,372399,6.100348379316225
amazon_es,ecommerce,https://www.amazon.es,Script,1223469,20.041909702479444
amazon_es,ecommerce,https://www.amazon.es,Other,16715,0.2738120219449319
amazon_es,ecommerce,https://www.amazon.es,Fetch,4335,0.07101257045356146
amazon_es,ecommerce,https://www.amazon.es,Stylesheet,126797,2.0770890186390387
amazon_es,ecommerce,https://www.amazon.es,Image,444674,7.284300750603689
amazon_es,ecommerce,https://www.amazon.es,Font,735395,12.046664186550595
amazon_es,ecommerce,https://www.amazon.es,XHR,100893,1.6527500047915058
amazon_es,ecommerce,https://www.amazon.es,Ping,8120,0.13301547222212665
amazon_es,ecommerce,https://www.amazon.es,Media,3071756,50.319097892998876
ebay,ecommerce,https://www.ebay.com,Document,109500,2.0736503802733925
ebay,ecommerce,https://www.ebay.com,Stylesheet,122290,2.3158603196678826
ebay,ecommerce,https://www.ebay.com,Script,1509756,28.59092331981768
ebay,ecommerce,https://www.ebay.com,Image,1874250,35.49350890618636
ebay,ecommerce,https://www.ebay.com,Font,52716,0.9983064241688782
ebay,ecommerce,https://www.ebay.com,XHR,1608631,30.46336333214217
ebay,ecommerce,https://www.ebay.com,Fetch,2921,0.05531628092035232
ebay,ecommerce,https://www.ebay.com,Other,479,0.009071036823296392
ebay,ecommerce,https://www.ebay.com,Preflight,0,0.0
ebay,ecommerce,https://www.ebay.com,Document,109535,2.035365012942272
ebay,ecommerce,https://www.ebay.com,Stylesheet,122292,2.2724139148467275
ebay,ecommerce,https://www.ebay.com,Script,1509901,28.056782475067777
ebay,ecommerce,https://www.ebay.com,Image,1871758,34.78076181946228
ebay,ecommerce,https://www.ebay.com,Font,52456,0.9747305164458832
ebay,ecommerce,https://www.ebay.com,Fetch,2920,0.054259057267461844
ebay,ecommerce,https://www.ebay.com,XHR,1712249,31.816786488751465
ebay,ecommerce,https://www.ebay.com,Other,479,0.00890071521613501
ebay,ecommerce,https://www.ebay.com,Preflight,0,0.0
ebay,ecommerce,https://www.ebay.com,Document,109563,2.1360820111375025
ebay,ecommerce,https://www.ebay.com,Stylesheet,94587,1.8441042065976923
ebay,ecommerce,https://www.ebay.com,Script,1275894,24.875315768263672
ebay,ecommerce,https://www.ebay.com,Image,1860123,36.26566704821085
ebay,ecommerce,https://www.ebay.com,Font,52365,1.0209280004491967
ebay,ecommerce,https://www.ebay.com,XHR,1733234,33.791790736762394
ebay,ecommerce,https://www.ebay.com,Fetch,2912,0.05677346199385201
ebay,ecommerce,https://www.ebay.com,Other,479,0.009338766584840355
ebay,ecommerce,https://www.ebay.com,Preflight,0,0.0
aliexpress,ecommerce,https://www.aliexpress.com,Document,76234,2.268680666099452
aliexpress,ecommerce,https://www.aliexpress.com,Image,693855,20.648731846373472
aliexpress,ecommerce,https://www.aliexpress.com,Stylesheet,102164,3.0403427810607395
aliexpress,ecommerce,https://www.aliexpress.com,Script,1862410,55.424266854032055
aliexpress,ecommerce,https://www.aliexpress.com,Font,361391,10.75479149201599
aliexpress,ecommerce,https://www.aliexpress.com,XHR,73374,2.1835686858144814
aliexpress,ecommerce,https://www.aliexpress.com,Fetch,186470,5.549241595712736
aliexpress,ecommerce,https://www.aliexpress.com,Preflight,0,0.0
aliexpress,ecommerce,https://www.aliexpress.com,Ping,3779,0.11246089982409199
aliexpress,ecommerce,https://www.aliexpress.com,Other,602,0.017915179066976285
aliexpress,ecommerce,https://www.aliexpress.com,Document,76223,2.269840745164569
aliexpress,ecommerce,https://www.aliexpress.com,Image,693672,20.656822342072562
aliexpress,ecommerce,https://www.aliexpress.com,Script,1861331,55.42847885858484
aliexpress,ecommerce,https://www.aliexpress.com,Stylesheet,102185,3.04296179033417
aliexpress,ecommerce,https://www.aliexpress.com,Font,361395,10.761962873394506
aliexpress,ecommerce,https://www.aliexpress.com,XHR,73444,2.187085048972969
aliexpress,ecommerce,https://www.aliexpress.com,Fetch,185598,5.526913170841526
aliexpress,ecommerce,https://www.aliexpress.com,Preflight,0,0.0
aliexpress,ecommerce,https://www.aliexpress.com,Ping,3627,0.1080082440039344
aliexpress,ecommerce,https://www.aliexpress.com,Other,602,0.017926926630925974
aliexpress,ecommerce,https://www.aliexpress.com,Image,646024,19.515171727131246
aliexpress,ecommerce,https://www.aliexpress.com,Document,76371,2.307024475828669
aliexpress,ecommerce,https://www.aliexpress.com,Script,1861273,56.22556162940193
aliexpress,ecommerce,https://www.aliexpress.com,Stylesheet,102187,3.086877350191882
aliexpress,ecommerce,https://www.aliexpress.com,Font,361391,10.916943373063056
aliexpress,ecommerce,https://www.aliexpress.com,XHR,73293,2.214043876692863
aliexpress,ecommerce,https://www.aliexpress.com,Fetch,185525,5.604361811133988
aliexpress,ecommerce,https://www.aliexpress.com,Preflight,0,0.0
aliexpress,ecommerce,https://www.aliexpress.com,Ping,3702,0.11183046718672969
aliexpress,ecommerce,https://www.aliexpress.com,Other,602,0.01818528936964108
otto_de,ecommerce,https://www.otto.de,Document,60017,1.8185889565347026
otto_de,ecommerce,https://www.otto.de,Script,1600578,48.499483061006075
otto_de,ecommerce,https://www.otto.de,Stylesheet,121092,3.66923661503741
otto_de,ecommerce,https://www.otto.de,Image,1106412,33.52564514350057
otto_de,ecommerce,https://www.otto.de,Font,45593,1.3815240064529501
otto_de,ecommerce,https://www.otto.de,Manifest,1582,0.0479365467990386
otto_de,ecommerce,https://www.otto.de,Other,55705,1.6879300502151993
otto_de,ecommerce,https://www.otto.de,Fetch,289348,8.76760046979028
otto_de,ecommerce,https://www.otto.de,XHR,6826,0.2068362000317557
otto_de,ecommerce,https://www.otto.de,Preflight,0,0.0
otto_de,ecommerce,https://www.otto.de,Ping,13043,0.39521895063202306
otto_de,ecommerce,https://www.otto.de,Stylesheet,121122,3.801354869385507
otto_de,ecommerce,https://www.otto.de,Document,90742,2.847893393089444
otto_de,ecommerce,https://www.otto.de,Script,1609575,50.51572599437903
otto_de,ecommerce,https://www.otto.de,Image,973398,30.549621267400752
otto_de,ecommerce,https://www.otto.de,Font,45595,1.4309768272455226
otto_de,ecommerce,https://www.otto.de,Other,64343,2.0193736592928757
otto_de,ecommerce,https://www.otto.de,Manifest,1581,0.04961891356234612
otto_de,ecommerce,https://www.otto.de,Fetch,260729,8.182852444147336
otto_de,ecommerce,https://www.otto.de,Preflight,0,0.0
otto_de,ecommerce,https://www.otto.de,XHR,6834,0.21448175539852837
otto_de,ecommerce,https://www.otto.de,Ping,12366,0.38810087609865407
otto_de,ecommerce,https://www.otto.de,Document,89469,2.7136142032767556
otto_de,ecommerce,https://www.otto.de,Script,1595881,48.40341736623313
otto_de,ecommerce,https://www.otto.de,Stylesheet,121102,3.6730499641800134
otto_de,ecommerce,https://www.otto.de,Image,1102463,33.437942252479644
otto_de,ecommerce,https://www.otto.de,Font,45592,1.3828152628932238
otto_de,ecommerce,https://www.otto.de,Manifest,1579,0.04789141296956484
otto_de,ecommerce,https://www.otto.de,Other,58099,1.76215528949889
otto_de,ecommerce,https://www.otto.de,Fetch,262265,7.954554415745993
otto_de,ecommerce,https://www.otto.de,Preflight,0,0.0
otto_de,ecommerce,https://www.otto.de,Ping,13748,0.41697982615932705
otto_de,ecommerce,https://www.otto.de,XHR,6844,0.207580006563459
walmart,ecommerce,https://www.walmart.com,Document,92444,2.854441515196989
walmart,ecommerce,https://www.walmart.com,Script,1996952,61.66092653558542
walmart,ecommerce,https://www.walmart.com,Stylesheet,68806,2.124558683036693
walmart,ecommerce,https://www.walmart.com,Font,63152,1.9499771815122697
walmart,ecommerce,https://www.walmart.com,Image,168211,5.1939386191943315
walmart,ecommerce,https://www.walmart.com,XHR,4046,0.12493044838482778
walmart,ecommerce,https://www.walmart.com,Other,834672,25.772601881923123
walmart,ecommerce,https://www.walmart.com,Fetch,1360,0.04199342802851354
walmart,ecommerce,https://www.walmart.com,Ping,8959,0.2766317071378329
walmart,ecommerce,https://www.walmart.com,Document,92441,2.8534352129974976
walmart,ecommerce,https://www.walmart.com,Script,1997269,61.65097407458053
walmart,ecommerce,https://www.walmart.com,Font,63175,1.9500629545452441
walmart,ecommerce,https://www.walmart.com,Image,168560,5.203048858221549
walmart,ecommerce,https://www.walmart.com,Stylesheet,68359,2.1100807836922573
walmart,ecommerce,https://www.walmart.com,XHR,4030,0.1243965762851972
walmart,ecommerce,https://www.walmart.com,Other,835486,25.789478395586666
walmart,ecommerce,https://www.walmart.com,Fetch,1360,0.041979986041654635
walmart,ecommerce,https://www.walmart.com,Ping,8959,0.27654315804939994
walmart,ecommerce,https://www.walmart.com,Document,91962,2.543497958276035
walmart,ecommerce,https://www.walmart.com,Script,2389785,66.09701037622816
walmart,ecommerce,https://www.walmart.com,Stylesheet,71778,1.9852460412902853
walmart,ecommerce,https://www.walmart.com,Font,63254,1.749488047810969
walmart,ecommerce,https://www.walmart.com,Image,144258,3.9899080975292427
walmart,ecommerce,https://www.walmart.com,XHR,9638,0.2665691625004287
walmart,ecommerce,https://www.walmart.com,Other,834181,23.07189567791763
walmart,ecommerce,https://www.walmart.com,Fetch,1358,0.03755975541352793
walmart,ecommerce,https://www.walmart.com,Ping,9358,0.2588248830337219
mediamarkt,ecommerce,https://www.mediamarkt.es,Document,140697,4.822003610924899
mediamarkt,ecommerce,https://www.mediamarkt.es,Font,113600,3.8933282884572415
mediamarkt,ecommerce,https://www.mediamarkt.es,Stylesheet,58049,1.989470192048014
mediamarkt,ecommerce,https://www.mediamarkt.es,Script,1974820,67.68153671312614
mediamarkt,ecommerce,https://www.mediamarkt.es,Image,578073,19.811865877582242
mediamarkt,ecommerce,https://www.mediamarkt.es,Manifest,481,0.01648495516503462
mediamarkt,ecommerce,https://www.mediamarkt.es,Other,43093,1.4768943304092244
mediamarkt,ecommerce,https://www.mediamarkt.es,Fetch,5228,0.17917535468357795
mediamarkt,ecommerce,https://www.mediamarkt.es,XHR,1525,0.05226519049205364
mediamarkt,ecommerce,https://www.mediamarkt.es,Ping,2246,0.07697548711157538
mediamarkt,ecommerce,https://www.mediamarkt.es,Preflight,0,0.0
mediamarkt,ecommerce,https://www.mediamarkt.es,Document,140623,4.819994426721847
mediamarkt,ecommerce,https://www.mediamarkt.es,Font,113629,3.894747990826371
mediamarkt,ecommerce,https://www.mediamarkt.es,Stylesheet,57980,1.9873226773808883
mediamarkt,ecommerce,https://www.mediamarkt.es,Script,1974723,67.68561227053502
mediamarkt,ecommerce,https://www.mediamarkt.es,Image,577939,19.809439131473493
mediamarkt,ecommerce,https://www.mediamarkt.es,Manifest,488,0.016726689661294817
mediamarkt,ecommerce,https://www.mediamarkt.es,Other,43099,1.4772614707216092
mediamarkt,ecommerce,https://www.mediamarkt.es,Fetch,5241,0.17964053384189782
mediamarkt,ecommerce,https://www.mediamarkt.es,XHR,1525,0.052270905191546306
mediamarkt,ecommerce,https://www.mediamarkt.es,Ping,2246,0.07698390364604131
mediamarkt,ecommerce,https://www.mediamarkt.es,Preflight,0,0.0
mediamarkt,ecommerce,https://www.mediamarkt.es,Document,140818,4.82620348347031
mediamarkt,ecommerce,https://www.mediamarkt.es,Font,113624,3.8941935306979967
mediamarkt,ecommerce,https://www.mediamarkt.es,Stylesheet,57985,1.9872985626058166
mediamarkt,ecommerce,https://www.mediamarkt.es,Image,577925,19.80701080958811
mediamarkt,ecommerce,https://www.mediamarkt.es,Script,1974893,67.68478089506405
mediamarkt,ecommerce,https://www.mediamarkt.es,Manifest,488,0.016725044383058354
mediamarkt,ecommerce,https://www.mediamarkt.es,Other,43078,1.4763964383880894
mediamarkt,ecommerce,https://www.mediamarkt.es,Fetch,5199,0.17818341341704996
mediamarkt,ecommerce,https://www.mediamarkt.es,XHR,1525,0.052265763697057356
mediamarkt,ecommerce,https://www.mediamarkt.es,Ping,2245,0.07694205868845493
mediamarkt,ecommerce,https://www.mediamarkt.es,Preflight,0,0.0
mercadona,ecommerce,https://www.mercadona.es,Document,1272,0.11934741732939512
mercadona,ecommerce,https://www.mercadona.es,Manifest,519,0.048695998108456026
mercadona,ecommerce,https://www.mercadona.es,Stylesheet,8052,0.7554916700756993
mercadona,ecommerce,https://www.mercadona.es,Script,546962,51.3195771048118
mercadona,ecommerce,https://www.mercadona.es,Image,342930,32.17595112010178
mercadona,ecommerce,https://www.mercadona.es,Font,162704,15.265960840536088
mercadona,ecommerce,https://www.mercadona.es,Other,3357,0.3149758490367763
mercadona,ecommerce,https://www.mercadona.es,Document,1272,0.11934730534989307
mercadona,ecommerce,https://www.mercadona.es,Stylesheet,8052,0.7554909612243232
mercadona,ecommerce,https://www.mercadona.es,Manifest,522,0.04897743191245612
mercadona,ecommerce,https://www.mercadona.es,Script,546961,51.31943512695194
mercadona,ecommerce,https://www.mercadona.es,Image,342930,32.17592093053368
mercadona,ecommerce,https://www.mercadona.es,Font,162703,15.265852690521742
mercadona,ecommerce,https://www.mercadona.es,Other,3357,0.31497555350596784
mercadona,ecommerce,https://www.mercadona.es,Document,1272,0.11934719337060118
mercadona,ecommerce,https://www.mercadona.es,Stylesheet,8052,0.7554902523742772
mercadona,ecommerce,https://www.mercadona.es,Image,342930,32.175890741022215
mercadona,ecommerce,https://www.mercadona.es,Script,546962,51.319480802178276
mercadona,ecommerce,https://www.mercadona.es,Font,162703,15.265838367120224
mercadona,ecommerce,https://www.mercadona.es,Manifest,522,0.04897738595869011
mercadona,ecommerce,https://www.mercadona.es,Other,3357,0.31497525797571396
github,technology,https://github.com,Stylesheet,371887,9.145908532307041
github,technology,https://github.com,Script,1906350,46.88333480482923
github,technology,https://github.com,Manifest,4653,0.11443237435249057
github,technology,https://github.com,Document,131798,3.2413406565462184
github,technology,https://github.com,Font,257500,6.332760884540366
github,technology,https://github.com,Other,17180,0.4225119689180718
github,technology,https://github.com,Fetch,826376,20.323268383390015
github,technology,https://github.com,Ping,2341,0.05757278924547182
github,technology,https://github.com,Image,548072,13.478869605871097
github,technology,https://github.com,Stylesheet,372337,9.155088708001854
github,technology,https://github.com,Document,131813,3.241041604427839
github,technology,https://github.com,Manifest,4653,0.11440879568329936
github,technology,https://github.com,Script,1906448,46.87608418500637
github,technology,https://github.com,Font,257757,6.33777518782295
github,technology,https://github.com,Other,17178,0.4223757344181638
github,technology,https://github.com,Ping,2341,0.057560926433398614
github,technology,https://github.com,Image,548087,13.476461121786478
github,technology,https://github.com,Fetch,826381,20.31920373641964
github,technology,https://github.com,Stylesheet,373162,9.167416979382265
github,technology,https://github.com,Document,131808,3.238108106448186
github,technology,https://github.com,Script,1908921,46.89618660983534
github,technology,https://github.com,Manifest,4653,0.11430957923118025
github,technology,https://github.com,Font,257521,6.326481227851444
github,technology,https://github.com,Other,17180,0.422058579667242
github,technology,https://github.com,Ping,2821,0.0693030997230087
github,technology,https://github.com,Fetch,826379,20.3015335859625
github,technology,https://github.com,Image,548080,13.464602231898834
stackoverflow,technology,https://stackoverflow.com,Document,57836,2.5874580135323035
stackoverflow,technology,https://stackoverflow.com,Script,1668080,74.62630477925453
stackoverflow,technology,https://stackoverflow.com,Stylesheet,199047,8.904933868517261
stackoverflow,technology,https://stackoverflow.com,XHR,5737,0.2566610177680826
stackoverflow,technology,https://stackoverflow.com,Image,117542,5.258575797541567
stackoverflow,technology,https://stackoverflow.com,Fetch,162498,7.269810365221872
stackoverflow,technology,https://stackoverflow.com,Other,24504,1.0962561581643884
stackoverflow,technology,https://stackoverflow.com,Document,58040,2.593756661472301
stackoverflow,technology,https://stackoverflow.com,Script,1668730,74.57407914711703
stackoverflow,technology,https://stackoverflow.com,Stylesheet,199024,8.894207887540716
stackoverflow,technology,https://stackoverflow.com,XHR,5745,0.2567390079282972
stackoverflow,technology,https://stackoverflow.com,Image,119082,5.321670068253696
stackoverflow,technology,https://stackoverflow.com,Fetch,162558,7.264574351750763
stackoverflow,technology,https://stackoverflow.com,Other,24502,1.0949728759371868
stackoverflow,technology,https://stackoverflow.com,Document,57874,2.5880476861894914
stackoverflow,technology,https://stackoverflow.com,Script,1668700,74.62202671224392
stackoverflow,technology,https://stackoverflow.com,Stylesheet,199042,8.90089137703509
stackoverflow,technology,https://stackoverflow.com,XHR,5774,0.25820553858482437
stackoverflow,technology,https://stackoverflow.com,Image,117820,5.268752434372013
stackoverflow,technology,https://stackoverflow.com,Fetch,162491,7.2663796623115156
stackoverflow,technology,https://stackoverflow.com,Other,24502,1.0956965892631394
mdn,technology,https://developer.mozilla.org,Document,16183,1.483251439669529
mdn,technology,https://developer.mozilla.org,Stylesheet,23726,2.174604440313863
mdn,technology,https://developer.mozilla.org,Script,86563,7.933924140895597
mdn,technology,https://developer.mozilla.org,Font,251802,23.078890132340526
mdn,technology,https://developer.mozilla.org,Image,704165,64.54018105511301
mdn,technology,https://developer.mozilla.org,Manifest,975,0.08936353912610707
mdn,technology,https://developer.mozilla.org,Ping,704,0.06452505799464552
mdn,technology,https://developer.mozilla.org,Fetch,3446,0.3158428264908359
mdn,technology,https://developer.mozilla.org,Other,3485,0.31941736805588017
mdn,technology,https://developer.mozilla.org,Document,16173,1.4823552703215483
mdn,technology,https://developer.mozilla.org,Stylesheet,23738,2.1757342117660863
mdn,technology,https://developer.mozilla.org,Script,86628,7.939990871045264
mdn,technology,https://developer.mozilla.org,Font,251626,23.063075944471027
mdn,technology,https://developer.mozilla.org,Image,704227,64.54675106366987
mdn,technology,https://developer.mozilla.org,Manifest,976,0.08945642390612941
mdn,technology,https://developer.mozilla.org,Ping,704,0.06452594511261794
mdn,technology,https://developer.mozilla.org,Fetch,3489,0.31978838423000566
mdn,technology,https://developer.mozilla.org,Other,3473,0.31832188547744616
mdn,technology,https://developer.mozilla.org,Document,16188,1.483664839122999
mdn,technology,https://developer.mozilla.org,Stylesheet,23807,2.181962492278307
mdn,technology,https://developer.mozilla.org,Script,86559,7.933317569165288
mdn,technology,https://developer.mozilla.org,Font,251600,23.059678374311005
mdn,technology,https://developer.mozilla.org,Image,704242,64.54528623879781
mdn,technology,https://developer.mozilla.org,Manifest,981,0.08991074914626032
mdn,technology,https://developer.mozilla.org,Ping,704,0.0645231064209656
mdn,technology,https://developer.mozilla.org,Fetch,3488,0.31968266363114783
mdn,technology,https://developer.mozilla.org,Other,3513,0.3219739671262105
python,technology,https://www.python.org,Document,11828,2.452710464870335
python,technology,https://www.python.org,Script,136536,28.31275583628137
python,technology,https://www.python.org,Stylesheet,159822,33.141451802207186
python,technology,https://www.python.org,Image,15982,3.3141037072673054
python,technology,https://www.python.org,Other,15290,3.170607288456833
python,technology,https://www.python.org,Font,140763,29.189286706674245
python,technology,https://www.python.org,XHR,1708,0.3541790221507044
python,technology,https://www.python.org,Fetch,313,0.0649051720920202
python,technology,https://www.python.org,Document,11829,2.4521398439038546
python,technology,https://www.python.org,Script,136545,28.30564164222266
python,technology,https://www.python.org,Stylesheet,159831,33.1328061028825
python,technology,https://www.python.org,Image,15982,3.313052581390769
python,technology,https://www.python.org,Other,15418,3.1961359466826975
python,technology,https://www.python.org,Font,140766,29.180650711553806
python,technology,https://www.python.org,XHR,1712,0.3548958840784005
python,technology,https://www.python.org,Fetch,312,0.06467728728531598
python,technology,https://www.python.org,Document,11829,2.4526838735361443
python,technology,https://www.python.org,Script,136548,28.312543542447667
python,technology,https://www.python.org,Stylesheet,159827,33.13932753873205
python,technology,https://www.python.org,Image,15983,3.31399495736987
python,technology,https://www.python.org,Other,15313,3.175073814816044
python,technology,https://www.python.org,Font,140767,29.187332050559
python,technology,https://www.python.org,XHR,1709,0.3543525860067014
python,technology,https://www.python.org,Fetch,312,0.06469163653252828
techcrunch,technology,https://techcrunch.com,Stylesheet,50900,1.6976739532122394
techcrunch,technology,https://techcrunch.com,Document,58313,1.944920652920733
techcrunch,technology,https://techcrunch.com,Script,2226710,74.26773218776475
techcrunch,technology,https://techcrunch.com,Image,421509,14.058641460599954
techcrunch,technology,https://techcrunch.com,Font,206590,6.890421650179106
techcrunch,technology,https://techcrunch.com,Fetch,7570,0.2524831399963979
techcrunch,technology,https://techcrunch.com,Ping,557,0.018577689429061243
techcrunch,technology,https://techcrunch.com,XHR,1454,0.048495440628106005
techcrunch,technology,https://techcrunch.com,Other,24617,0.82105382526966
techcrunch,technology,https://techcrunch.com,Preflight,0,0.0
techcrunch,technology,https://techcrunch.com,Stylesheet,50792,1.6924579459587703
techcrunch,technology,https://techcrunch.com,Image,421241,14.036318270861914
techcrunch,technology,https://techcrunch.com,Document,58313,1.9430678099443568
techcrunch,technology,https://techcrunch.com,Script,2229861,74.3019760559452
techcrunch,technology,https://techcrunch.com,Font,206590,6.88385743927434
techcrunch,technology,https://techcrunch.com,Fetch,7666,0.2554414595550467
techcrunch,technology,https://techcrunch.com,Ping,548,0.018260099117684007
techcrunch,technology,https://techcrunch.com,XHR,1451,0.04834927704335674
techcrunch,technology,https://techcrunch.com,Other,24617,0.8202716422993197
techcrunch,technology,https://techcrunch.com,Preflight,0,0.0
techcrunch,technology,https://techcrunch.com,Stylesheet,50792,1.6928798855859568
techcrunch,technology,https://techcrunch.com,Document,58313,1.9435522280708364
techcrunch,technology,https://techcrunch.com,Script,2229181,74.29783580544947
techcrunch,technology,https://techcrunch.com,Image,421463,14.047216790414124
techcrunch,technology,https://techcrunch.com,Font,205874,6.861709591375085
techcrunch,technology,https://techcrunch.com,Fetch,7535,0.25113895766833727
techcrunch,technology,https://techcrunch.com,Ping,548,0.018264651466788163
techcrunch,technology,https://techcrunch.com,XHR,2008,0.06692594917027488
techcrunch,technology,https://techcrunch.com,Other,24617,0.8204761407991318
techcrunch,technology,https://techcrunch.com,Preflight,0,0.0
wired,technology,https://www.wired.com,Image,3658232,51.39246051018041
wired,technology,https://www.wired.com,Document,184548,2.5926118961926896
wired,technology,https://www.wired.com,Script,2728197,38.32691764395825
wired,technology,https://www.wired.com,Font,319979,4.495206460822336
wired,technology,https://www.wired.com,Other,40223,0.5650704873559104
wired,technology,https://www.wired.com,Preflight,0,0.0
wired,technology,https://www.wired.com,Stylesheet,5364,0.07535584352676586
wired,technology,https://www.wired.com,Fetch,179104,2.516132177296397
wired,technology,https://www.wired.com,XHR,2580,0.03624498066723637
wired,technology,https://www.wired.com,Image,3660080,51.41560502552672
wired,technology,https://www.wired.com,Document,184511,2.5919500936769038
wired,technology,https://www.wired.com,Script,2727044,38.30862090206566
wired,technology,https://www.wired.com,Other,40288,0.5659526281579694
wired,technology,https://www.wired.com,Font,319984,4.495030425151402
wired,technology,https://www.wired.com,Stylesheet,5363,0.07533766741489253
wired,technology,https://www.wired.com,Preflight,0,0.0
wired,technology,https://www.wired.com,Fetch,178770,2.5113024060712914
wired,technology,https://www.wired.com,XHR,2577,0.03620085193514414
wired,technology,https://www.wired.com,Image,3665178,51.44157124823893
wired,technology,https://www.wired.com,Document,184435,2.588585381983889
wired,technology,https://www.wired.com,Script,2728000,38.288073966720255
wired,technology,https://www.wired.com,Other,40290,0.56547892233107
wired,technology,https://www.wired.com,Font,319981,4.491003004378707
wired,technology,https://www.wired.com,Stylesheet,5364,0.07528490790230477
wired,technology,https://www.wired.com,Preflight,0,0.0
wired,technology,https://www.wired.com,Fetch,179105,2.5137776714843953
wired,technology,https://www.wired.com,XHR,2581,0.03622489696044903
arstechnica,technology,https://arstechnica.com,Stylesheet,29897,1.7537489411924814
arstechnica,technology,https://arstechnica.com,Image,271037,15.898948114325401
arstechnica,technology,https://arstechnica.com,Script,1026903,60.237818140863055
arstechnica,technology,https://arstechnica.com,Document,42050,2.4666402306968536
arstechnica,technology,https://arstechnica.com,Font,140776,8.257877410620221
arstechnica,technology,https://arstechnica.com,Preflight,0,0.0
arstechnica,technology,https://arstechnica.com,Fetch,167690,9.836644477658869
arstechnica,technology,https://arstechnica.com,Other,26395,1.5483226846431262
arstechnica,technology,https://arstechnica.com,Stylesheet,29897,1.2233190462064099
arstechnica,technology,https://arstechnica.com,Script,1760565,72.03842180099635
arstechnica,technology,https://arstechnica.com,Image,271037,11.090233947441105
arstechnica,technology,https://arstechnica.com,Font,140776,5.7602422332927565
arstechnica,technology,https://arstechnica.com,Document,42049,1.7205519809323118
arstechnica,technology,https://arstechnica.com,Preflight,0,0.0
arstechnica,technology,https://arstechnica.com,Fetch,167870,6.868868725513262
arstechnica,technology,https://arstechnica.com,XHR,4926,0.2015610135335577
arstechnica,technology,https://arstechnica.com,Other,26805,1.0968012520842496
arstechnica,technology,https://arstechnica.com,Stylesheet,29897,1.7537684875425947
arstechnica,technology,https://arstechnica.com,Script,1026890,60.23772693489698
arstechnica,technology,https://arstechnica.com,Image,271037,15.899125315519358
arstechnica,technology,https://arstechnica.com,Document,42048,2.4665504018527287
arstechnica,technology,https://arstechnica.com,Font,140776,8.25796944851645
arstechnica,technology,https://arstechnica.com,Preflight,0,0.0
arstechnica,technology,https://arstechnica.com,Fetch,167686,9.83651947025011
arstechnica,technology,https://arstechnica.com,Other,26395,1.5483399414217744
theverge,technology,https://www.theverge.com,Document,63446,1.4836661327938014
theverge,technology,https://www.theverge.com,Font,593830,13.886540674541234
theverge,technology,https://www.theverge.com,Script,3227848,75.48228035504533
theverge,technology,https://www.theverge.com,Stylesheet,43524,1.0177959960236644
theverge,technology,https://www.theverge.com,Image,99179,2.319271875048962
theverge,technology,https://www.theverge.com,XHR,19360,0.4527279313256627
theverge,technology,https://www.theverge.com,Fetch,203416,4.756823599098192
theverge,technology,https://www.theverge.com,Other,25500,0.5963100335126239
theverge,technology,https://www.theverge.com,Preflight,0,0.0
theverge,technology,https://www.theverge.com,Ping,196,0.004583402610528403
theverge,technology,https://www.theverge.com,Document,63446,1.4834090866580627
theverge,technology,https://www.theverge.com,Font,593735,13.881913659914332
theverge,technology,https://www.theverge.com,Stylesheet,43526,1.0176664235078465
theverge,technology,https://www.theverge.com,Script,3228475,75.48386267138021
theverge,technology,https://www.theverge.com,Image,99381,2.3235929521351215
theverge,technology,https://www.theverge.com,XHR,19353,0.4524858313225969
theverge,technology,https://www.theverge.com,Fetch,203437,4.756490470044704
theverge,technology,https://www.theverge.com,Preflight,0,0.0
theverge,technology,https://www.theverge.com,Ping,187,0.004372182630978434
theverge,technology,https://www.theverge.com,Other,25500,0.5962067224061501
theverge,technology,https://www.theverge.com,Document,63446,1.4833407641428333
theverge,technology,https://www.theverge.com,Font,593770,13.882092575183465
theverge,technology,https://www.theverge.com,Stylesheet,43533,1.0177832091137338
theverge,technology,https://www.theverge.com,Script,3227824,75.4651659470822
theverge,technology,https://www.theverge.com,Image,99382,2.3235093122031816
theverge,technology,https://www.theverge.com,XHR,19364,0.4527221662021534
theverge,technology,https://www.theverge.com,Fetch,203812,4.765038738793291
theverge,technology,https://www.theverge.com,Preflight,0,0.0
theverge,technology,https://www.theverge.com,Ping,196,0.004582397468272158
theverge,technology,https://www.theverge.com,Other,25910,0.6057648898108755
cloudflare_blog,technology,https://blog.cloudflare.com,Document,37177,7.393699534624716
cloudflare_blog,technology,https://blog.cloudflare.com,Font,134576,26.7642496320751
cloudflare_blog,technology,https://blog.cloudflare.com,Stylesheet,21085,4.193349508770535
cloudflare_blog,technology,https://blog.cloudflare.com,Script,248277,49.37691420389006
cloudflare_blog,technology,https://blog.cloudflare.com,Image,26390,5.248399029473768
cloudflare_blog,technology,https://blog.cloudflare.com,XHR,3259,0.6481444652161807
cloudflare_blog,technology,https://blog.cloudflare.com,Other,1391,0.27663975179984884
cloudflare_blog,technology,https://blog.cloudflare.com,Fetch,30665,6.098603874149795
cloudflare_blog,technology,https://blog.cloudflare.com,Document,37229,7.420732764720774
cloudflare_blog,technology,https://blog.cloudflare.com,Font,134100,26.729707049586498
cloudflare_blog,technology,https://blog.cloudflare.com,Image,26221,5.226544731895657
cloudflare_blog,technology,https://blog.cloudflare.com,Stylesheet,20786,4.143204256023154
cloudflare_blog,technology,https://blog.cloudflare.com,Script,248001,49.43321460107756
cloudflare_blog,technology,https://blog.cloudflare.com,XHR,3260,0.649804958849008
cloudflare_blog,technology,https://blog.cloudflare.com,Fetch,30701,6.119528233626808
cloudflare_blog,technology,https://blog.cloudflare.com,Other,1391,0.277263404220543
cloudflare_blog,technology,https://blog.cloudflare.com,Document,37205,7.401314153508885
cloudflare_blog,technology,https://blog.cloudflare.com,Font,134571,26.7706557439012
cloudflare_blog,technology,https://blog.cloudflare.com,Stylesheet,21095,4.196498375709446
cloudflare_blog,technology,https://blog.cloudflare.com,Image,26416,5.255022568985101
cloudflare_blog,technology,https://blog.cloudflare.com,Script,248050,49.34540991205158
cloudflare_blog,technology,https://blog.cloudflare.com,XHR,3258,0.6481247550633503
cloudflare_blog,technology,https://blog.cloudflare.com,Fetch,30695,6.106258243299428
cloudflare_blog,technology,https://blog.cloudflare.com,Other,1391,0.27671624748100687
twitter,social_media,https://x.com,Document,11884,0.5985544838701554
twitter,social_media,https://x.com,Script,1811099,91.21856506081744
twitter,social_media,https://x.com,Font,86059,4.334483366491224
twitter,social_media,https://x.com,Stylesheet,55108,2.775592434964366
twitter,social_media,https://x.com,Manifest,8562,0.4312372510010325
twitter,social_media,https://x.com,Other,4621,0.232743206829686
twitter,social_media,https://x.com,Fetch,7279,0.36661713969125387
twitter,social_media,https://x.com,Preflight,0,0.0
twitter,social_media,https://x.com,XHR,838,0.04220705633483593
twitter,social_media,https://x.com,Document,11872,0.5979750847072607
twitter,social_media,https://x.com,Stylesheet,55092,2.7749025746877027
twitter,social_media,https://x.com,Font,86060,4.334714941872208
twitter,social_media,https://x.com,Script,1811031,91.21895347308583
twitter,social_media,https://x.com,Manifest,8561,0.4312049107293513
twitter,social_media,https://x.com,Other,4618,0.23260183129869694
twitter,social_media,https://x.com,Fetch,7298,0.3675894683451473
twitter,social_media,https://x.com,Preflight,0,0.0
twitter,social_media,https://x.com,XHR,835,0.04205771527380076
twitter,social_media,https://x.com,Document,11832,0.5958886103285345
twitter,social_media,https://x.com,Stylesheet,55098,2.7748707447499656
twitter,social_media,https://x.com,Font,86080,4.33520043754904
twitter,social_media,https://x.com,Script,1811299,91.22147092625626
twitter,social_media,https://x.com,Manifest,8562,0.4312033706586301
twitter,social_media,https://x.com,Other,4613,0.23232202158937876
twitter,social_media,https://x.com,Fetch,7283,0.3667897860904933
twitter,social_media,https://x.com,Preflight,0,0.0
twitter,social_media,https://x.com,XHR,839,0.04225410277769104
reddit,social_media,https://www.reddit.com,Document,199512,98.73019329169924
reddit,social_media,https://www.reddit.com,Other,2566,1.2698067083007551
reddit,social_media,https://www.reddit.com,Document,199489,98.73004874910298
reddit,social_media,https://www.reddit.com,Other,2566,1.269951250897033
reddit,social_media,https://www.reddit.com,Document,199488,98.7300424638958
reddit,social_media,https://www.reddit.com,Other,2566,1.26995753610421
linkedin,social_media,https://www.linkedin.com,Document,20856,3.1376088820688723
linkedin,social_media,https://www.linkedin.com,Image,72458,10.900693535526772
linkedin,social_media,https://www.linkedin.com,Stylesheet,46824,7.044274946969355
linkedin,social_media,https://www.linkedin.com,Script,509046,76.58166719321208
linkedin,social_media,https://www.linkedin.com,XHR,2196,0.330369634878368
linkedin,social_media,https://www.linkedin.com,Fetch,11843,1.7816792285357523
linkedin,social_media,https://www.linkedin.com,Other,1487,0.22370657880880382
linkedin,social_media,https://www.linkedin.com,Document,20641,3.0967197964425455
linkedin,social_media,https://www.linkedin.com,Image,71812,10.773782375957177
linkedin,social_media,https://www.linkedin.com,Stylesheet,45957,6.894818646630981
linkedin,social_media,https://www.linkedin.com,Script,505480,75.83595381550205
linkedin,social_media,https://www.linkedin.com,XHR,2195,0.32931059314913946
linkedin,social_media,https://www.linkedin.com,Fetch,18147,2.722550949374685
linkedin,social_media,https://www.linkedin.com,Other,2312,0.3468638229434216
linkedin,social_media,https://www.linkedin.com,Document,20649,3.097854950356908
linkedin,social_media,https://www.linkedin.com,Image,71814,10.773856138550583
linkedin,social_media,https://www.linkedin.com,Script,505711,75.8690166497139
linkedin,social_media,https://www.linkedin.com,Stylesheet,45743,6.862568598681586
linkedin,social_media,https://www.linkedin.com,XHR,2197,0.32960372540724137
linkedin,social_media,https://www.linkedin.com,Other,2312,0.34685653761563134
linkedin,social_media,https://www.linkedin.com,Fetch,18132,2.720243399674147
instagram,social_media,https://www.instagram.com,Stylesheet,173245,5.7470768677543695
instagram,social_media,https://www.instagram.com,Script,1726472,57.27245977676482
instagram,social_media,https://www.instagram.com,Manifest,603,0.020003390292683106
instagram,social_media,https://www.instagram.com,Ping,229,0.007596644074667381
instagram,social_media,https://www.instagram.com,Document,102714,3.407343665875046
instagram,social_media,https://www.instagram.com,Image,574706,19.064790085483807
instagram,social_media,https://www.instagram.com,Font,216702,7.188681066674982
instagram,social_media,https://www.instagram.com,XHR,213060,7.0678645700813645
instagram,social_media,https://www.instagram.com,Other,6758,0.22418393299826275
instagram,social_media,https://www.instagram.com,Stylesheet,173245,5.7253075148936645
instagram,social_media,https://www.instagram.com,Script,1726490,57.05611227676852
instagram,social_media,https://www.instagram.com,Manifest,606,0.020026761834543917
instagram,social_media,https://www.instagram.com,Ping,228,0.00753482128428385
instagram,social_media,https://www.instagram.com,Document,103275,3.412976614624626
instagram,social_media,https://www.instagram.com,Image,585568,19.35153609559441
instagram,social_media,https://www.instagram.com,Font,216702,7.161451061170521
instagram,social_media,https://www.instagram.com,XHR,213079,7.041720107166309
instagram,social_media,https://www.instagram.com,Other,6758,0.22333474666311517
instagram,social_media,https://www.instagram.com,Stylesheet,173239,5.746161105057772
instagram,social_media,https://www.instagram.com,Script,1726475,57.26541652777156
instagram,social_media,https://www.instagram.com,Manifest,605,0.02006723352455251
instagram,social_media,https://www.instagram.com,Ping,226,0.007496189713303913
instagram,social_media,https://www.instagram.com,Document,102588,3.402739426143459
instagram,social_media,https://www.instagram.com,Image,574709,19.06251192010256
instagram,social_media,https://www.instagram.com,Font,216702,7.187784527665418
instagram,social_media,https://www.instagram.com,XHR,213561,7.083600758242907
instagram,social_media,https://www.instagram.com,Other,6760,0.22422231177847102
facebook,social_media,https://www.facebook.com,Stylesheet,322051,15.761795737941444
facebook,social_media,https://www.facebook.com,Ping,229,0.011207700718173801
facebook,social_media,https://www.facebook.com,Document,70880,3.4690036109351925
facebook,social_media,https://www.facebook.com,Script,1321688,64.68595435284583
facebook,social_media,https://www.facebook.com,Other,20510,1.003798872182291
facebook,social_media,https://www.facebook.com,XHR,1592,0.077915543857348
facebook,social_media,https://www.facebook.com,Image,122924,6.016137131357189
facebook,social_media,https://www.facebook.com,Font,183364,8.974187050162536
facebook,social_media,https://www.facebook.com,Stylesheet,323705,14.38561016798507
facebook,social_media,https://www.facebook.com,Ping,224,0.00995467069593814
facebook,social_media,https://www.facebook.com,Document,70914,3.15145320415963
facebook,social_media,https://www.facebook.com,Script,1325065,58.88654341836281
facebook,social_media,https://www.facebook.com,Image,122927,5.462936627855302
facebook,social_media,https://www.facebook.com,Font,183369,8.149008976979824
facebook,social_media,https://www.facebook.com,XHR,203489,9.043151719847124
facebook,social_media,https://www.facebook.com,Other,20507,0.911341214114301
facebook,social_media,https://www.facebook.com,Stylesheet,322051,15.759397009809895
facebook,social_media,https://www.facebook.com,Ping,225,0.011010257155566125
facebook,social_media,https://www.facebook.com,Document,71189,3.483596429544875
facebook,social_media,https://www.facebook.com,Script,1321703,64.67684405903651
facebook,social_media,https://www.facebook.com,Other,20512,1.003743976777655
facebook,social_media,https://www.facebook.com,Image,122927,6.01536836161012
facebook,social_media,https://www.facebook.com,XHR,1581,0.07736540694644464
facebook,social_media,https://www.facebook.com,Font,183361,8.972674499118934
tiktok,social_media,https://www.tiktok.com,Document,84407,0.5872902559649548
tiktok,social_media,https://www.tiktok.com,Script,6173128,42.9516263251203
tiktok,social_media,https://www.tiktok.com,Other,117741,0.8192228372951265
tiktok,social_media,https://www.tiktok.com,Preflight,0,0.0
tiktok,social_media,https://www.tiktok.com,Stylesheet,51359,0.35734761638376095
tiktok,social_media,https://www.tiktok.com,XHR,108812,0.757096299264974
tiktok,social_media,https://www.tiktok.com,Ping,1114,0.007751031847417389
tiktok,social_media,https://www.tiktok.com,Media,199077,1.3851455718925598
tiktok,social_media,https://www.tiktok.com,Fetch,6788804,47.23540036793049
tiktok,social_media,https://www.tiktok.com,Font,642917,4.47331251548119
tiktok,social_media,https://www.tiktok.com,Image,204921,1.425807178819227
tiktok,social_media,https://www.tiktok.com,Document,84477,0.9012833501618698
tiktok,social_media,https://www.tiktok.com,Script,6173613,65.86614826808328
tiktok,social_media,https://www.tiktok.com,Other,117756,1.256336306706691
tiktok,social_media,https://www.tiktok.com,Preflight,0,0.0
tiktok,social_media,https://www.tiktok.com,Stylesheet,51295,0.5472652845928846
tiktok,social_media,https://www.tiktok.com,Ping,1114,0.011885242753415994
tiktok,social_media,https://www.tiktok.com,XHR,114718,1.2239239481026714
tiktok,social_media,https://www.tiktok.com,Media,199077,2.123948358726926
tiktok,social_media,https://www.tiktok.com,Fetch,1777695,18.966190858647973
tiktok,social_media,https://www.tiktok.com,Font,642917,6.859268056820422
tiktok,social_media,https://www.tiktok.com,Image,210306,2.2437503254038633
tiktok,social_media,https://www.tiktok.com,Document,84571,0.879790625414819
tiktok,social_media,https://www.tiktok.com,Script,6173558,64.2234152824805
tiktok,social_media,https://www.tiktok.com,Other,117772,1.2251800444165737
tiktok,social_media,https://www.tiktok.com,Preflight,0,0.0
tiktok,social_media,https://www.tiktok.com,Stylesheet,51291,0.5335793708026566
tiktok,social_media,https://www.tiktok.com,Ping,1135,0.011807385035601086
tiktok,social_media,https://www.tiktok.com,XHR,111923,1.1643330002991896
tiktok,social_media,https://www.tiktok.com,Media,199076,2.0709841262972
tiktok,social_media,https://www.tiktok.com,Fetch,2024533,21.0611811879124
tiktok,social_media,https://www.tiktok.com,Font,642923,6.688316660126659
tiktok,social_media,https://www.tiktok.com,Image,205846,2.1414123172143977
pinterest,social_media,https://www.pinterest.com,Document,111270,1.8576288662203373
pinterest,social_media,https://www.pinterest.com,Font,85281,1.4237480663263824
pinterest,social_media,https://www.pinterest.com,Script,3053477,50.977145839308676
pinterest,social_media,https://www.pinterest.com,Manifest,5111,0.08532705253214833
pinterest,social_media,https://www.pinterest.com,XHR,57735,0.9638734842386193
pinterest,social_media,https://www.pinterest.com,Stylesheet,2120,0.03539294685348355
pinterest,social_media,https://www.pinterest.com,Image,2453968,40.96847122837232
pinterest,social_media,https://www.pinterest.com,Fetch,14530,0.24257524423637547
pinterest,social_media,https://www.pinterest.com,Other,12930,0.21586358623374638
pinterest,social_media,https://www.pinterest.com,Media,193472,3.22997368567791
pinterest,social_media,https://www.pinterest.com,Document,111200,2.7984825781876403
pinterest,social_media,https://www.pinterest.com,Font,84278,2.1209578662274997
pinterest,social_media,https://www.pinterest.com,Script,3040818,76.52586507589373
pinterest,social_media,https://www.pinterest.com,Manifest,5113,0.12867483293411336
pinterest,social_media,https://www.pinterest.com,Stylesheet,2365,0.05951808720695836
pinterest,social_media,https://www.pinterest.com,Image,665836,16.75656875836462
pinterest,social_media,https://www.pinterest.com,XHR,44084,1.109427212021798
pinterest,social_media,https://www.pinterest.com,Fetch,6517,0.16400819210475587
pinterest,social_media,https://www.pinterest.com,Other,13371,0.3364973970588753
pinterest,social_media,https://www.pinterest.com,Script,3041070,44.603549427984746
pinterest,social_media,https://www.pinterest.com,Document,111506,1.6354649457318862
pinterest,social_media,https://www.pinterest.com,Manifest,5113,0.07499266647110589
pinterest,social_media,https://www.pinterest.com,Font,84268,1.2359636256966853
pinterest,social_media,https://www.pinterest.com,Stylesheet,2365,0.03468759166911117
pinterest,social_media,https://www.pinterest.com,Image,2461261,36.09945731886184
pinterest,social_media,https://www.pinterest.com,XHR,57907,0.8493253153417424
pinterest,social_media,https://www.pinterest.com,Fetch,14529,0.21309768260486944
pinterest,social_media,https://www.pinterest.com,Other,13374,0.19615723085948958
pinterest,social_media,https://www.pinterest.com,Media,1026607,15.057304194778528
mastodon,social_media,https://mastodon.social,Document,20282,0.17382666784939424
mastodon,social_media,https://mastodon.social,Stylesheet,68582,0.5877813102478628
mastodon,social_media,https://mastodon.social,Script,684126,5.863294693281465
mastodon,social_media,https://mastodon.social,Manifest,1682,0.014415563323275864
mastodon,social_media,https://mastodon.social,Media,6203,0.053162746310511405
mastodon,social_media,https://mastodon.social,Font,792274,6.790175990716446
mastodon,social_media,https://mastodon.social,XHR,32016,0.2743927915326992
mastodon,social_media,https://mastodon.social,Other,7952,0.06815253242966092
mastodon,social_media,https://mastodon.social,Image,10054828,86.17479770430869
mastodon,social_media,https://mastodon.social,Document,20284,0.17392874632135644
mastodon,social_media,https://mastodon.social,Stylesheet,68801,0.5899463456742084
mastodon,social_media,https://mastodon.social,Script,681236,5.841378595394181
mastodon,social_media,https://mastodon.social,Manifest,1680,0.014405457198771385
mastodon,social_media,https://mastodon.social,Font,792026,6.79136704959173
mastodon,social_media,https://mastodon.social,Media,6200,0.053162996804989635
mastodon,social_media,https://mastodon.social,XHR,32012,0.2744925570518272
mastodon,social_media,https://mastodon.social,Image,10052058,86.19314957057588
mastodon,social_media,https://mastodon.social,Other,7950,0.06816868138704317
mastodon,social_media,https://mastodon.social,Document,20283,0.17391214877064098
mastodon,social_media,https://mastodon.social,Script,681735,5.845387701136564
mastodon,social_media,https://mastodon.social,Stylesheet,68820,0.5900820430111675
mastodon,social_media,https://mastodon.social,Font,792027,6.791062340598751
mastodon,social_media,https://mastodon.social,Manifest,1681,0.014413366961664816
mastodon,social_media,https://mastodon.social,Media,6200,0.05316054441542051
mastodon,social_media,https://mastodon.social,XHR,32009,0.27445417196664434
mastodon,social_media,https://mastodon.social,Image,10052078,86.18934499778568
mastodon,social_media,https://mastodon.social,Other,7952,0.06818268535345545
tumblr,social_media,https://www.tumblr.com,Document,21653,0.6413727325505622
tumblr,social_media,https://www.tumblr.com,Stylesheet,114366,3.3875783462281253
tumblr,social_media,https://www.tumblr.com,Font,193885,5.742971054845322
tumblr,social_media,https://www.tumblr.com,Manifest,1826,0.05408703688344925
tumblr,social_media,https://www.tumblr.com,Script,1047714,31.033814765227902
tumblr,social_media,https://www.tumblr.com,Image,1730609,51.26150756507625
tumblr,social_media,https://www.tumblr.com,Fetch,254795,7.54715583938579
tumblr,social_media,https://www.tumblr.com,Other,11192,0.33151265980260897
tumblr,social_media,https://www.tumblr.com,Document,25219,0.7474597364936939
tumblr,social_media,https://www.tumblr.com,Stylesheet,114366,3.3896657370965464
tumblr,social_media,https://www.tumblr.com,Manifest,1826,0.05412036475821742
tumblr,social_media,https://www.tumblr.com,Font,193885,5.746509814428798
tumblr,social_media,https://www.tumblr.com,Script,1042482,30.897867521290255
tumblr,social_media,https://www.tumblr.com,Image,1730519,51.29042688993738
tumblr,social_media,https://www.tumblr.com,Fetch,254472,7.542233001507724
tumblr,social_media,https://www.tumblr.com,Other,11192,0.33171693448738737
tumblr,social_media,https://www.tumblr.com,Document,25138,0.7442827196608122
tumblr,social_media,https://www.tumblr.com,Stylesheet,114366,3.3861340407641203
tumblr,social_media,https://www.tumblr.com,Manifest,1826,0.05406397669268212
tumblr,social_media,https://www.tumblr.com,Font,193885,5.740522519748451
tumblr,social_media,https://www.tumblr.com,Script,1045600,30.95799234932553
tumblr,social_media,https://www.tumblr.com,Fetch,254873,7.546247498134703
tumblr,social_media,https://www.tumblr.com,Image,1730600,51.23938557741275
tumblr,social_media,https://www.tumblr.com,Other,11192,0.33137131826095195
discord,social_media,https://discord.com,Document,29799,0.15519185742451824
discord,social_media,https://discord.com,Script,1466437,7.637138220277132
discord,social_media,https://discord.com,Image,923824,4.81123401769684
discord,social_media,https://discord.com,Stylesheet,497117,2.5889630721602814
discord,social_media,https://discord.com,XHR,467795,2.4362554093728823
discord,social_media,https://discord.com,Font,306469,1.596076826505409
discord,social_media,https://discord.com,Media,15451783,80.4721938417596
discord,social_media,https://discord.com,Fetch,57214,0.2979679496186579
discord,social_media,https://discord.com,Other,956,0.004978805184665238
discord,social_media,https://discord.com,Document,29791,0.15515225424908388
discord,social_media,https://discord.com,Script,1466718,7.638703099852566
discord,social_media,https://discord.com,Stylesheet,497061,2.5887058054212306
discord,social_media,https://discord.com,Image,923966,4.812037452569871
discord,social_media,https://discord.com,XHR,467794,2.4362825559462906
discord,social_media,https://discord.com,Font,306480,1.5961553114114742
discord,social_media,https://discord.com,Media,15451139,80.46990858198568
discord,social_media,https://discord.com,Fetch,57233,0.29807085923392357
discord,social_media,https://discord.com,Other,957,0.004984079329877254
discord,social_media,https://discord.com,Document,29792,0.15517280084144994
discord,social_media,https://discord.com,Script,1466063,7.636046654135963
discord,social_media,https://discord.com,Stylesheet,497409,2.5907742915462126
discord,social_media,https://discord.com,Image,923361,4.809361995091368
discord,social_media,https://discord.com,Font,306480,1.5963131042524024
discord,social_media,https://discord.com,XHR,467798,2.436544236306008
discord,social_media,https://discord.com,Media,15450163,80.47278014792354
discord,social_media,https://discord.com,Fetch,57217,0.2980169893174423
discord,social_media,https://discord.com,Other,958,0.004989780585597108
youtube,streaming,https://www.youtube.com,Script,3049456,83.10792985638568
youtube,streaming,https://www.youtube.com,Stylesheet,383212,10.443815557963541
youtube,streaming,https://www.youtube.com,Document,99840,2.720975713983591
youtube,streaming,https://www.youtube.com,Image,127,0.0034611770400231985
youtube,streaming,https://www.youtube.com,Font,69785,1.9018759034489674
youtube,streaming,https://www.youtube.com,Manifest,2124,0.05788614199219899
youtube,streaming,https://www.youtube.com,Media,26381,0.7189709566366298
youtube,streaming,https://www.youtube.com,Fetch,35863,0.9773873400500155
youtube,streaming,https://www.youtube.com,Other,2339,0.06374561493397056
youtube,streaming,https://www.youtube.com,XHR,145,0.003951737565380816
youtube,streaming,https://www.youtube.com,Script,3045051,83.08851056584375
youtube,streaming,https://www.youtube.com,Stylesheet,383216,10.4565889586087
youtube,streaming,https://www.youtube.com,Document,99943,2.7270856913339454
youtube,streaming,https://www.youtube.com,Manifest,2124,0.05795633519499415
youtube,streaming,https://www.youtube.com,Font,69785,1.9041821335134965
youtube,streaming,https://www.youtube.com,Image,129,0.003519946911560379
youtube,streaming,https://www.youtube.com,Media,26381,0.719842786619181
youtube,streaming,https://www.youtube.com,Fetch,35710,0.9743977070683809
youtube,streaming,https://www.youtube.com,Other,2344,0.06395934543176378
youtube,streaming,https://www.youtube.com,XHR,145,0.003956529474234534
youtube,streaming,https://www.youtube.com,Script,3044863,83.08959289452413
youtube,streaming,https://www.youtube.com,Stylesheet,383241,10.458053012726788
youtube,streaming,https://www.youtube.com,Document,99749,2.721995637122553
youtube,streaming,https://www.youtube.com,Image,128,0.003492921648855495
youtube,streaming,https://www.youtube.com,Font,69785,1.904324509885787
youtube,streaming,https://www.youtube.com,Manifest,2124,0.057960668610695876
youtube,streaming,https://www.youtube.com,Media,26381,0.7198966095191939
youtube,streaming,https://www.youtube.com,Fetch,35801,0.9769538121146529
youtube,streaming,https://www.youtube.com,Other,2338,0.06380039699237615
youtube,streaming,https://www.youtube.com,XHR,144,0.003929536854962432
netflix,streaming,https://www.netflix.com,Document,89508,3.4130856302871884
netflix,streaming,https://www.netflix.com,Script,1293936,49.339884346776635
netflix,streaming,https://www.netflix.com,Stylesheet,1775,0.06768363714706796
netflix,streaming,https://www.netflix.com,Image,354012,13.499053382370604
netflix,streaming,https://www.netflix.com,Font,680523,25.949448902667115
netflix,streaming,https://www.netflix.com,XHR,11930,0.45491030488142015
netflix,streaming,https://www.netflix.com,Preflight,0,0.0
netflix,streaming,https://www.netflix.com,Fetch,180630,6.887715705845006
netflix,streaming,https://www.netflix.com,Other,10181,0.3882180900249571
netflix,streaming,https://www.netflix.com,Document,89510,3.413159290554003
netflix,streaming,https://www.netflix.com,Stylesheet,1775,0.06768358552936381
netflix,streaming,https://www.netflix.com,Script,1293936,49.33984671860445
netflix,streaming,https://www.netflix.com,Image,354012,13.499043087561205
netflix,streaming,https://www.netflix.com,Font,680523,25.94942911278831
netflix,streaming,https://www.netflix.com,XHR,11930,0.4549099579522874
netflix,streaming,https://www.netflix.com,Preflight,0,0.0
netflix,streaming,https://www.netflix.com,Fetch,180630,6.887710453052949
netflix,streaming,https://www.netflix.com,Other,10181,0.3882177939574383
netflix,streaming,https://www.netflix.com,Document,89495,3.4126016306664746
netflix,streaming,https://www.netflix.com,Stylesheet,1775,0.06768386942771096
netflix,streaming,https://www.netflix.com,Script,1293936,49.34005367426175
netflix,streaming,https://www.netflix.com,Image,354012,13.499099709207218
netflix,streaming,https://www.netflix.com,Font,680523,25.949537957495295
netflix,streaming,https://www.netflix.com,XHR,11933,0.45502626134133795
netflix,streaming,https://www.netflix.com,Preflight,0,0.0
netflix,streaming,https://www.netflix.com,Fetch,180631,6.887777475265835
netflix,streaming,https://www.netflix.com,Other,10181,0.38821942233438045
spotify,streaming,https://www.spotify.com,Document,4366,0.08753293261187163
spotify,streaming,https://www.spotify.com,Font,957772,19.20215115289453
spotify,streaming,https://www.spotify.com,Other,319407,6.403717683637216
spotify,streaming,https://www.spotify.com,Manifest,594,0.011908969759837781
spotify,streaming,https://www.spotify.com,Stylesheet,145111,2.909297156262324
spotify,streaming,https://www.spotify.com,Script,2505034,50.22285211004289
spotify,streaming,https://www.spotify.com,XHR,4163,0.08346303217206176
spotify,streaming,https://www.spotify.com,Fetch,184792,3.7048524240066385
spotify,streaming,https://www.spotify.com,Preflight,0,0.0
spotify,streaming,https://www.spotify.com,Image,866598,17.37422453861263
spotify,streaming,https://www.spotify.com,Document,4381,0.08783565409794127
spotify,streaming,https://www.spotify.com,Font,957772,19.202586189612735
spotify,streaming,https://www.spotify.com,Script,2504554,50.21436631216963
spotify,streaming,https://www.spotify.com,Other,319497,6.405667194094942
spotify,streaming,https://www.spotify.com,Manifest,597,0.011969387239550544
spotify,streaming,https://www.spotify.com,Stylesheet,145352,2.914194931395562
spotify,streaming,https://www.spotify.com,XHR,4068,0.0815602467177414
spotify,streaming,https://www.spotify.com,Fetch,184890,3.7069011837864325
spotify,streaming,https://www.spotify.com,Preflight,0,0.0
spotify,streaming,https://www.spotify.com,Image,866613,17.374918900885454
spotify,streaming,https://www.spotify.com,Document,4369,0.08760177264763475
spotify,streaming,https://www.spotify.com,Other,319408,6.4043733114753305
spotify,streaming,https://www.spotify.com,Font,957772,19.2040569906776
spotify,streaming,https://www.spotify.com,Stylesheet,145119,2.909746313767935
spotify,streaming,https://www.spotify.com,Script,2504516,50.21745049767993
spotify,streaming,https://www.spotify.com,Manifest,592,0.01187005021913476
spotify,streaming,https://www.spotify.com,XHR,4148,0.0831705545759645
spotify,streaming,https://www.spotify.com,Fetch,184832,3.7060221657147236
spotify,streaming,https://www.spotify.com,Preflight,0,0.0
spotify,streaming,https://www.spotify.com,Image,866586,17.37570834324175
twitch,streaming,https://www.twitch.tv,Stylesheet,25463,0.8250660930983543
twitch,streaming,https://www.twitch.tv,Document,71135,2.3049552893434173
twitch,streaming,https://www.twitch.tv,Script,2045576,66.28187560207985
twitch,streaming,https://www.twitch.tv,XHR,251,0.008133039679836898
twitch,streaming,https://www.twitch.tv,Font,124355,4.029418921857042
twitch,streaming,https://www.twitch.tv,Preflight,0,0.0
twitch,streaming,https://www.twitch.tv,Image,570522,18.486366789720744
twitch,streaming,https://www.twitch.tv,Fetch,36067,1.1686627176600695
twitch,streaming,https://www.twitch.tv,Other,212808,6.895521546560681
twitch,streaming,https://www.twitch.tv,Stylesheet,25464,0.842428990355604
twitch,streaming,https://www.twitch.tv,Document,71135,2.353368921966144
twitch,streaming,https://www.twitch.tv,Script,2043506,67.6055881387692
twitch,streaming,https://www.twitch.tv,XHR,251,0.00830386728633587
twitch,streaming,https://www.twitch.tv,Preflight,0,0.0
twitch,streaming,https://www.twitch.tv,Font,124355,4.114053451762141
twitch,streaming,https://www.twitch.tv,Image,510018,16.872995161922102
twitch,streaming,https://www.twitch.tv,Fetch,35150,1.1628722514530114
twitch,streaming,https://www.twitch.tv,Other,212809,7.04038921648546
primevideo,streaming,https://www.primevideo.com,Stylesheet,103303,2.3111485179659175
primevideo,streaming,https://www.primevideo.com,Font,1002768,22.43444795469296
primevideo,streaming,https://www.primevideo.com,Script,1073157,24.009227322485792
primevideo,streaming,https://www.primevideo.com,Image,2116434,47.3499637229575
primevideo,streaming,https://www.primevideo.com,Document,156750,3.5068926380759273
primevideo,streaming,https://www.primevideo.com,Other,3337,0.07465710196656695
primevideo,streaming,https://www.primevideo.com,Fetch,5830,0.13043179636352573
primevideo,streaming,https://www.primevideo.com,Ping,8190,0.183230945491814
primevideo,streaming,https://www.primevideo.com,Preflight,0,0.0
primevideo,streaming,https://www.primevideo.com,Stylesheet,100556,2.249102481603976
primevideo,streaming,https://www.primevideo.com,Font,1011477,22.62336837966253
primevideo,streaming,https://www.primevideo.com,Image,2118043,47.37356067707477
primevideo,streaming,https://www.primevideo.com,Script,1065585,23.83358395182757
primevideo,streaming,https://www.primevideo.com,Document,156779,3.5066235526809915
primevideo,streaming,https://www.primevideo.com,Other,4091,0.09150203122878661
primevideo,streaming,https://www.primevideo.com,Fetch,6218,0.13907593013458694
primevideo,streaming,https://www.primevideo.com,Ping,8190,0.1831829957867911
primevideo,streaming,https://www.primevideo.com,Preflight,0,0.0
primevideo,streaming,https://www.primevideo.com,Stylesheet,103304,2.3118856983515528
primevideo,streaming,https://www.primevideo.com,Font,1002773,22.441498464658498
primevideo,streaming,https://www.primevideo.com,Document,156796,3.509006717636588
primevideo,streaming,https://www.primevideo.com,Image,2115009,47.33271760033318
primevideo,streaming,https://www.primevideo.com,Script,1073160,24.016720127419582
primevideo,streaming,https://www.primevideo.com,Other,3338,0.07470257164386164
primevideo,streaming,https://www.primevideo.com,Fetch,5817,0.130181204089977
primevideo,streaming,https://www.primevideo.com,Ping,8190,0.1832876158667546
primevideo,streaming,https://www.primevideo.com,Preflight,0,0.0
disneyplus,streaming,https://www.disneyplus.com,Document,241109,8.478599982558157
disneyplus,streaming,https://www.disneyplus.com,Font,31250,1.0989065089023735
disneyplus,streaming,https://www.disneyplus.com,Stylesheet,61007,2.145311660435427
disneyplus,streaming,https://www.disneyplus.com,Image,773495,27.199958083310122
disneyplus,streaming,https://www.disneyplus.com,Script,1479217,52.01667806012935
disneyplus,streaming,https://www.disneyplus.com,Manifest,1100,0.038681509113363544
disneyplus,streaming,https://www.disneyplus.com,Preflight,0,0.0
disneyplus,streaming,https://www.disneyplus.com,Other,57550,2.023746226794611
disneyplus,streaming,https://www.disneyplus.com,Fetch,179917,6.326782795590026
disneyplus,streaming,https://www.disneyplus.com,XHR,19091,0.6713351731665669
disneyplus,streaming,https://www.disneyplus.com,Document,241109,8.396519631486296
disneyplus,streaming,https://www.disneyplus.com,Stylesheet,57067,1.9873343002958348
disneyplus,streaming,https://www.disneyplus.com,Script,1479245,51.514085671948976
disneyplus,streaming,https://www.disneyplus.com,Font,62909,2.1907794959838554
disneyplus,streaming,https://www.disneyplus.com,Image,773518,26.937439383465637
disneyplus,streaming,https://www.disneyplus.com,Manifest,1099,0.03827221329358688
disneyplus,streaming,https://www.disneyplus.com,Preflight,0,0.0
disneyplus,streaming,https://www.disneyplus.com,Other,57558,2.0044331690193573
disneyplus,streaming,https://www.disneyplus.com,Fetch,179930,6.265986658703445
disneyplus,streaming,https://www.disneyplus.com,XHR,19100,0.6651494758030113
disneyplus,streaming,https://www.disneyplus.com,Document,241118,7.934253607331479
disneyplus,streaming,https://www.disneyplus.com,Stylesheet,61000,2.00727224863851
disneyplus,streaming,https://www.disneyplus.com,Script,1611122,53.01574557001596
disneyplus,streaming,https://www.disneyplus.com,Font,94454,3.1081129995557677
disneyplus,streaming,https://www.disneyplus.com,Image,773526,25.453725793448395
disneyplus,streaming,https://www.disneyplus.com,Manifest,1099,0.03616380657792988
disneyplus,streaming,https://www.disneyplus.com,Preflight,0,0.0
disneyplus,streaming,https://www.disneyplus.com,Other,57561,1.8941081623587093
disneyplus,streaming,https://www.disneyplus.com,Fetch,179969,5.922078349429902
disneyplus,streaming,https://www.disneyplus.com,XHR,19101,0.6285394626433473
max_hbo,streaming,https://www.max.com,Document,771804,10.75276037866573
max_hbo,streaming,https://www.max.com,Stylesheet,26040,0.36278884310065207
max_hbo,streaming,https://www.max.com,Image,4830042,67.29206410551303
max_hbo,streaming,https://www.max.com,Script,987312,13.75521421887062
max_hbo,streaming,https://www.max.com,Font,291313,4.058567828347936
max_hbo,streaming,https://www.max.com,Preflight,0,0.0
max_hbo,streaming,https://www.max.com,XHR,3534,0.04923562870651706
max_hbo,streaming,https://www.max.com,Other,14347,0.1998821632859084
max_hbo,streaming,https://www.max.com,Fetch,253111,3.526338205301426
max_hbo,streaming,https://www.max.com,Ping,226,0.0031486282081700213
max_hbo,streaming,https://www.max.com,Stylesheet,26041,0.38347933164063064
max_hbo,streaming,https://www.max.com,Document,771773,11.365116324960042
max_hbo,streaming,https://www.max.com,Image,4436240,65.32799624428522
max_hbo,streaming,https://www.max.com,Script,987199,14.537476007691675
max_hbo,streaming,https://www.max.com,Font,291310,4.289826200999658
max_hbo,streaming,https://www.max.com,Preflight,0,0.0
max_hbo,streaming,https://www.max.com,XHR,4164,0.061318994545201254
max_hbo,streaming,https://www.max.com,Fetch,259400,3.819920073252932
max_hbo,streaming,https://www.max.com,Other,14347,0.2112736826945251
max_hbo,streaming,https://www.max.com,Ping,244,0.003593139930122264
max_hbo,streaming,https://www.max.com,Stylesheet,26042,0.38985590212074905
max_hbo,streaming,https://www.max.com,Document,771802,11.554088202465184
max_hbo,streaming,https://www.max.com,Image,4325870,64.75946360905786
max_hbo,streaming,https://www.max.com,Script,987314,14.780362112988449
max_hbo,streaming,https://www.max.com,Font,291313,4.361035727459557
max_hbo,streaming,https://www.max.com,Preflight,0,0.0
max_hbo,streaming,https://www.max.com,XHR,3479,0.05208158680124744
max_hbo,streaming,https://www.max.com,Fetch,259510,3.8849360709375467
max_hbo,streaming,https://www.max.com,Other,14348,0.21479350601445768
max_hbo,streaming,https://www.max.com,Ping,226,0.003383282154953125
rtve,streaming,https://www.rtve.es,Stylesheet,367063,3.221067536562495
rtve,streaming,https://www.rtve.es,Image,9474045,83.1370603668368
rtve,streaming,https://www.rtve.es,Document,95865,0.8412388047625708
rtve,streaming,https://www.rtve.es,Script,1182004,10.372373986174075
rtve,streaming,https://www.rtve.es,Font,108895,0.9555802393430359
rtve,streaming,https://www.rtve.es,XHR,12052,0.10575924555362753
rtve,streaming,https://www.rtve.es,Fetch,155126,1.3612685633713928
rtve,streaming,https://www.rtve.es,Other,644,0.005651257395995365
rtve,streaming,https://www.rtve.es,Preflight,0,0.0
rtve,streaming,https://www.rtve.es,Stylesheet,366843,3.2182073037022767
rtve,streaming,https://www.rtve.es,Image,9476490,83.13449985814528
rtve,streaming,https://www.rtve.es,Document,95866,0.8410046297100462
rtve,streaming,https://www.rtve.es,Script,1182426,10.373080552954447
rtve,streaming,https://www.rtve.es,Font,109617,0.9616381667632542
rtve,streaming,https://www.rtve.es,XHR,12047,0.10568483898480094
rtve,streaming,https://www.rtve.es,Fetch,155075,1.360428024036524
rtve,streaming,https://www.rtve.es,Other,622,0.005456625703373967
rtve,streaming,https://www.rtve.es,Preflight,0,0.0
rtve,streaming,https://www.rtve.es,Stylesheet,367060,3.216945395274738
rtve,streaming,https://www.rtve.es,Image,9487315,83.14764426189437
rtve,streaming,https://www.rtve.es,Document,95892,0.8404057316070537
rtve,streaming,https://www.rtve.es,Script,1183062,10.368457073024906
rtve,streaming,https://www.rtve.es,Font,108901,0.9544177259598274
rtve,streaming,https://www.rtve.es,XHR,12142,0.1064135318188467
rtve,streaming,https://www.rtve.es,Fetch,155138,1.359642768844691
rtve,streaming,https://www.rtve.es,Other,693,0.0060735115755609255
rtve,streaming,https://www.rtve.es,Preflight,0,0.0
soundcloud,streaming,https://soundcloud.com,Document,25735,0.47799398175208985
soundcloud,streaming,https://soundcloud.com,Script,3117495,57.90339413803114
soundcloud,streaming,https://soundcloud.com,Stylesheet,277014,5.145172910863549
soundcloud,streaming,https://soundcloud.com,Manifest,851,0.015806212491588437
soundcloud,streaming,https://soundcloud.com,Image,1508067,28.010373035901647
soundcloud,streaming,https://soundcloud.com,XHR,49335,0.9163331295799243
soundcloud,streaming,https://soundcloud.com,Fetch,210915,3.917470396784225
soundcloud,streaming,https://soundcloud.com,Preflight,0,0.0
soundcloud,streaming,https://soundcloud.com,Other,40855,0.7588282154451771
soundcloud,streaming,https://soundcloud.com,Font,153692,2.854627979150658
soundcloud,streaming,https://soundcloud.com,Document,25538,0.4641865819941483
soundcloud,streaming,https://soundcloud.com,Script,3243334,58.9518413237297
soundcloud,streaming,https://soundcloud.com,Stylesheet,277017,5.035146620106233
soundcloud,streaming,https://soundcloud.com,Manifest,851,0.015468039050709538
soundcloud,streaming,https://soundcloud.com,Image,1499995,27.26437278010465
soundcloud,streaming,https://soundcloud.com,XHR,49512,0.8999454165437494
soundcloud,streaming,https://soundcloud.com,Fetch,210872,3.832874654172999
soundcloud,streaming,https://soundcloud.com,Preflight,0,0.0
soundcloud,streaming,https://soundcloud.com,Other,40859,0.7426658138342433
soundcloud,streaming,https://soundcloud.com,Font,153689,2.7934987704635708
soundcloud,streaming,https://soundcloud.com,Document,24848,0.45139788376359163
soundcloud,streaming,https://soundcloud.com,Manifest,850,0.015441411831900067
soundcloud,streaming,https://soundcloud.com,Script,3241968,58.89478003981341
soundcloud,streaming,https://soundcloud.com,Stylesheet,277016,5.032374282383093
soundcloud,streaming,https://soundcloud.com,Image,1504205,27.325939864239107
soundcloud,streaming,https://soundcloud.com,XHR,50227,0.9124421083304055
soundcloud,streaming,https://soundcloud.com,Other,40857,0.7422232508422836
soundcloud,streaming,https://soundcloud.com,Preflight,0,0.0
soundcloud,streaming,https://soundcloud.com,Fetch,211019,3.8334485686537882
soundcloud,streaming,https://soundcloud.com,Font,153688,2.7919525901424205
webmd,health,https://www.webmd.com,Document,74295,4.153846927987128
webmd,health,https://www.webmd.com,Script,998299,55.815078193184206
webmd,health,https://www.webmd.com,Font,64579,3.6106236053904124
webmd,health,https://www.webmd.com,Image,446999,24.991795180877823
webmd,health,https://www.webmd.com,Stylesheet,6524,0.36475802353035897
webmd,health,https://www.webmd.com,XHR,4650,0.25998234356471017
webmd,health,https://www.webmd.com,Other,1670,0.09337000295764859
webmd,health,https://www.webmd.com,Fetch,190517,10.651840032025351
webmd,health,https://www.webmd.com,Ping,1050,0.05870569048235391
webmd,health,https://www.webmd.com,Document,74293,4.157226225336177
webmd,health,https://www.webmd.com,Script,997656,55.82600900574736
webmd,health,https://www.webmd.com,Font,64581,3.613770164866618
webmd,health,https://www.webmd.com,Image,445868,24.949512641005082
webmd,health,https://www.webmd.com,Stylesheet,6556,0.36685522368599965
webmd,health,https://www.webmd.com,Other,1928,0.10788542880820735
webmd,health,https://www.webmd.com,XHR,4649,0.26014489550277803
webmd,health,https://www.webmd.com,Fetch,190500,10.659841383798497
webmd,health,https://www.webmd.com,Ping,1050,0.05875503124928305
webmd,health,https://www.webmd.com,Document,74293,4.144494137191777
webmd,health,https://www.webmd.com,Image,445998,24.88035341417439
webmd,health,https://www.webmd.com,Script,1003056,55.95627732458017
webmd,health,https://www.webmd.com,Font,64581,3.6027024870981403
webmd,health,https://www.webmd.com,Stylesheet,6576,0.3668473940502217
webmd,health,https://www.webmd.com,Other,1857,0.10359422304611644
webmd,health,https://www.webmd.com,XHR,4648,0.2592923794929183
webmd,health,https://www.webmd.com,Fetch,190507,10.627584625657786
webmd,health,https://www.webmd.com,Ping,1055,0.058854014708482956
clevelandclinic,health,https://www.clevelandclinic.org,Document,13263,0.7017579133614961
clevelandclinic,health,https://www.clevelandclinic.org,Stylesheet,151266,8.003627574646767
clevelandclinic,health,https://www.clevelandclinic.org,Image,907170,47.9992253837102
clevelandclinic,health,https://www.clevelandclinic.org,Script,758541,40.13512398093513
clevelandclinic,health,https://www.clevelandclinic.org,Font,42852,2.2673399761265802
clevelandclinic,health,https://www.clevelandclinic.org,Fetch,14891,0.7878969379375735
clevelandclinic,health,https://www.clevelandclinic.org,XHR,971,0.05137653124285702
clevelandclinic,health,https://www.clevelandclinic.org,Other,1014,0.05365170203939961
clevelandclinic,health,https://www.clevelandclinic.org,Document,13098,0.6933221820222162
clevelandclinic,health,https://www.clevelandclinic.org,Stylesheet,150870,7.986067918895386
clevelandclinic,health,https://www.clevelandclinic.org,Script,758412,40.145355223074745
clevelandclinic,health,https://www.clevelandclinic.org,Image,907008,48.01105250203132
clevelandclinic,health,https://www.clevelandclinic.org,Font,42852,2.2683037214854185
clevelandclinic,health,https://www.clevelandclinic.org,Fetch,14958,0.791778378278234
clevelandclinic,health,https://www.clevelandclinic.org,XHR,953,0.050445567221497324
clevelandclinic,health,https://www.clevelandclinic.org,Other,1014,0.05367450699118394
clevelandclinic,health,https://www.clevelandclinic.org,Document,13162,0.6967250429299506
clevelandclinic,health,https://www.clevelandclinic.org,Stylesheet,151225,8.00503302059579
clevelandclinic,health,https://www.clevelandclinic.org,Image,907208,48.02268141212541
clevelandclinic,health,https://www.clevelandclinic.org,Script,758509,40.15136115998738
clevelandclinic,health,https://www.clevelandclinic.org,Font,42079,2.2274345146215917
clevelandclinic,health,https://www.clevelandclinic.org,Fetch,14975,0.7926954503780589
clevelandclinic,health,https://www.clevelandclinic.org,XHR,952,0.050393727463099294
clevelandclinic,health,https://www.clevelandclinic.org,Other,1014,0.05367567189872131
medlineplus,health,https://medlineplus.gov,Document,7313,0.5266933338326825
medlineplus,health,https://medlineplus.gov,Stylesheet,34993,2.5202488487360943
medlineplus,health,https://medlineplus.gov,Script,1074549,77.39064613381309
medlineplus,health,https://medlineplus.gov,Image,148161,10.670779575274727
medlineplus,health,https://medlineplus.gov,Font,44365,3.195234480443998
medlineplus,health,https://medlineplus.gov,XHR,76267,5.4928648285815935
medlineplus,health,https://medlineplus.gov,Other,2826,0.2035327993178122
medlineplus,health,https://medlineplus.gov,Document,7313,0.5611649025232086
medlineplus,health,https://medlineplus.gov,Stylesheet,35007,2.686270989009977
medlineplus,health,https://medlineplus.gov,Script,992096,76.12873719864149
medlineplus,health,https://medlineplus.gov,Image,148180,11.370629735524277
medlineplus,health,https://medlineplus.gov,Font,44367,3.4045129536779974
medlineplus,health,https://medlineplus.gov,XHR,73393,5.631830396675215
medlineplus,health,https://medlineplus.gov,Other,2826,0.2168538239478446
medlineplus,health,https://medlineplus.gov,Stylesheet,34998,2.52156602521566
medlineplus,health,https://medlineplus.gov,Image,148172,10.675623781023338
medlineplus,health,https://medlineplus.gov,Script,1074539,77.41931067973057
medlineplus,health,https://medlineplus.gov,Document,7313,0.5268933179725163
medlineplus,health,https://medlineplus.gov,Font,44363,3.1963036052529383
medlineplus,health,https://medlineplus.gov,XHR,75737,5.456764559453639
medlineplus,health,https://medlineplus.gov,Other,2825,0.20353803135134121
sanidad,health,https://www.sanidad.gob.es,Document,47232,0.4007357342465049
sanidad,health,https://www.sanidad.gob.es,Stylesheet,562870,4.775620823495305
sanidad,health,https://www.sanidad.gob.es,Script,1728128,14.662149452742717
sanidad,health,https://www.sanidad.gob.es,Image,8978432,76.176713666631
sanidad,health,https://www.sanidad.gob.es,Font,335120,2.8432960548079422
sanidad,health,https://www.sanidad.gob.es,Ping,845,0.0071693279013867
sanidad,health,https://www.sanidad.gob.es,XHR,7868,0.06675535139421368
sanidad,health,https://www.sanidad.gob.es,Other,1448,0.012285428167109992
sanidad,health,https://www.sanidad.gob.es,Preflight,0,0.0
sanidad,health,https://www.sanidad.gob.es,Fetch,124378,1.0552741606138167
sanidad,health,https://www.sanidad.gob.es,Stylesheet,562875,4.775389760037248
sanidad,health,https://www.sanidad.gob.es,Document,47232,0.4007127855137984
sanidad,health,https://www.sanidad.gob.es,Script,1728185,14.661793386542254
sanidad,health,https://www.sanidad.gob.es,Image,8978524,76.17313181407714
sanidad,health,https://www.sanidad.gob.es,Font,335641,2.847553354561247
sanidad,health,https://www.sanidad.gob.es,Ping,845,0.007168917339074349
sanidad,health,https://www.sanidad.gob.es,XHR,7868,0.0667515285489195
sanidad,health,https://www.sanidad.gob.es,Other,1448,0.012284724623644567
sanidad,health,https://www.sanidad.gob.es,Preflight,0,0.0
sanidad,health,https://www.sanidad.gob.es,Fetch,124378,1.0552137287566739
sanidad,health,https://www.sanidad.gob.es,Document,47232,0.40073631224852163
sanidad,health,https://www.sanidad.gob.es,Stylesheet,562873,4.775653164893762
sanidad,health,https://www.sanidad.gob.es,Script,1728100,14.661933036853622
sanidad,health,https://www.sanidad.gob.es,Image,8978432,76.17682354027183
sanidad,health,https://www.sanidad.gob.es,Font,335119,2.843291671417944
sanidad,health,https://www.sanidad.gob.es,Ping,854,0.007245698057677792
sanidad,health,https://www.sanidad.gob.es,XHR,7868,0.06675544767893311
sanidad,health,https://www.sanidad.gob.es,Other,1448,0.012285445887022768
sanidad,health,https://www.sanidad.gob.es,Preflight,0,0.0
sanidad,health,https://www.sanidad.gob.es,Fetch,124378,1.0552756826906893
nhs,health,https://www.nhs.uk,Document,6733,1.068106249048175
nhs,health,https://www.nhs.uk,Stylesheet,30215,4.793231889943652
nhs,health,https://www.nhs.uk,Script,71642,11.365107365856135
nhs,health,https://www.nhs.uk,Font,35525,5.635596984618509
nhs,health,https://www.nhs.uk,XHR,7101,1.1264848469465456
nhs,health,https://www.nhs.uk,Image,475880,75.49241078227321
nhs,health,https://www.nhs.uk,Other,3272,0.5190618813137723
nhs,health,https://www.nhs.uk,Document,6733,1.0681079434678529
nhs,health,https://www.nhs.uk,Stylesheet,30215,4.79323949381868
nhs,health,https://www.nhs.uk,Script,71641,11.364966757460335
nhs,health,https://www.nhs.uk,Font,35525,5.635605924802536
nhs,health,https://www.nhs.uk,XHR,7101,1.1264866339767152
nhs,health,https://www.nhs.uk,Image,475880,75.49253054173204
nhs,health,https://www.nhs.uk,Other,3272,0.5190627047418408
nhs,health,https://www.nhs.uk,Document,6733,1.0681079434678529
nhs,health,https://www.nhs.uk,Stylesheet,30215,4.79323949381868
nhs,health,https://www.nhs.uk,Script,71641,11.364966757460335
nhs,health,https://www.nhs.uk,Font,35525,5.635605924802536
nhs,health,https://www.nhs.uk,XHR,7101,1.1264866339767152
nhs,health,https://www.nhs.uk,Image,475880,75.49253054173204
nhs,health,https://www.nhs.uk,Other,3272,0.5190627047418408
healthline,health,https://www.healthline.com,Document,51705,2.017028786498059
healthline,health,https://www.healthline.com,Script,1468799,57.29832442857678
healthline,health,https://www.healthline.com,Font,158317,6.175997415956159
healthline,health,https://www.healthline.com,Image,624581,24.365106981911694
healthline,health,https://www.healthline.com,XHR,3131,0.12214132347984571
healthline,health,https://www.healthline.com,Fetch,249669,9.739668505873395
healthline,health,https://www.healthline.com,Other,6561,0.25594673374361787
healthline,health,https://www.healthline.com,Ping,661,0.025785823960452894
healthline,health,https://www.healthline.com,Document,51702,2.017257221560017
healthline,health,https://www.healthline.com,Image,624103,24.35063022218234
healthline,health,https://www.healthline.com,Script,1468913,57.31258669090923
healthline,health,https://www.healthline.com,XHR,3131,0.12216224441422795
healthline,health,https://www.healthline.com,Font,158316,6.177016252533667
healthline,health,https://www.healthline.com,Fetch,249597,9.7385275372271
healthline,health,https://www.healthline.com,Other,6562,0.2560295904970181
healthline,health,https://www.healthline.com,Ping,661,0.025790240676398807
healthline,health,https://www.healthline.com,Script,1468855,57.31103925823064
healthline,health,https://www.healthline.com,Document,51705,2.017399460700216
healthline,health,https://www.healthline.com,Font,158316,6.177093376273385
healthline,health,https://www.healthline.com,Image,624102,24.350895236861543
healthline,health,https://www.healthline.com,XHR,3132,0.12220278717557442
healthline,health,https://www.healthline.com,Fetch,249622,9.739624565881622
healthline,health,https://www.healthline.com,Ping,661,0.025790562682967654
healthline,health,https://www.healthline.com,Other,6560,0.25595475219405117
who,health,https://www.who.int,Document,29901,0.5374823908502345
who,health,https://www.who.int,Stylesheet,642876,11.555952292573338
who,health,https://www.who.int,Script,2948016,52.99176241412478
who,health,https://www.who.int,Image,1757994,31.600642728349126
who,health,https://www.who.int,Other,36891,0.6631304264357715
who,health,https://www.who.int,Font,130541,2.346526496905805
who,health,https://www.who.int,Manifest,7802,0.1402440591757309
who,health,https://www.who.int,XHR,8168,0.14682305503042425
who,health,https://www.who.int,Fetch,970,0.017436136554788387
who,health,https://www.who.int,Document,29901,0.4613311720922181
who,health,https://www.who.int,Script,2948267,45.4876917411059
who,health,https://www.who.int,Stylesheet,642821,9.917841054663446
who,health,https://www.who.int,Image,2675740,41.28297616849041
who,health,https://www.who.int,Manifest,7803,0.12038952328803645
who,health,https://www.who.int,Font,131074,2.022290961868011
who,health,https://www.who.int,Other,36894,0.5692235130320155
who,health,https://www.who.int,Fetch,753,0.011617750997807439
who,health,https://www.who.int,XHR,8208,0.12663811446215598
who,health,https://www.who.int,Document,29901,0.46136334635548265
who,health,https://www.who.int,Script,2948214,45.490046380123836
who,health,https://www.who.int,Stylesheet,642811,9.91837845002221
who,health,https://www.who.int,Image,2675940,41.28894127442193
who,health,https://www.who.int,Other,36892,0.5692323525549803
who,health,https://www.who.int,Manifest,7803,0.1203979195214819
who,health,https://www.who.int,Font,130553,2.014393129217997
who,health,https://www.who.int,XHR,8168,0.1260297586378911
who,health,https://www.who.int,Fetch,727,0.011217389144190357
cdc,health,https://www.cdc.gov,Document,10042,0.18822155187376224
cdc,health,https://www.cdc.gov,Image,4568071,85.62133167591405
cdc,health,https://www.cdc.gov,Stylesheet,47718,0.8943991249066108
cdc,health,https://www.cdc.gov,Script,353873,6.632794784527371
cdc,health,https://www.cdc.gov,Manifest,1078,0.02020542052578328
cdc,health,https://www.cdc.gov,Font,348194,6.526350829828
cdc,health,https://www.cdc.gov,Fetch,5266,0.09870291696546822
cdc,health,https://www.cdc.gov,Other,960,0.017993695458953567
cdc,health,https://www.cdc.gov,Document,10033,0.1880533544459914
cdc,health,https://www.cdc.gov,Stylesheet,47718,0.8944014718881508
cdc,health,https://www.cdc.gov,Script,353868,6.63271847215131
cdc,health,https://www.cdc.gov,Image,4568071,85.62155635377798
cdc,health,https://www.cdc.gov,Manifest,1078,0.02020547354657418
cdc,health,https://www.cdc.gov,Font,348194,6.526367955543459
cdc,health,https://www.cdc.gov,Fetch,5266,0.09870317597055624
cdc,health,https://www.cdc.gov,Other,960,0.017993742675984425
cdc,health,https://www.cdc.gov,Document,10033,0.18805035843526657
cdc,health,https://www.cdc.gov,Stylesheet,47718,0.8943872225469999
cdc,health,https://www.cdc.gov,Script,353953,6.63420597221548
cdc,health,https://www.cdc.gov,Image,4568071,85.62019225632878
cdc,health,https://www.cdc.gov,Manifest,1078,0.020205151638913323
cdc,health,https://www.cdc.gov,Font,348194,6.526263979369003
cdc,health,https://www.cdc.gov,Fetch,5266,0.09870160346059144
cdc,health,https://www.cdc.gov,Other,960,0.017993456004969193
ietf,standards,https://www.ietf.org,Document,9483,0.892090283337206
ietf,standards,https://www.ietf.org,Image,704230,66.24873354788153
ietf,standards,https://www.ietf.org,Stylesheet,53085,4.993842949589326
ietf,standards,https://www.ietf.org,Script,112858,10.616843319294569
ietf,standards,https://www.ietf.org,Font,172767,16.25263755998303
ietf,standards,https://www.ietf.org,Ping,0,0.0
ietf,standards,https://www.ietf.org,XHR,2819,0.26519060515950477
ietf,standards,https://www.ietf.org,Other,7767,0.7306617347548328
ietf,standards,https://www.ietf.org,Document,9488,0.8924229640895697
ietf,standards,https://www.ietf.org,Image,704290,66.24415781815377
ietf,standards,https://www.ietf.org,Stylesheet,53103,4.994765668428374
ietf,standards,https://www.ietf.org,Script,112930,10.621977796652098
ietf,standards,https://www.ietf.org,Font,172779,16.25125920240638
ietf,standards,https://www.ietf.org,Ping,0,0.0
ietf,standards,https://www.ietf.org,XHR,2815,0.26477346584234174
ietf,standards,https://www.ietf.org,Other,7768,0.7306430844274638
ietf,standards,https://www.ietf.org,Document,9503,0.8947798077113203
ietf,standards,https://www.ietf.org,Image,703774,66.26568077367429
ietf,standards,https://www.ietf.org,Script,112526,10.595179695098814
ietf,standards,https://www.ietf.org,Stylesheet,52879,4.9789604811077455
ietf,standards,https://www.ietf.org,Font,172785,16.269023368978267
ietf,standards,https://www.ietf.org,Ping,0,0.0
ietf,standards,https://www.ietf.org,XHR,2814,0.26495952634953757
ietf,standards,https://www.ietf.org,Other,7768,0.7314163470800311
w3c,standards,https://www.w3.org,Document,10981,2.8974149918336223
w3c,standards,https://www.w3.org,Stylesheet,57526,15.178644460451777
w3c,standards,https://www.w3.org,Script,23154,6.109347666051879
w3c,standards,https://www.w3.org,Image,200311,52.853482782003894
w3c,standards,https://www.w3.org,Font,35069,9.253205204317757
w3c,standards,https://www.w3.org,Media,49625,13.093909386189189
w3c,standards,https://www.w3.org,Other,1984,0.5234925183314731
w3c,standards,https://www.w3.org,XHR,343,0.09050299082041093
w3c,standards,https://www.w3.org,Document,10981,2.5924999055641598
w3c,standards,https://www.w3.org,Stylesheet,57523,13.580582102519548
w3c,standards,https://www.w3.org,Script,23157,5.467126883995014
w3c,standards,https://www.w3.org,Image,244880,57.81362142560344
w3c,standards,https://www.w3.org,Font,35071,8.279898387035848
w3c,standards,https://www.w3.org,Media,49630,11.717126883995013
w3c,standards,https://www.w3.org,Other,1984,0.4684017678389303
w3c,standards,https://www.w3.org,XHR,342,0.0807426434480414
w3c,standards,https://www.w3.org,Document,10978,3.3697794203414593
w3c,standards,https://www.w3.org,Stylesheet,56959,17.483992166444633
w3c,standards,https://www.w3.org,Script,22718,6.973460454665446
w3c,standards,https://www.w3.org,Image,148071,45.451503784785956
w3c,standards,https://www.w3.org,Font,35080,10.768069053158898
w3c,standards,https://www.w3.org,Media,49645,15.238905021210764
w3c,standards,https://www.w3.org,Other,1984,0.6090036773508339
w3c,standards,https://www.w3.org,XHR,343,0.10528642204200407
iana,standards,https://www.iana.org,Document,2018,0.14947350956097155
iana,standards,https://www.iana.org,Stylesheet,28382,2.102258249930374
iana,standards,https://www.iana.org,Script,184432,13.66090104824039
iana,standards,https://www.iana.org,Image,8323,0.6164856392844233
iana,standards,https://www.iana.org,Font,1122241,83.1245296547147
iana,standards,https://www.iana.org,Other,4676,0.3463518982691293
iana,standards,https://www.iana.org,Document,2018,0.14958785506730712
iana,standards,https://www.iana.org,Stylesheet,27695,2.0529413508865564
iana,standards,https://www.iana.org,Script,184271,13.659417066951313
iana,standards,https://www.iana.org,Image,8115,0.6015388720868173
iana,standards,https://www.iana.org,Font,1122241,83.1881189586669
iana,standards,https://www.iana.org,Other,4700,0.3483958963411018
iana,standards,https://www.iana.org,Document,2017,0.14951583407522936
iana,standards,https://www.iana.org,Stylesheet,27624,2.047707189139383
iana,standards,https://www.iana.org,Script,184357,13.665984443533496
iana,standards,https://www.iana.org,Image,8115,0.6015473443334092
iana,standards,https://www.iana.org,Font,1122232,83.1886234536008
iana,standards,https://www.iana.org,Other,4676,0.3466217353176859
rfc_editor,standards,https://www.rfc-editor.org,Document,35557,6.752850642296619
rfc_editor,standards,https://www.rfc-editor.org,Stylesheet,21356,4.055850558733487
rfc_editor,standards,https://www.rfc-editor.org,Script,420090,79.78190022562046
rfc_editor,standards,https://www.rfc-editor.org,Font,38456,7.3034177320966
rfc_editor,standards,https://www.rfc-editor.org,Image,9608,1.824714935770338
rfc_editor,standards,https://www.rfc-editor.org,Other,1179,0.22391121037398298
rfc_editor,standards,https://www.rfc-editor.org,Ping,0,0.0
rfc_editor,standards,https://www.rfc-editor.org,Fetch,302,0.057354695108518115
rfc_editor,standards,https://www.rfc-editor.org,Document,35293,6.707744705437392
rfc_editor,standards,https://www.rfc-editor.org,Stylesheet,21311,4.050342771019076
rfc_editor,standards,https://www.rfc-editor.org,Script,419971,79.8191780717776
rfc_editor,standards,https://www.rfc-editor.org,Font,38456,7.30890064296887
rfc_editor,standards,https://www.rfc-editor.org,Image,9641,1.8323567479421383
rfc_editor,standards,https://www.rfc-editor.org,Other,1179,0.22407930772988086
rfc_editor,standards,https://www.rfc-editor.org,Ping,0,0.0
rfc_editor,standards,https://www.rfc-editor.org,Fetch,302,0.05739775312504158
rfc_editor,standards,https://www.rfc-editor.org,Document,35488,6.7434604319554285
rfc_editor,standards,https://www.rfc-editor.org,Stylesheet,21324,4.052004910139133
rfc_editor,standards,https://www.rfc-editor.org,Script,419867,79.78349022722695
rfc_editor,standards,https://www.rfc-editor.org,Font,38457,7.307632378035109
rfc_editor,standards,https://www.rfc-editor.org,Image,9641,1.8319911526285586
rfc_editor,standards,https://www.rfc-editor.org,Other,1179,0.22403459899897007
rfc_editor,standards,https://www.rfc-editor.org,Ping,0,0.0
rfc_editor,standards,https://www.rfc-editor.org,Fetch,302,0.057386301015851536
ecma,standards,https://www.ecma-international.org,Stylesheet,124127,8.759566562812049
ecma,standards,https://www.ecma-international.org,Document,20214,1.426489631592504
ecma,standards,https://www.ecma-international.org,Script,905014,63.86628512150284
ecma,standards,https://www.ecma-international.org,Image,229859,16.22100921283375
ecma,standards,https://www.ecma-international.org,Font,77693,5.482747548595846
ecma,standards,https://www.ecma-international.org,Other,60138,4.243901922663007
ecma,standards,https://www.ecma-international.org,Document,20214,1.1536940296590799
ecma,standards,https://www.ecma-international.org,Stylesheet,124127,7.08442558719168
ecma,standards,https://www.ecma-international.org,Script,1240062,70.7753104683436
ecma,standards,https://www.ecma-international.org,Image,229868,13.119488434237327
ecma,standards,https://www.ecma-international.org,Font,77693,4.434251026333377
ecma,standards,https://www.ecma-international.org,Other,60147,3.43283045423492
ecma,standards,https://www.ecma-international.org,Stylesheet,124118,7.083907878035194
ecma,standards,https://www.ecma-international.org,Document,20205,1.1531797054069604
ecma,standards,https://www.ecma-international.org,Image,229886,13.120508278009623
ecma,standards,https://www.ecma-international.org,Script,1240045,70.7742998164501
ecma,standards,https://www.ecma-international.org,Font,77720,4.435789492909129
ecma,standards,https://www.ecma-international.org,Other,60138,3.4323148291890018
owasp,standards,https://owasp.org,Document,17823,0.2575725059450648
owasp,standards,https://owasp.org,Stylesheet,37070,0.5357242212525137
owasp,standards,https://owasp.org,Script,81757,1.1815269802250272
owasp,standards,https://owasp.org,Image,6387784,92.31428672590415
owasp,standards,https://owasp.org,XHR,28585,0.41310161490431896
owasp,standards,https://owasp.org,Font,362507,5.238839500231588
owasp,standards,https://owasp.org,Other,4079,0.05894845153733486
owasp,standards,https://owasp.org,Document,17942,0.25808329925450435
owasp,standards,https://owasp.org,Script,80113,1.1523702682630759
owasp,standards,https://owasp.org,Stylesheet,38728,0.5570755776127769
owasp,standards,https://owasp.org,Image,6420171,92.34973322138504
owasp,standards,https://owasp.org,XHR,26848,0.3861899686983019
owasp,standards,https://owasp.org,Font,364184,5.238535740480571
owasp,standards,https://owasp.org,Other,4033,0.05801192430573047
owasp,standards,https://owasp.org,Document,17948,0.25614290570635817
owasp,standards,https://owasp.org,Script,81784,1.1671713505843992
owasp,standards,https://owasp.org,Stylesheet,38733,0.5527737445244245
owasp,standards,https://owasp.org,Image,6473485,92.38562836786961
owasp,standards,https://owasp.org,XHR,26866,0.38341516072582005
owasp,standards,https://owasp.org,Font,364167,5.197169241272974
owasp,standards,https://owasp.org,Other,4043,0.057699229316403276
mozilla_foundation,standards,https://foundation.mozilla.org,Document,15859,0.24033492617039579
mozilla_foundation,standards,https://foundation.mozilla.org,Image,4794540,72.6587689590144
mozilla_foundation,standards,https://foundation.mozilla.org,Stylesheet,37350,0.5660198935912909
mozilla_foundation,standards,https://foundation.mozilla.org,Script,1504303,22.796932369184997
mozilla_foundation,standards,https://foundation.mozilla.org,Font,213036,3.2284501753979717
mozilla_foundation,standards,https://foundation.mozilla.org,XHR,1202,0.018215687070862963
mozilla_foundation,standards,https://foundation.mozilla.org,Fetch,980,0.01485139212100308
mozilla_foundation,standards,https://foundation.mozilla.org,Other,31438,0.47642659744907645
mozilla_foundation,standards,https://foundation.mozilla.org,Document,15847,0.24020377987105362
mozilla_foundation,standards,https://foundation.mozilla.org,Stylesheet,37350,0.5661394067131855
mozilla_foundation,standards,https://foundation.mozilla.org,Image,4794298,72.67044244514625
mozilla_foundation,standards,https://foundation.mozilla.org,Script,1503371,22.78761890253838
mozilla_foundation,standards,https://foundation.mozilla.org,Font,213034,3.229101536003662
mozilla_foundation,standards,https://foundation.mozilla.org,XHR,1208,0.01831047933894319
mozilla_foundation,standards,https://foundation.mozilla.org,Fetch,760,0.011519837994699359
mozilla_foundation,standards,https://foundation.mozilla.org,Other,31447,0.4766636123938299
mozilla_foundation,standards,https://foundation.mozilla.org,Document,15873,0.24060674190004294
mozilla_foundation,standards,https://foundation.mozilla.org,Stylesheet,37349,0.5661451019482583
mozilla_foundation,standards,https://foundation.mozilla.org,Image,4794176,72.67126992095886
mozilla_foundation,standards,https://foundation.mozilla.org,Script,1503512,22.790595585435476
mozilla_foundation,standards,https://foundation.mozilla.org,Font,213015,3.2289324718602437
mozilla_foundation,standards,https://foundation.mozilla.org,Fetch,771,0.011687002961313746
mozilla_foundation,standards,https://foundation.mozilla.org,XHR,939,0.014233587264168103
mozilla_foundation,standards,https://foundation.mozilla.org,Other,31437,0.4765295876716216
eff,standards,https://www.eff.org,Document,12598,0.3708253085476735
eff,standards,https://www.eff.org,Stylesheet,437689,12.883486146445676
eff,standards,https://www.eff.org,Script,922293,27.147927154815005
eff,standards,https://www.eff.org,Image,1900283,55.93530955730264
eff,standards,https://www.eff.org,Font,121540,3.5775605652392626
eff,standards,https://www.eff.org,Other,2884,0.08489126764974522
eff,standards,https://www.eff.org,Document,12598,0.3708157033003422
eff,standards,https://www.eff.org,Stylesheet,437705,12.883623385702197
eff,standards,https://www.eff.org,Image,1900195,55.93127046616873
eff,standards,https://www.eff.org,Script,922319,27.147989256411197
eff,standards,https://www.eff.org,Font,121583,3.578733581073623
eff,standards,https://www.eff.org,Other,2975,0.08756760734390522
eff,standards,https://www.eff.org,Document,12599,0.370836732939862
eff,standards,https://www.eff.org,Stylesheet,437705,12.88333139070103
eff,standards,https://www.eff.org,Image,1900414,55.936448844604726
eff,standards,https://www.eff.org,Script,922282,27.146284921759012
eff,standards,https://www.eff.org,Font,121568,3.578210965158595
eff,standards,https://www.eff.org,Other,2884,0.08488714483677767
