experiment,timestamp,site_label,category,url,use_cdp,pcap_file,profile_file,pcap_bytes,cdp_bytes,cdp_network_bytes,cdp_cached_bytes,capture_scoped_to_chrome_ports,overhead_bytes,overhead_pct,web_handshake_bytes,web_control_bytes,web_payload_bytes,energy_kwh,co2_kg,num_bursts,num_bursts_out,num_bursts_in,avg_burst_bytes,burst_file,keylog_file,preamble_noise_bytes
web,1784931836,bbc,news,https://www.bbc.com,True,results/20260725_002327/web_1784931836.pcap,results/20260725_002327/web_profile_1784931836.json,2918623,2012442,2012442,0,True,906181,45.02892505721904,409159,71282,2438182,0.00017219875700000002,4.8732248231e-05,1151,576,575,2535.728062554301,results/20260725_002327/web_1784931836_bursts.json,results/20260725_002327/web_1784931836.keylog,105054
web,1784931889,bbc,news,https://www.bbc.com,True,results/20260725_002327/web_1784931889.pcap,results/20260725_002327/web_profile_1784931889.json,2913992,2013065,2013065,0,True,900927,44.75399453072802,403511,71448,2439033,0.000171925528,4.8654924423999994e-05,1133,567,566,2571.9258605472196,results/20260725_002327/web_1784931889_bursts.json,results/20260725_002327/web_1784931889.keylog,56507
web,1784931924,bbc,news,https://www.bbc.com,True,results/20260725_002327/web_1784931924.pcap,results/20260725_002327/web_profile_1784931924.json,2833807,2011993,2011993,0,True,821814,40.8457683500887,416394,60320,2357093,0.000167194613,4.7316075478999995e-05,845,423,422,3353.61775147929,results/20260725_002327/web_1784931924_bursts.json,results/20260725_002327/web_1784931924.keylog,27056
web,1784932001,guardian,news,https://www.theguardian.com,True,results/20260725_002327/web_1784932001.pcap,results/20260725_002327/web_profile_1784932001.json,1642245,1061895,1061895,0,True,580350,54.6522961309734,247262,39436,1355547,9.6892455e-05,2.7420564765e-05,815,408,407,2015.0245398773006,results/20260725_002327/web_1784932001_bursts.json,results/20260725_002327/web_1784932001.keylog,135820
web,1784932036,guardian,news,https://www.theguardian.com,True,results/20260725_002327/web_1784932036.pcap,results/20260725_002327/web_profile_1784932036.json,1633322,1061524,1061524,0,True,571798,53.86576280894262,245983,41632,1345707,9.6365998e-05,2.7271577433999996e-05,745,373,372,2192.378523489933,results/20260725_002327/web_1784932036_bursts.json,results/20260725_002327/web_1784932036.keylog,165382
web,1784932065,guardian,news,https://www.theguardian.com,True,results/20260725_002327/web_1784932065.pcap,results/20260725_002327/web_profile_1784932065.json,1494580,1060653,1060653,0,True,433927,40.91130652531978,213878,37394,1243308,8.818022e-05,2.495500226e-05,703,352,351,2126.0028449502133,results/20260725_002327/web_1784932065_bursts.json,results/20260725_002327/web_1784932065.keylog,184863
web,1784932127,cnn,news,https://www.cnn.com,True,results/20260725_002327/web_1784932127.pcap,results/20260725_002327/web_profile_1784932127.json,15527283,13428902,13428902,0,True,2098381,15.625856827311718,679675,89330,14758278,0.0009161096970000001,0.00025925904425099996,3339,1670,1669,4650.279424977538,results/20260725_002327/web_1784932127_bursts.json,results/20260725_002327/web_1784932127.keylog,151457
web,1784932164,cnn,news,https://www.cnn.com,True,results/20260725_002327/web_1784932164.pcap,results/20260725_002327/web_profile_1784932164.json,16291766,13430139,13430139,0,True,2861627,21.307500987145406,697672,98280,15495814,0.0009612141940000001,0.000272023616902,3665,1833,1832,4445.229467939973,results/20260725_002327/web_1784932164_bursts.json,results/20260725_002327/web_1784932164.keylog,16485
web,1784932199,cnn,news,https://www.cnn.com,True,results/20260725_002327/web_1784932199.pcap,results/20260725_002327/web_profile_1784932199.json,16290220,14129804,14129804,0,True,2160416,15.289780381950097,688425,96116,15505679,0.0009611229800000001,0.00027199780334,3537,1769,1768,4605.660163980775,results/20260725_002327/web_1784932199_bursts.json,results/20260725_002327/web_1784932199.keylog,27603
web,1784932265,reuters,news,https://www.reuters.com,True,results/20260725_002327/web_1784932265.pcap,results/20260725_002327/web_profile_1784932265.json,648330,7590,7590,0,True,640740,8441.897233201582,161754,21234,465342,3.825147e-05,1.082516601e-05,347,174,173,1868.386167146974,results/20260725_002327/web_1784932265_bursts.json,results/20260725_002327/web_1784932265.keylog,18557
web,1784932292,reuters,news,https://www.reuters.com,True,results/20260725_002327/web_1784932292.pcap,results/20260725_002327/web_profile_1784932292.json,342707,17760,17760,0,True,324947,1829.6565315315315,127723,15916,199068,2.0219713e-05,5.722178778999999e-06,241,121,120,1422.0207468879669,results/20260725_002327/web_1784932292_bursts.json,results/20260725_002327/web_1784932292.keylog,6836
web,1784932319,reuters,news,https://www.reuters.com,True,results/20260725_002327/web_1784932319.pcap,results/20260725_002327/web_profile_1784932319.json,395793,17761,17761,0,True,378032,2128.438714036372,172702,17834,205257,2.3351787e-05,6.6085557209999995e-06,261,131,130,1516.448275862069,results/20260725_002327/web_1784932319_bursts.json,results/20260725_002327/web_1784932319.keylog,7077
web,1784932377,apnews,news,https://apnews.com,True,results/20260725_002327/web_1784932377.pcap,results/20260725_002327/web_profile_1784932377.json,11868033,8364582,8364582,0,True,3503451,41.884352380071114,1203604,198108,10466321,0.000700213947,0.00019816054700099998,4127,2064,2063,2875.704628059123,results/20260725_002327/web_1784932377_bursts.json,results/20260725_002327/web_1784932377.keylog,29484
web,1784932415,apnews,news,https://apnews.com,True,results/20260725_002327/web_1784932415.pcap,results/20260725_002327/web_profile_1784932415.json,12523162,9111520,9111520,0,True,3411642,37.44317084306461,1184612,193652,11144898,0.0007388665580000001,0.000209099235914,4181,2091,2090,2995.2552021047595,results/20260725_002327/web_1784932415_bursts.json,results/20260725_002327/web_1784932415.keylog,110347
web,1784932454,apnews,news,https://apnews.com,True,results/20260725_002327/web_1784932454.pcap,results/20260725_002327/web_profile_1784932454.json,11975603,8364834,8364834,0,True,3610769,43.16605685181559,1197199,215698,10562706,0.000706560577,0.000199956643291,4967,2484,2483,2411.0334205758004,results/20260725_002327/web_1784932454_bursts.json,results/20260725_002327/web_1784932454.keylog,3610
web,1784932524,elpais,news,https://elpais.com,True,results/20260725_002327/web_1784932524.pcap,results/20260725_002327/web_profile_1784932524.json,721986,6567,6567,0,True,715419,10894.152581087255,180418,27296,514272,4.2597174e-05,1.2055000241999999e-05,371,186,185,1946.053908355795,results/20260725_002327/web_1784932524_bursts.json,results/20260725_002327/web_1784932524.keylog,6715
web,1784932553,elpais,news,https://elpais.com,True,results/20260725_002327/web_1784932553.pcap,results/20260725_002327/web_profile_1784932553.json,470245,16730,16730,0,True,453515,2710.789001793186,189131,22244,258870,2.7744455e-05,7.851680764999998e-06,295,148,147,1594.050847457627,results/20260725_002327/web_1784932553_bursts.json,results/20260725_002327/web_1784932553.keylog,6851
web,1784932580,elpais,news,https://elpais.com,True,results/20260725_002327/web_1784932580.pcap,results/20260725_002327/web_profile_1784932580.json,350638,16734,16734,0,True,333904,1995.3627345524083,155895,16784,177959,2.0687642e-05,5.854602686e-06,235,118,117,1492.0765957446808,results/20260725_002327/web_1784932580_bursts.json,results/20260725_002327/web_1784932580.keylog,6991
web,1784932638,elmundo,news,https://www.elmundo.es,True,results/20260725_002327/web_1784932638.pcap,results/20260725_002327/web_profile_1784932638.json,9442042,6874207,6874207,0,True,2567835,37.35463596019148,1063163,186666,8192213,0.0005570804780000001,0.000157653775274,3329,1665,1664,2836.2997897266446,results/20260725_002327/web_1784932638_bursts.json,results/20260725_002327/web_1784932638.keylog,6878
web,1784932673,elmundo,news,https://www.elmundo.es,True,results/20260725_002327/web_1784932673.pcap,results/20260725_002327/web_profile_1784932673.json,9469351,6840276,6840276,0,True,2629075,38.43521811108207,1041432,180792,8247127,0.000558691709,0.000158109753647,3793,1897,1896,2496.5333509095703,results/20260725_002327/web_1784932673_bursts.json,results/20260725_002327/web_1784932673.keylog,5395
web,1784932708,elmundo,news,https://www.elmundo.es,True,results/20260725_002327/web_1784932708.pcap,results/20260725_002327/web_profile_1784932708.json,9420178,6851147,6851147,0,True,2569031,37.497823357169246,1057173,190854,8172151,0.0005557905020000001,0.000157288712066,3763,1882,1881,2503.3691203826734,results/20260725_002327/web_1784932708_bursts.json,results/20260725_002327/web_1784932708.keylog,4416
web,1784932775,abc_es,news,https://www.abc.es,True,results/20260725_002327/web_1784932775.pcap,results/20260725_002327/web_profile_1784932775.json,3168116,2229326,2229326,0,True,938790,42.11093397735459,463201,72566,2632349,0.00018691884400000002,5.2898032852e-05,1447,724,723,2189.437456807187,results/20260725_002327/web_1784932775_bursts.json,results/20260725_002327/web_1784932775.keylog,6458
web,1784932805,abc_es,news,https://www.abc.es,True,results/20260725_002327/web_1784932805.pcap,results/20260725_002327/web_profile_1784932805.json,3094543,2161748,2161748,0,True,932795,43.150034139039334,470820,78702,2545021,0.00018257803700000001,5.1669584470999996e-05,1425,713,712,2171.6091228070177,results/20260725_002327/web_1784932805_bursts.json,results/20260725_002327/web_1784932805.keylog,5127
web,1784932835,abc_es,news,https://www.abc.es,True,results/20260725_002327/web_1784932835.pcap,results/20260725_002327/web_profile_1784932835.json,3234819,2160937,2160937,0,True,1073882,49.695201664833355,497237,76716,2660866,0.000190854321,5.401177284299999e-05,1505,753,752,2149.381395348837,results/20260725_002327/web_1784932835_bursts.json,results/20260725_002327/web_1784932835.keylog,6900
web,1784932898,lavanguardia,news,https://www.lavanguardia.com,True,results/20260725_002327/web_1784932898.pcap,results/20260725_002327/web_profile_1784932898.json,8793516,6672557,6672557,0,True,2120959,31.78630021444553,693570,180770,7919176,0.000518817444,0.000146825336652,3665,1833,1832,2399.3222373806275,results/20260725_002327/web_1784932898_bursts.json,results/20260725_002327/web_1784932898.keylog,7613
web,1784932929,lavanguardia,news,https://www.lavanguardia.com,True,results/20260725_002327/web_1784932929.pcap,results/20260725_002327/web_profile_1784932929.json,8773354,6642382,6642382,0,True,2130972,32.081443072680855,681446,185512,7906396,0.000517627886,0.000146488691738,3555,1778,1777,2467.8914205344586,results/20260725_002327/web_1784932929_bursts.json,results/20260725_002327/web_1784932929.keylog,3382
web,1784932961,lavanguardia,news,https://www.lavanguardia.com,True,results/20260725_002327/web_1784932961.pcap,results/20260725_002327/web_profile_1784932961.json,8789637,6646646,6646646,0,True,2142991,32.241690019296946,688950,181978,7918709,0.000518588583,0.000146760568989,3825,1913,1912,2297.9443137254902,results/20260725_002327/web_1784932961_bursts.json,results/20260725_002327/web_1784932961.keylog,3381
web,1784933024,20minutos,news,https://www.20minutos.es,True,results/20260725_002327/web_1784933024.pcap,results/20260725_002327/web_profile_1784933024.json,2260273,1495301,1495301,0,True,764972,51.15839553374204,354476,55210,1850587,0.000133356107,3.7739778280999996e-05,975,488,487,2318.228717948718,results/20260725_002327/web_1784933024_bursts.json,results/20260725_002327/web_1784933024.keylog,7140
web,1784933053,20minutos,news,https://www.20minutos.es,True,results/20260725_002327/web_1784933053.pcap,results/20260725_002327/web_profile_1784933053.json,2295911,1492578,1492578,0,True,803333,53.821843816537566,429262,76014,1790635,0.00013545874900000002,3.8334825967000005e-05,1187,594,593,1934.213142375737,results/20260725_002327/web_1784933053_bursts.json,results/20260725_002327/web_1784933053.keylog,7020
web,1784933081,20minutos,news,https://www.20minutos.es,True,results/20260725_002327/web_1784933081.pcap,results/20260725_002327/web_profile_1784933081.json,2218255,1491206,1491206,0,True,727049,48.755772173663466,383189,64986,1770080,0.000130877045,3.7038203735e-05,1155,578,577,1920.5670995670996,results/20260725_002327/web_1784933081_bursts.json,results/20260725_002327/web_1784933081.keylog,6966
web,1784933141,santander,banking,https://www.santander.com,True,results/20260725_002327/web_1784933141.pcap,results/20260725_002327/web_profile_1784933141.json,60818445,30813063,30813063,0,True,30005382,97.37877081548173,167197,975018,59676230,0.003588288255,0.0010154855761649998,26635,13318,13317,2283.4032288342405,results/20260725_002327/web_1784933141_bursts.json,results/20260725_002327/web_1784933141.keylog,15384
web,1784933182,santander,banking,https://www.santander.com,True,results/20260725_002327/web_1784933182.pcap,results/20260725_002327/web_profile_1784933182.json,60058456,30810595,30810595,0,True,29247861,94.9279330697768,174570,913628,58970258,0.003543448904,0.001002796039832,25545,12773,12772,2351.084595811313,results/20260725_002327/web_1784933182_bursts.json,results/20260725_002327/web_1784933182.keylog,3262
web,1784933221,santander,banking,https://www.santander.com,True,results/20260725_002327/web_1784933221.pcap,results/20260725_002327/web_profile_1784933221.json,60495524,30811210,30811210,0,True,29684314,96.34257791238969,186323,942964,59366237,0.0035692359160000003,0.001010093764228,26091,13046,13045,2318.635698133456,results/20260725_002327/web_1784933221_bursts.json,results/20260725_002327/web_1784933221.keylog,3335
web,1784933289,bbva,banking,https://www.bbva.com,True,results/20260725_002327/web_1784933289.pcap,results/20260725_002327/web_profile_1784933289.json,1413648,986823,986823,0,True,426825,43.25243736718743,168034,32756,1212858,8.3405232e-05,2.3603680655999998e-05,641,321,320,2205.3790951638066,results/20260725_002327/web_1784933289_bursts.json,results/20260725_002327/web_1784933289.keylog,6888
web,1784933317,bbva,banking,https://www.bbva.com,True,results/20260725_002327/web_1784933317.pcap,results/20260725_002327/web_profile_1784933317.json,1396104,986826,986826,0,True,409278,41.47418085863161,151921,32392,1211791,8.237013600000001e-05,2.3310748488000003e-05,645,323,322,2164.5023255813953,results/20260725_002327/web_1784933317_bursts.json,results/20260725_002327/web_1784933317.keylog,835939
web,1784933345,bbva,banking,https://www.bbva.com,True,results/20260725_002327/web_1784933345.pcap,results/20260725_002327/web_profile_1784933345.json,1439274,986842,986842,0,True,452432,45.84644755695441,184231,34624,1220419,8.4917166e-05,2.4031557977999997e-05,667,334,333,2157.832083958021,results/20260725_002327/web_1784933345_bursts.json,results/20260725_002327/web_1784933345.keylog,6943
web,1784933403,caixabank,banking,https://www.caixabank.es,True,results/20260725_002327/web_1784933403.pcap,results/20260725_002327/web_profile_1784933403.json,12003483,10716976,10716976,0,True,1286507,12.004384445761564,243721,162140,11597622,0.000708205497,0.000200422155651,4267,2134,2133,2813.096554956644,results/20260725_002327/web_1784933403_bursts.json,results/20260725_002327/web_1784933403.keylog,16702
web,1784933434,caixabank,banking,https://www.caixabank.es,True,results/20260725_002327/web_1784933434.pcap,results/20260725_002327/web_profile_1784933434.json,12087928,10864558,10864558,0,True,1223370,11.260191164702697,273145,163868,11650915,0.000713187752,0.000201832133816,4095,2048,2047,2951.8749694749695,results/20260725_002327/web_1784933434_bursts.json,results/20260725_002327/web_1784933434.keylog,3336
web,1784933465,caixabank,banking,https://www.caixabank.es,True,results/20260725_002327/web_1784933465.pcap,results/20260725_002327/web_profile_1784933465.json,12030107,10791545,10791545,0,True,1238562,11.477151788738313,269360,176220,11584527,0.0007097763130000001,0.000200866696579,4541,2271,2270,2649.2197753798723,results/20260725_002327/web_1784933465_bursts.json,results/20260725_002327/web_1784933465.keylog,3642
web,1784933528,ing_es,banking,https://www.ing.es,True,results/20260725_002327/web_1784933528.pcap,results/20260725_002327/web_profile_1784933528.json,3269153,2122637,2122637,0,True,1146516,54.01375741589354,273396,47288,2948469,0.000192880027,5.4585047641e-05,1271,636,635,2572.110936270653,results/20260725_002327/web_1784933528_bursts.json,results/20260725_002327/web_1784933528.keylog,6976
web,1784933563,ing_es,banking,https://www.ing.es,True,results/20260725_002327/web_1784933563.pcap,results/20260725_002327/web_profile_1784933563.json,3230548,2121845,2121845,0,True,1108703,52.251837433931314,252480,39676,2938392,0.00019060233200000003,5.3940459956000006e-05,1437,719,718,2248.1196938065414,results/20260725_002327/web_1784933563_bursts.json,results/20260725_002327/web_1784933563.keylog,3575
web,1784933594,ing_es,banking,https://www.ing.es,True,results/20260725_002327/web_1784933594.pcap,results/20260725_002327/web_profile_1784933594.json,3368257,2125508,2125508,0,True,1242749,58.468328512525005,271280,46836,3050141,0.00019872716300000002,5.6239787129e-05,1465,733,732,2299.1515358361776,results/20260725_002327/web_1784933594_bursts.json,results/20260725_002327/web_1784933594.keylog,3381
web,1784933655,bankinter,banking,https://www.bankinter.com,True,results/20260725_002327/web_1784933655.pcap,results/20260725_002327/web_profile_1784933655.json,1091229,143802,143802,0,True,947427,658.8413234864605,153924,24128,913177,6.438251100000001e-05,1.8220250613000003e-05,463,232,231,2356.866090712743,results/20260725_002327/web_1784933655_bursts.json,results/20260725_002327/web_1784933655.keylog,8044
web,1784933683,bankinter,banking,https://www.bankinter.com,True,results/20260725_002327/web_1784933683.pcap,results/20260725_002327/web_profile_1784933683.json,1109562,138971,138971,0,True,970591,698.4126184599664,162330,17462,929770,6.5464158e-05,1.8526356713999998e-05,395,198,197,2809.0177215189874,results/20260725_002327/web_1784933683_bursts.json,results/20260725_002327/web_1784933683.keylog,7890
web,1784933710,bankinter,banking,https://www.bankinter.com,True,results/20260725_002327/web_1784933710.pcap,results/20260725_002327/web_profile_1784933710.json,1065514,144819,144819,0,True,920695,635.7556674193304,123867,12968,928679,6.2865326e-05,1.7790887258e-05,339,170,169,3143.109144542773,results/20260725_002327/web_1784933710_bursts.json,results/20260725_002327/web_1784933710.keylog,6954
web,1784933769,chase,banking,https://www.chase.com,True,results/20260725_002327/web_1784933769.pcap,results/20260725_002327/web_profile_1784933769.json,1924196,1394594,1394594,0,True,529602,37.975353400344474,219738,53492,1650966,0.00011352756400000001,3.2128300612e-05,913,457,456,2107.553121577218,results/20260725_002327/web_1784933769_bursts.json,results/20260725_002327/web_1784933769.keylog,7252
web,1784933797,chase,banking,https://www.chase.com,True,results/20260725_002327/web_1784933797.pcap,results/20260725_002327/web_profile_1784933797.json,1914081,1394294,1394294,0,True,519787,37.279583789358625,213999,54966,1645116,0.000112930779,3.1959410456999996e-05,933,467,466,2051.533762057878,results/20260725_002327/web_1784933797_bursts.json,results/20260725_002327/web_1784933797.keylog,4221
web,1784933825,chase,banking,https://www.chase.com,True,results/20260725_002327/web_1784933825.pcap,results/20260725_002327/web_profile_1784933825.json,1777402,1382960,1382960,0,True,394442,28.521576907502748,187258,48062,1542082,0.00010486671800000001,2.9677281194e-05,847,424,423,2098.4675324675327,results/20260725_002327/web_1784933825_bursts.json,results/20260725_002327/web_1784933825.keylog,23197
web,1784933887,hsbc,banking,https://www.hsbc.com,True,results/20260725_002327/web_1784933887.pcap,results/20260725_002327/web_profile_1784933887.json,5065480,4425764,4425764,0,True,639716,14.4543631336872,156168,81580,4827732,0.00029886332,8.457831955999999e-05,1971,986,985,2570.0050735667173,results/20260725_002327/web_1784933887_bursts.json,results/20260725_002327/web_1784933887.keylog,6768
web,1784933916,hsbc,banking,https://www.hsbc.com,True,results/20260725_002327/web_1784933916.pcap,results/20260725_002327/web_profile_1784933916.json,4999771,4425708,4425708,0,True,574063,12.971099765280494,184565,75118,4740088,0.000294986489,8.3481176387e-05,1753,877,876,2852.122646891044,results/20260725_002327/web_1784933916_bursts.json,results/20260725_002327/web_1784933916.keylog,4002
web,1784933944,hsbc,banking,https://www.hsbc.com,True,results/20260725_002327/web_1784933944.pcap,results/20260725_002327/web_profile_1784933944.json,4971242,4425893,4425893,0,True,545349,12.32178455285747,162096,72422,4736724,0.000293303278,8.3004827674e-05,1709,855,854,2908.860152135752,results/20260725_002327/web_1784933944_bursts.json,results/20260725_002327/web_1784933944.keylog,15712
web,1784934005,barclays,banking,https://www.barclays.co.uk,True,results/20260725_002327/web_1784934005.pcap,results/20260725_002327/web_profile_1784934005.json,1595769,1257610,1257610,0,True,338159,26.889019648380657,150420,29834,1415515,9.4150371e-05,2.6644554993e-05,559,280,279,2854.685152057245,results/20260725_002327/web_1784934005_bursts.json,results/20260725_002327/web_1784934005.keylog,3590
web,1784934034,barclays,banking,https://www.barclays.co.uk,True,results/20260725_002327/web_1784934034.pcap,results/20260725_002327/web_profile_1784934034.json,1587134,1257648,1257648,0,True,329486,26.1985865679427,143798,28210,1415126,9.3640906e-05,2.6500376397999998e-05,571,286,285,2779.569176882662,results/20260725_002327/web_1784934034_bursts.json,results/20260725_002327/web_1784934034.keylog,3402
web,1784934063,barclays,banking,https://www.barclays.co.uk,True,results/20260725_002327/web_1784934063.pcap,results/20260725_002327/web_profile_1784934063.json,1659789,1257545,1257545,0,True,402244,31.986449789073156,126244,24204,1509341,9.7927551e-05,2.7713496933e-05,469,235,234,3538.995735607676,results/20260725_002327/web_1784934063_bursts.json,results/20260725_002327/web_1784934063.keylog,6980
web,1784934121,paypal,banking,https://www.paypal.com,True,results/20260725_002327/web_1784934121.pcap,results/20260725_002327/web_profile_1784934121.json,2355889,1116722,1116722,0,True,1239167,110.96468055612768,275453,36716,2043720,0.000138997451,3.9336278633e-05,789,395,394,2985.917617237009,results/20260725_002327/web_1784934121_bursts.json,results/20260725_002327/web_1784934121.keylog,53417
web,1784934150,paypal,banking,https://www.paypal.com,True,results/20260725_002327/web_1784934150.pcap,results/20260725_002327/web_profile_1784934150.json,2239481,1099395,1099395,0,True,1140086,103.70121748780011,223706,45854,1969921,0.000132129379,3.7392614257e-05,819,410,409,2734.4090354090354,results/20260725_002327/web_1784934150_bursts.json,results/20260725_002327/web_1784934150.keylog,14309
web,1784934178,paypal,banking,https://www.paypal.com,True,results/20260725_002327/web_1784934178.pcap,results/20260725_002327/web_profile_1784934178.json,2339848,1092392,1092392,0,True,1247456,114.19490439329472,281710,39506,2018632,0.000138051032,3.906844205599999e-05,873,437,436,2680.238258877434,results/20260725_002327/web_1784934178_bursts.json,results/20260725_002327/web_1784934178.keylog,32207
web,1784934240,deutsche_bank,banking,https://www.db.com,True,results/20260725_002327/web_1784934240.pcap,results/20260725_002327/web_profile_1784934240.json,3371792,2724160,2724160,0,True,647632,23.77364031481264,235239,26786,3109767,0.00019893572800000004,5.629881102400001e-05,945,473,472,3568.0338624338624,results/20260725_002327/web_1784934240_bursts.json,results/20260725_002327/web_1784934240.keylog,34926
web,1784934268,deutsche_bank,banking,https://www.db.com,True,results/20260725_002327/web_1784934268.pcap,results/20260725_002327/web_profile_1784934268.json,3360094,2724142,2724142,0,True,635952,23.345038547917106,222976,31520,3105598,0.000198245546,5.6103489517999996e-05,1015,508,507,3310.4374384236453,results/20260725_002327/web_1784934268_bursts.json,results/20260725_002327/web_1784934268.keylog,20488
web,1784934297,deutsche_bank,banking,https://www.db.com,True,results/20260725_002327/web_1784934297.pcap,results/20260725_002327/web_profile_1784934297.json,3239869,2724104,2724104,0,True,515765,18.933381398067034,184606,25588,3029675,0.00019115227100000002,5.4096092693e-05,829,415,414,3908.165259348613,results/20260725_002327/web_1784934297_bursts.json,results/20260725_002327/web_1784934297.keylog,39506
web,1784934357,ine,public_admin,https://www.ine.es,True,results/20260725_002327/web_1784934357.pcap,results/20260725_002327/web_profile_1784934357.json,2657518,2145199,2145199,0,True,512319,23.882120027093055,140485,65504,2451529,0.00015679356200000002,4.4372578046000004e-05,987,494,493,2692.520770010132,results/20260725_002327/web_1784934357_bursts.json,results/20260725_002327/web_1784934357.keylog,18082
web,1784934385,ine,public_admin,https://www.ine.es,True,results/20260725_002327/web_1784934385.pcap,results/20260725_002327/web_profile_1784934385.json,2702808,2145248,2145248,0,True,557560,25.990468234908036,180210,65962,2456636,0.00015946567200000002,4.5128785176e-05,1015,508,507,2662.865024630542,results/20260725_002327/web_1784934385_bursts.json,results/20260725_002327/web_1784934385.keylog,7146
web,1784934413,ine,public_admin,https://www.ine.es,True,results/20260725_002327/web_1784934413.pcap,results/20260725_002327/web_profile_1784934413.json,2695260,2145345,2145345,0,True,549915,25.63294015647833,169940,66014,2459306,0.00015902034000000003,4.5002756220000005e-05,951,476,475,2834.1324921135647,results/20260725_002327/web_1784934413_bursts.json,results/20260725_002327/web_1784934413.keylog,7032
web,1784934473,boe,public_admin,https://www.boe.es,True,results/20260725_002327/web_1784934473.pcap,results/20260725_002327/web_profile_1784934473.json,1065507,798224,798224,0,True,267283,33.48471105854998,111542,28510,925455,6.286491300000001e-05,1.7790770379e-05,415,208,207,2567.486746987952,results/20260725_002327/web_1784934473_bursts.json,results/20260725_002327/web_1784934473.keylog,6830
web,1784934504,boe,public_admin,https://www.boe.es,True,results/20260725_002327/web_1784934504.pcap,results/20260725_002327/web_profile_1784934504.json,1153938,798227,798227,0,True,355711,44.56263694412742,114128,29862,1009948,6.8082342e-05,1.9267302785999998e-05,519,260,259,2223.3872832369943,results/20260725_002327/web_1784934504_bursts.json,results/20260725_002327/web_1784934504.keylog,6708
web,1784934535,boe,public_admin,https://www.boe.es,True,results/20260725_002327/web_1784934535.pcap,results/20260725_002327/web_profile_1784934535.json,1079207,798224,798224,0,True,280983,35.201021267213214,127607,32526,919074,6.3673213e-05,1.8019519279e-05,509,255,254,2120.2495088408646,results/20260725_002327/web_1784934535_bursts.json,results/20260725_002327/web_1784934535.keylog,114294
web,1784934596,aeat,public_admin,https://www.agenciatributaria.gob.es,True,results/20260725_002327/web_1784934596.pcap,results/20260725_002327/web_profile_1784934596.json,3297950,2661156,2661156,0,True,636794,23.929224742931268,215501,50218,3032231,0.00019457905000000003,5.506587115e-05,1121,561,560,2941.971454058876,results/20260725_002327/web_1784934596_bursts.json,results/20260725_002327/web_1784934596.keylog,6696
web,1784934624,aeat,public_admin,https://www.agenciatributaria.gob.es,True,results/20260725_002327/web_1784934624.pcap,results/20260725_002327/web_profile_1784934624.json,3279889,2661179,2661179,0,True,618710,23.249469502051532,197944,50588,3031357,0.000193513451,5.476430663299999e-05,1085,543,542,3022.9391705069124,results/20260725_002327/web_1784934624_bursts.json,results/20260725_002327/web_1784934624.keylog,7490
web,1784934652,aeat,public_admin,https://www.agenciatributaria.gob.es,True,results/20260725_002327/web_1784934652.pcap,results/20260725_002327/web_profile_1784934652.json,3215545,2661156,2661156,0,True,554389,20.83263814673022,219978,50606,2944961,0.000189717155,5.3689954865e-05,971,486,485,3311.5808444902164,results/20260725_002327/web_1784934652_bursts.json,results/20260725_002327/web_1784934652.keylog,6835
web,1784934711,sepe,public_admin,https://www.sepe.es,True,results/20260725_002327/web_1784934711.pcap,results/20260725_002327/web_profile_1784934711.json,4646032,4011329,4011329,0,True,634703,15.822760985199668,183215,95290,4367527,0.000274115888,7.757479630399999e-05,1713,857,856,2712.2194979568008,results/20260725_002327/web_1784934711_bursts.json,results/20260725_002327/web_1784934711.keylog,6795
web,1784934740,sepe,public_admin,https://www.sepe.es,True,results/20260725_002327/web_1784934740.pcap,results/20260725_002327/web_profile_1784934740.json,4598843,4012724,4012724,0,True,586119,14.606511686325799,210872,99084,4288887,0.000271331737,7.6786881571e-05,1807,904,903,2545.0154952960706,results/20260725_002327/web_1784934740_bursts.json,results/20260725_002327/web_1784934740.keylog,3335
web,1784934768,sepe,public_admin,https://www.sepe.es,True,results/20260725_002327/web_1784934768.pcap,results/20260725_002327/web_profile_1784934768.json,4586948,4012719,4012719,0,True,574229,14.310222071368567,184792,111828,4290328,0.000270629932,7.6588270756e-05,1919,960,959,2390.2803543512246,results/20260725_002327/web_1784934768_bursts.json,results/20260725_002327/web_1784934768.keylog,6804
web,1784934828,administracion_es,public_admin,https://administracion.gob.es,True,results/20260725_002327/web_1784934828.pcap,results/20260725_002327/web_profile_1784934828.json,3335485,2470768,2470768,0,True,864717,34.9979034858797,242476,99870,2993139,0.00019679361500000002,5.5692593045e-05,1381,691,690,2415.2679217958002,results/20260725_002327/web_1784934828_bursts.json,results/20260725_002327/web_1784934828.keylog,6986
web,1784934858,administracion_es,public_admin,https://administracion.gob.es,True,results/20260725_002327/web_1784934858.pcap,results/20260725_002327/web_profile_1784934858.json,3290466,2470608,2470608,0,True,819858,33.18446309572381,202075,80964,3007427,0.000194137494,5.4940910801999995e-05,1097,549,548,2999.5132178669096,results/20260725_002327/web_1784934858_bursts.json,results/20260725_002327/web_1784934858.keylog,6976
web,1784934886,administracion_es,public_admin,https://administracion.gob.es,True,results/20260725_002327/web_1784934886.pcap,results/20260725_002327/web_profile_1784934886.json,3366243,2471789,2471789,0,True,894454,36.18650297416163,199899,92262,3074082,0.000198608337,5.6206159370999996e-05,1211,606,605,2779.7217175887695,results/20260725_002327/web_1784934886_bursts.json,results/20260725_002327/web_1784934886.keylog,6902
web,1784934946,europa_eu,public_admin,https://europa.eu,True,results/20260725_002327/web_1784934946.pcap,results/20260725_002327/web_profile_1784934946.json,1608790,1060510,1060510,0,True,548280,51.69965394008543,200963,26452,1381375,9.491861e-05,2.6861966629999997e-05,593,297,296,2712.9679595278244,results/20260725_002327/web_1784934946_bursts.json,results/20260725_002327/web_1784934946.keylog,6706
web,1784934974,europa_eu,public_admin,https://europa.eu,True,results/20260725_002327/web_1784934974.pcap,results/20260725_002327/web_profile_1784934974.json,1610374,1053392,1053392,0,True,556982,52.87509303279311,205874,26046,1378454,9.5012066e-05,2.6888414677999997e-05,531,266,265,3032.7193973634653,results/20260725_002327/web_1784934974_bursts.json,results/20260725_002327/web_1784934974.keylog,8627
web,1784935002,europa_eu,public_admin,https://europa.eu,True,results/20260725_002327/web_1784935002.pcap,results/20260725_002327/web_profile_1784935002.json,1619016,1072459,1072459,0,True,546557,50.96297387592439,204569,30814,1383633,9.5521944e-05,2.7032710151999998e-05,649,325,324,2494.6317411402156,results/20260725_002327/web_1784935002_bursts.json,results/20260725_002327/web_1784935002.keylog,7151
web,1784935062,worldbank,public_admin,https://www.worldbank.org,True,results/20260725_002327/web_1784935062.pcap,results/20260725_002327/web_profile_1784935062.json,3115948,2440069,2440069,0,True,675879,27.699175720030865,263269,65510,2787169,0.00018384093200000002,5.2026983756e-05,1103,552,551,2824.9755213055305,results/20260725_002327/web_1784935062_bursts.json,results/20260725_002327/web_1784935062.keylog,8404
web,1784935090,worldbank,public_admin,https://www.worldbank.org,True,results/20260725_002327/web_1784935090.pcap,results/20260725_002327/web_profile_1784935090.json,3034284,2440340,2440340,0,True,593944,24.33857577222846,271852,60302,2702130,0.00017902275600000002,5.0663439948e-05,1057,529,528,2870.6565752128668,results/20260725_002327/web_1784935090_bursts.json,results/20260725_002327/web_1784935090.keylog,6900
web,1784935117,worldbank,public_admin,https://www.worldbank.org,True,results/20260725_002327/web_1784935117.pcap,results/20260725_002327/web_profile_1784935117.json,3135630,2440041,2440041,0,True,695589,28.507266886089212,272756,68558,2794316,0.00018500217000000003,5.2355614110000004e-05,1175,588,587,2668.621276595745,results/20260725_002327/web_1784935117_bursts.json,results/20260725_002327/web_1784935117.keylog,7040
web,1784935179,gov_uk,public_admin,https://www.gov.uk,True,results/20260725_002327/web_1784935179.pcap,results/20260725_002327/web_profile_1784935179.json,501838,194055,194055,0,True,307783,158.60606529076807,114411,12174,375253,2.9608442000000004e-05,8.379189086e-06,293,147,146,1712.7576791808874,results/20260725_002327/web_1784935179_bursts.json,results/20260725_002327/web_1784935179.keylog,6783
web,1784935206,gov_uk,public_admin,https://www.gov.uk,True,results/20260725_002327/web_1784935206.pcap,results/20260725_002327/web_profile_1784935206.json,496466,194058,194058,0,True,302408,155.83382287769635,109447,15044,371975,2.9291494e-05,8.289492801999999e-06,271,136,135,1831.9778597785978,results/20260725_002327/web_1784935206_bursts.json,results/20260725_002327/web_1784935206.keylog,16503
web,1784935233,gov_uk,public_admin,https://www.gov.uk,True,results/20260725_002327/web_1784935233.pcap,results/20260725_002327/web_profile_1784935233.json,520267,194075,194075,0,True,326192,168.07522864871828,129147,12970,378150,3.0695753e-05,8.686898099e-06,257,129,128,2024.385214007782,results/20260725_002327/web_1784935233_bursts.json,results/20260725_002327/web_1784935233.keylog,7033
web,1784935293,usa_gov,public_admin,https://www.usa.gov,True,results/20260725_002327/web_1784935293.pcap,results/20260725_002327/web_profile_1784935293.json,1880898,1303109,1303109,0,True,577789,44.33926862603205,269999,36486,1574413,0.000110972982,3.1405353906e-05,733,367,366,2566.0272851296045,results/20260725_002327/web_1784935293_bursts.json,results/20260725_002327/web_1784935293.keylog,3334
web,1784935323,usa_gov,public_admin,https://www.usa.gov,True,results/20260725_002327/web_1784935323.pcap,results/20260725_002327/web_profile_1784935323.json,1668902,1257532,1257532,0,True,411370,32.7124876345095,212621,29326,1426955,9.8465218e-05,2.7865656693999995e-05,621,311,310,2687.4428341384864,results/20260725_002327/web_1784935323_bursts.json,results/20260725_002327/web_1784935323.keylog,39762
web,1784935351,usa_gov,public_admin,https://www.usa.gov,True,results/20260725_002327/web_1784935351.pcap,results/20260725_002327/web_profile_1784935351.json,1672179,1257721,1257721,0,True,414458,32.95309532082234,213551,32472,1426156,9.8658561e-05,2.7920372762999996e-05,625,313,312,2675.4864,results/20260725_002327/web_1784935351_bursts.json,results/20260725_002327/web_1784935351.keylog,89651
web,1784935410,canada_gov,public_admin,https://www.canada.ca,True,results/20260725_002327/web_1784935410.pcap,results/20260725_002327/web_profile_1784935410.json,1265223,784022,784022,0,True,481201,61.37595628694093,218431,37222,1009570,7.4648157e-05,2.1125428431e-05,593,297,296,2133.5969645868468,results/20260725_002327/web_1784935410_bursts.json,results/20260725_002327/web_1784935410.keylog,6837
web,1784935445,canada_gov,public_admin,https://www.canada.ca,True,results/20260725_002327/web_1784935445.pcap,results/20260725_002327/web_profile_1784935445.json,1282609,784021,784021,0,True,498588,63.593704760459225,237003,37094,1008512,7.567393100000001e-05,2.1415722473000002e-05,553,277,276,2319.3652802893307,results/20260725_002327/web_1784935445_bursts.json,results/20260725_002327/web_1784935445.keylog,6823
web,1784935484,canada_gov,public_admin,https://www.canada.ca,True,results/20260725_002327/web_1784935484.pcap,results/20260725_002327/web_profile_1784935484.json,1272487,784020,784020,0,True,488467,62.30287492666003,226353,39370,1006764,7.507673300000001e-05,2.1246715439e-05,597,299,298,2131.469011725293,results/20260725_002327/web_1784935484_bursts.json,results/20260725_002327/web_1784935484.keylog,7556
web,1784935552,wikipedia,education,https://www.wikipedia.org,True,results/20260725_002327/web_1784935552.pcap,results/20260725_002327/web_profile_1784935552.json,292043,81033,81033,0,True,211010,260.4000839164291,125216,12216,154611,1.7230537e-05,4.876241971e-06,197,99,98,1482.451776649746,results/20260725_002327/web_1784935552_bursts.json,results/20260725_002327/web_1784935552.keylog,7042
web,1784935579,wikipedia,education,https://www.wikipedia.org,True,results/20260725_002327/web_1784935579.pcap,results/20260725_002327/web_profile_1784935579.json,356603,81030,81030,0,True,275573,340.08762186844376,100302,16396,239905,2.1039577e-05,5.954200291e-06,197,99,98,1810.1675126903554,results/20260725_002327/web_1784935579_bursts.json,results/20260725_002327/web_1784935579.keylog,6848
web,1784935606,wikipedia,education,https://www.wikipedia.org,True,results/20260725_002327/web_1784935606.pcap,results/20260725_002327/web_profile_1784935606.json,279366,81031,81031,0,True,198335,244.7643494465081,118523,12956,147887,1.6482594e-05,4.664574102e-06,193,97,96,1447.4922279792745,results/20260725_002327/web_1784935606_bursts.json,results/20260725_002327/web_1784935606.keylog,8321
web,1784935666,khanacademy,education,https://www.khanacademy.org,True,results/20260725_002327/web_1784935666.pcap,results/20260725_002327/web_profile_1784935666.json,3471472,2867932,2867932,0,True,603540,21.044432015821855,178845,68604,3224023,0.00020481684800000003,5.7963167984e-05,1269,635,634,2735.5965327029157,results/20260725_002327/web_1784935666_bursts.json,results/20260725_002327/web_1784935666.keylog,4043
web,1784935694,khanacademy,education,https://www.khanacademy.org,True,results/20260725_002327/web_1784935694.pcap,results/20260725_002327/web_profile_1784935694.json,3472199,2868316,2868316,0,True,603883,21.053572897825763,186708,65922,3219569,0.00020485974100000002,5.7975306703e-05,1293,647,646,2685.382057231245,results/20260725_002327/web_1784935694_bursts.json,results/20260725_002327/web_1784935694.keylog,7097
web,1784935721,khanacademy,education,https://www.khanacademy.org,True,results/20260725_002327/web_1784935721.pcap,results/20260725_002327/web_profile_1784935721.json,3394607,2867248,2867248,0,True,527359,18.39251435522843,174370,91666,3128571,0.000200281813,5.6679753078999995e-05,1961,981,980,1731.0591534931157,results/20260725_002327/web_1784935721_bursts.json,results/20260725_002327/web_1784935721.keylog,541186
web,1784935781,coursera,education,https://www.coursera.org,True,results/20260725_002327/web_1784935781.pcap,results/20260725_002327/web_profile_1784935781.json,2441044,1766706,1766706,0,True,674338,38.169225666296484,208074,31042,2201928,0.000144021596,4.0758111668e-05,715,358,357,3414.0475524475523,results/20260725_002327/web_1784935781_bursts.json,results/20260725_002327/web_1784935781.keylog,15439
web,1784935824,coursera,education,https://www.coursera.org,True,results/20260725_002327/web_1784935824.pcap,results/20260725_002327/web_profile_1784935824.json,2325277,1623101,1623101,0,True,702176,43.26138669127799,245591,40992,2038694,0.000137191343,3.8825150069e-05,827,414,413,2811.7013301088273,results/20260725_002327/web_1784935824_bursts.json,results/20260725_002327/web_1784935824.keylog,3747
web,1784935854,coursera,education,https://www.coursera.org,True,results/20260725_002327/web_1784935854.pcap,results/20260725_002327/web_profile_1784935854.json,2370113,1690208,1690208,0,True,679905,40.226114182396486,213499,30140,2126474,0.000139836667,3.9573776761e-05,693,347,346,3420.0764790764792,results/20260725_002327/web_1784935854_bursts.json,results/20260725_002327/web_1784935854.keylog,579091
web,1784935922,edx,education,https://www.edx.org,True,results/20260725_002327/web_1784935922.pcap,results/20260725_002327/web_profile_1784935922.json,6976957,5864924,5864924,0,True,1112033,18.96074015622368,304513,108548,6563896,0.000411640463,0.000116494251029,2293,1147,1146,3042.720017444396,results/20260725_002327/web_1784935922_bursts.json,results/20260725_002327/web_1784935922.keylog,821109
web,1784935977,edx,education,https://www.edx.org,True,results/20260725_002327/web_1784935977.pcap,results/20260725_002327/web_profile_1784935977.json,6790226,5805392,5805392,0,True,984834,16.96412576446173,310063,102160,6378003,0.000400623334,0.00011337640352199999,2129,1065,1064,3189.39689995303,results/20260725_002327/web_1784935977_bursts.json,results/20260725_002327/web_1784935977.keylog,29833
web,1784936012,edx,education,https://www.edx.org,True,results/20260725_002327/web_1784936012.pcap,results/20260725_002327/web_profile_1784936012.json,6822232,5798442,5798442,0,True,1023790,17.656294570162125,285473,89336,6447423,0.00040251168800000005,0.00011391080770400001,1867,934,933,3654.114622388859,results/20260725_002327/web_1784936012_bursts.json,results/20260725_002327/web_1784936012.keylog,3315
web,1784936078,mit,education,https://www.mit.edu,True,results/20260725_002327/web_1784936078.pcap,results/20260725_002327/web_profile_1784936078.json,1639738,1201587,1201587,0,True,438151,36.46435921826717,165563,47368,1426807,9.674454200000001e-05,2.7378705386e-05,741,371,370,2212.871794871795,results/20260725_002327/web_1784936078_bursts.json,results/20260725_002327/web_1784936078.keylog,20036
web,1784936106,mit,education,https://www.mit.edu,True,results/20260725_002327/web_1784936106.pcap,results/20260725_002327/web_profile_1784936106.json,1533649,1201578,1201578,0,True,332071,27.63624167553001,155620,34824,1343205,9.048529100000001e-05,2.5607337353e-05,557,279,278,2753.4093357271095,results/20260725_002327/web_1784936106_bursts.json,results/20260725_002327/web_1784936106.keylog,16445
web,1784936134,mit,education,https://www.mit.edu,True,results/20260725_002327/web_1784936134.pcap,results/20260725_002327/web_profile_1784936134.json,1530254,1201578,1201578,0,True,328676,27.353696555695926,146717,47380,1336157,9.028498600000001e-05,2.5550651038e-05,665,333,332,2301.133834586466,results/20260725_002327/web_1784936134_bursts.json,results/20260725_002327/web_1784936134.keylog,6852
web,1784936195,stanford,education,https://www.stanford.edu,True,results/20260725_002327/web_1784936195.pcap,results/20260725_002327/web_profile_1784936195.json,10680601,2985309,1901613,1083696,True,8778988,461.6600748943134,306226,131044,10243331,0.0006301554590000001,0.00017833399489700002,3165,1583,1582,3374.5974723538707,results/20260725_002327/web_1784936195_bursts.json,results/20260725_002327/web_1784936195.keylog,6920
web,1784936225,stanford,education,https://www.stanford.edu,True,results/20260725_002327/web_1784936225.pcap,results/20260725_002327/web_profile_1784936225.json,8858689,3000058,1899975,1100083,True,6958714,366.252924380584,284587,106502,8467600,0.000522662651,0.00014791353023299998,2457,1229,1228,3605.4900284900286,results/20260725_002327/web_1784936225_bursts.json,results/20260725_002327/web_1784936225.keylog,20298
web,1784936255,stanford,education,https://www.stanford.edu,True,results/20260725_002327/web_1784936255.pcap,results/20260725_002327/web_profile_1784936255.json,11552683,2642907,1901272,741635,True,9651411,507.6291556389617,294340,128542,11129801,0.0006816082970000001,0.000192895148051,3183,1592,1591,3629.4951303801445,results/20260725_002327/web_1784936255_bursts.json,results/20260725_002327/web_1784936255.keylog,3402
web,1784936315,harvard,education,https://www.harvard.edu,True,results/20260725_002327/web_1784936315.pcap,results/20260725_002327/web_profile_1784936315.json,3598915,2861987,2861987,0,True,736928,25.748824156084567,393760,55650,3149505,0.00021233598500000001,6.0091083755e-05,895,448,447,4021.1340782122907,results/20260725_002327/web_1784936315_bursts.json,results/20260725_002327/web_1784936315.keylog,6883
web,1784936344,harvard,education,https://www.harvard.edu,True,results/20260725_002327/web_1784936344.pcap,results/20260725_002327/web_profile_1784936344.json,3528390,2861341,2861341,0,True,667049,23.312460835671107,341422,43984,3142984,0.00020817501000000002,5.891352783e-05,895,448,447,3942.335195530726,results/20260725_002327/web_1784936344_bursts.json,results/20260725_002327/web_1784936344.keylog,6769
web,1784936372,harvard,education,https://www.harvard.edu,True,results/20260725_002327/web_1784936372.pcap,results/20260725_002327/web_profile_1784936372.json,3571823,2861944,2861944,0,True,709879,24.804084216881954,378513,47476,3145834,0.000210737557,5.9638728631e-05,961,481,480,3716.777315296566,results/20260725_002327/web_1784936372_bursts.json,results/20260725_002327/web_1784936372.keylog,6975
web,1784936431,uned,education,https://www.uned.es,True,results/20260725_002327/web_1784936431.pcap,results/20260725_002327/web_profile_1784936431.json,10304155,4969047,4969047,0,True,5335108,107.36682506726139,319924,132170,9852061,0.000607945145,0.000172048476035,2053,1027,1026,5019.0720896249395,results/20260725_002327/web_1784936431_bursts.json,results/20260725_002327/web_1784936431.keylog,7123
web,1784936463,uned,education,https://www.uned.es,True,results/20260725_002327/web_1784936463.pcap,results/20260725_002327/web_profile_1784936463.json,10210077,5098707,5098707,0,True,5111370,100.24835708347233,248151,178310,9783616,0.0006023945430000001,0.000170477655669,3675,1838,1837,2778.2522448979594,results/20260725_002327/web_1784936463_bursts.json,results/20260725_002327/web_1784936463.keylog,3262
web,1784936493,uned,education,https://www.uned.es,True,results/20260725_002327/web_1784936493.pcap,results/20260725_002327/web_profile_1784936493.json,9383590,5062791,5062791,0,True,4320799,85.34421033773664,247948,147032,8988610,0.0005536318100000001,0.00015667780223000002,3293,1647,1646,2849.5566352869723,results/20260725_002327/web_1784936493_bursts.json,results/20260725_002327/web_1784936493.keylog,3196
web,1784936559,upm,education,https://www.upm.es,True,results/20260725_002327/web_1784936559.pcap,results/20260725_002327/web_profile_1784936559.json,4633467,4037015,4037015,0,True,596452,14.774579732797624,192474,83684,4357309,0.000273374553,7.7364998499e-05,1359,680,679,3409.4679911699777,results/20260725_002327/web_1784936559_bursts.json,results/20260725_002327/web_1784936559.keylog,6521
web,1784936587,upm,education,https://www.upm.es,True,results/20260725_002327/web_1784936587.pcap,results/20260725_002327/web_profile_1784936587.json,4631426,4036299,4036299,0,True,595127,14.744373496611624,209766,60682,4360978,0.000273254134,7.733091992199999e-05,837,419,418,5533.364396654719,results/20260725_002327/web_1784936587_bursts.json,results/20260725_002327/web_1784936587.keylog,6834
web,1784936616,upm,education,https://www.upm.es,True,results/20260725_002327/web_1784936616.pcap,results/20260725_002327/web_profile_1784936616.json,4639780,4036335,4036335,0,True,603445,14.950320030423638,194762,66102,4378916,0.00027374702,7.747040665999999e-05,981,491,490,4729.643221202854,results/20260725_002327/web_1784936616_bursts.json,results/20260725_002327/web_1784936616.keylog,7334
web,1784936679,uc3m,education,https://www.uc3m.es,True,results/20260725_002327/web_1784936679.pcap,results/20260725_002327/web_profile_1784936679.json,11072947,5733904,5733904,0,True,5339043,93.11357497439789,226626,197742,10648579,0.0006533038730000001,0.00018488499605900002,4607,2304,2303,2403.5048838723683,results/20260725_002327/web_1784936679_bursts.json,results/20260725_002327/web_1784936679.keylog,142448
web,1784936715,uc3m,education,https://www.uc3m.es,True,results/20260725_002327/web_1784936715.pcap,results/20260725_002327/web_profile_1784936715.json,14187283,5733836,5733836,0,True,8453447,147.43091710331444,206080,169702,13811501,0.000837049697,0.000236885064251,3849,1925,1924,3685.9659651857623,results/20260725_002327/web_1784936715_bursts.json,results/20260725_002327/web_1784936715.keylog,3195
web,1784936751,uc3m,education,https://www.uc3m.es,True,results/20260725_002327/web_1784936751.pcap,results/20260725_002327/web_profile_1784936751.json,10994766,5733328,5733328,0,True,5261438,91.76935280870029,217863,134572,10642331,0.000648691194,0.000183579607902,2929,1465,1464,3753.761010583817,results/20260725_002327/web_1784936751_bursts.json,results/20260725_002327/web_1784936751.keylog,183564
web,1784936815,amazon,ecommerce,https://www.amazon.com,True,results/20260725_002327/web_1784936815.pcap,results/20260725_002327/web_profile_1784936815.json,6528355,4661343,4661343,0,True,1867012,40.05309199516105,641575,88780,5798000,0.00038517294500000005,0.000109003943435,1629,815,814,4007.584407612032,results/20260725_002327/web_1784936815_bursts.json,results/20260725_002327/web_1784936815.keylog,6852
web,1784936845,amazon,ecommerce,https://www.amazon.com,True,results/20260725_002327/web_1784936845.pcap,results/20260725_002327/web_profile_1784936845.json,6481399,4674517,4674517,0,True,1806882,38.65387589776655,665636,87116,5728647,0.000382402541,0.000108219919103,1671,836,835,3878.7546379413525,results/20260725_002327/web_1784936845_bursts.json,results/20260725_002327/web_1784936845.keylog,3196
web,1784936875,amazon,ecommerce,https://www.amazon.com,True,results/20260725_002327/web_1784936875.pcap,results/20260725_002327/web_profile_1784936875.json,5979459,4058926,4058926,0,True,1920533,47.31628514538082,666231,92094,5221134,0.00035278808100000004,9.983902692300001e-05,1593,797,796,3753.583804143126,results/20260725_002327/web_1784936875_bursts.json,results/20260725_002327/web_1784936875.keylog,15264
web,1784936939,amazon_es,ecommerce,https://www.amazon.es,True,results/20260725_002327/web_1784936939.pcap,results/20260725_002327/web_profile_1784936939.json,7892268,6342703,3058931,3283772,True,4833337,158.00738885578,243043,39604,7609621,0.000465643812,0.000131777198796,1637,819,818,4821.17776420281,results/20260725_002327/web_1784936939_bursts.json,results/20260725_002327/web_1784936939.keylog,105400
web,1784936968,amazon_es,ecommerce,https://www.amazon.es,True,results/20260725_002327/web_1784936968.pcap,results/20260725_002327/web_profile_1784936968.json,8275805,6136402,3071471,3064931,True,5204334,169.44109190677693,380662,50950,7844193,0.000488272495,0.00013818111608499998,1487,744,743,5565.437121721587,results/20260725_002327/web_1784936968_bursts.json,results/20260725_002327/web_1784936968.keylog,4271
web,1784936997,amazon_es,ecommerce,https://www.amazon.es,True,results/20260725_002327/web_1784936997.pcap,results/20260725_002327/web_profile_1784936997.json,8112143,6104553,3032797,3071756,True,5079346,167.4805798080122,322399,42978,7746766,0.000478616437,0.00013544845167099998,1493,747,746,5433.451440053584,results/20260725_002327/web_1784936997_bursts.json,results/20260725_002327/web_1784936997.keylog,4795
web,1784937057,ebay,ecommerce,https://www.ebay.com,True,results/20260725_002327/web_1784937057.pcap,results/20260725_002327/web_profile_1784937057.json,6239438,5280543,5280543,0,True,958895,18.15902266111648,281517,94898,5863023,0.00036812684200000003,0.000104179896286,1857,929,928,3359.955842757135,results/20260725_002327/web_1784937057_bursts.json,results/20260725_002327/web_1784937057.keylog,158927
web,1784937088,ebay,ecommerce,https://www.ebay.com,True,results/20260725_002327/web_1784937088.pcap,results/20260725_002327/web_profile_1784937088.json,6373634,5381590,5381590,0,True,992044,18.434031578028055,302550,109736,5961348,0.000376044406,0.00010642056689799999,2743,1372,1371,2323.5997083485236,results/20260725_002327/web_1784937088_bursts.json,results/20260725_002327/web_1784937088.keylog,4795
web,1784937119,ebay,ecommerce,https://www.ebay.com,True,results/20260725_002327/web_1784937119.pcap,results/20260725_002327/web_profile_1784937119.json,6073366,5129157,5129157,0,True,944209,18.40865857683826,302505,69410,5701451,0.000358328594,0.000101406992102,1381,691,690,4397.803041274439,results/20260725_002327/web_1784937119_bursts.json,results/20260725_002327/web_1784937119.keylog,3381
web,1784937187,aliexpress,ecommerce,https://www.aliexpress.com,True,results/20260725_002327/web_1784937187.pcap,results/20260725_002327/web_profile_1784937187.json,4682973,3360279,3360279,0,True,1322694,39.3626243535135,569504,91254,4022215,0.000276295407,7.8191600181e-05,1778,889,889,2633.843082114736,results/20260725_002327/web_1784937187_bursts.json,results/20260725_002327/web_1784937187.keylog,16447
web,1784937221,aliexpress,ecommerce,https://www.aliexpress.com,True,results/20260725_002327/web_1784937221.pcap,results/20260725_002327/web_profile_1784937221.json,4616695,3358077,3358077,0,True,1258618,37.48031983781194,523314,85448,4007933,0.000272385005,7.7084956415e-05,1738,869,869,2656.326237054085,results/20260725_002327/web_1784937221_bursts.json,results/20260725_002327/web_1784937221.keylog,3194
web,1784937253,aliexpress,ecommerce,https://www.aliexpress.com,True,results/20260725_002327/web_1784937253.pcap,results/20260725_002327/web_profile_1784937253.json,4537189,3310368,3310368,0,True,1226821,37.05995828862531,515002,74492,3947695,0.000267694151,7.575744473299999e-05,1514,757,757,2996.822324966975,results/20260725_002327/web_1784937253_bursts.json,results/20260725_002327/web_1784937253.keylog,3904
web,1784937318,etsy,ecommerce,https://www.etsy.com,True,results/20260725_002327/web_1784937318.pcap,results/20260725_002327/web_profile_1784937318.json,536647,6616,6616,0,True,530031,8011.351269649334,140227,17074,379346,3.1662173e-05,8.960394959e-06,253,127,126,2121.1343873517785,results/20260725_002327/web_1784937318_bursts.json,results/20260725_002327/web_1784937318.keylog,4208
web,1784937346,etsy,ecommerce,https://www.etsy.com,True,results/20260725_002327/web_1784937346.pcap,results/20260725_002327/web_profile_1784937346.json,289897,16762,16762,0,True,273135,1629.489321083403,152237,14522,123138,1.7103923e-05,4.8404102089999995e-06,185,93,92,1567.0108108108109,results/20260725_002327/web_1784937346_bursts.json,results/20260725_002327/web_1784937346.keylog,7808
web,1784937373,etsy,ecommerce,https://www.etsy.com,True,results/20260725_002327/web_1784937373.pcap,results/20260725_002327/web_profile_1784937373.json,307721,16761,16761,0,True,290960,1735.9346101067956,167097,18252,122372,1.8155539e-05,5.138017536999999e-06,207,104,103,1486.574879227053,results/20260725_002327/web_1784937373_bursts.json,results/20260725_002327/web_1784937373.keylog,7008
web,1784937430,otto_de,ecommerce,https://www.otto.de,True,results/20260725_002327/web_1784937430.pcap,results/20260725_002327/web_profile_1784937430.json,4275008,3300196,3300196,0,True,974812,29.538003197385855,202240,76740,3996028,0.00025222547200000003,7.1379808576e-05,1407,704,703,3038.3852167732766,results/20260725_002327/web_1784937430_bursts.json,results/20260725_002327/web_1784937430.keylog,7021
web,1784937465,otto_de,ecommerce,https://www.otto.de,True,results/20260725_002327/web_1784937465.pcap,results/20260725_002327/web_profile_1784937465.json,4067649,3186285,3186285,0,True,881364,27.661179084733472,207670,66398,3793581,0.000239991291,6.791753535299999e-05,1317,659,658,3088.5717539863326,results/20260725_002327/web_1784937465_bursts.json,results/20260725_002327/web_1784937465.keylog,5358
web,1784937503,otto_de,ecommerce,https://www.otto.de,True,results/20260725_002327/web_1784937503.pcap,results/20260725_002327/web_profile_1784937503.json,4339850,3297042,3297042,0,True,1042808,31.62859314500695,263598,70664,4005588,0.00025605115000000003,7.246247545000001e-05,1195,598,597,3631.673640167364,results/20260725_002327/web_1784937503_bursts.json,results/20260725_002327/web_1784937503.keylog,3334
web,1784937570,walmart,ecommerce,https://www.walmart.com,True,results/20260725_002327/web_1784937570.pcap,results/20260725_002327/web_profile_1784937570.json,3985628,3238602,3238602,0,True,747026,23.066310710609084,240309,56200,3689119,0.000235152052,6.6548030716e-05,863,432,431,4618.34067207416,results/20260725_002327/web_1784937570_bursts.json,results/20260725_002327/web_1784937570.keylog,6833
web,1784937602,walmart,ecommerce,https://www.walmart.com,True,results/20260725_002327/web_1784937602.pcap,results/20260725_002327/web_profile_1784937602.json,3991289,3239639,3239639,0,True,751650,23.201659197213022,246113,54662,3690514,0.000235486051,6.6642552433e-05,947,474,473,4214.66631467793,results/20260725_002327/web_1784937602_bursts.json,results/20260725_002327/web_1784937602.keylog,3382
web,1784937635,walmart,ecommerce,https://www.walmart.com,True,results/20260725_002327/web_1784937635.pcap,results/20260725_002327/web_profile_1784937635.json,5214575,3615572,3615572,0,True,1599003,44.225450357509125,342711,80932,4790932,0.000307659925,8.7067758775e-05,1415,708,707,3685.2120141342757,results/20260725_002327/web_1784937635_bursts.json,results/20260725_002327/web_1784937635.keylog,3795
web,1784937700,mediamarkt,ecommerce,https://www.mediamarkt.es,True,results/20260725_002327/web_1784937700.pcap,results/20260725_002327/web_profile_1784937700.json,3893606,2917812,2917812,0,True,975794,33.442661830165896,479927,88276,3325403,0.00022972275400000002,6.501153938199999e-05,1499,750,749,2597.468979319546,results/20260725_002327/web_1784937700_bursts.json,results/20260725_002327/web_1784937700.keylog,7208
web,1784937731,mediamarkt,ecommerce,https://www.mediamarkt.es,True,results/20260725_002327/web_1784937731.pcap,results/20260725_002327/web_profile_1784937731.json,3886681,2917493,2917493,0,True,969188,33.21989118739959,467386,87432,3331863,0.000229314179,6.489591265699999e-05,1547,774,773,2512.39883645766,results/20260725_002327/web_1784937731_bursts.json,results/20260725_002327/web_1784937731.keylog,12274
web,1784937761,mediamarkt,ecommerce,https://www.mediamarkt.es,True,results/20260725_002327/web_1784937761.pcap,results/20260725_002327/web_profile_1784937761.json,3872545,2917780,2917780,0,True,954765,32.72230942703014,460577,80208,3331760,0.000228480155,6.4659883865e-05,1345,673,672,2879.2156133829,results/20260725_002327/web_1784937761_bursts.json,results/20260725_002327/web_1784937761.keylog,4300
web,1784937824,pccomponentes,ecommerce,https://www.pccomponentes.com,True,results/20260725_002327/web_1784937824.pcap,results/20260725_002327/web_profile_1784937824.json,1072514,128892,128892,0,True,943622,732.1028457933774,148214,13776,910524,6.327832600000001e-05,1.7907766258e-05,371,186,185,2890.8733153638814,results/20260725_002327/web_1784937824_bursts.json,results/20260725_002327/web_1784937824.keylog,27691
web,1784937851,pccomponentes,ecommerce,https://www.pccomponentes.com,True,results/20260725_002327/web_1784937851.pcap,results/20260725_002327/web_profile_1784937851.json,1077554,126765,126765,0,True,950789,750.0406263558554,143295,16164,918095,6.357568600000001e-05,1.7991919138000002e-05,349,175,174,3087.547277936963,results/20260725_002327/web_1784937851_bursts.json,results/20260725_002327/web_1784937851.keylog,20432
web,1784937879,pccomponentes,ecommerce,https://www.pccomponentes.com,True,results/20260725_002327/web_1784937879.pcap,results/20260725_002327/web_profile_1784937879.json,957017,127941,127941,0,True,829076,648.0143191002102,118133,8346,830538,5.6464003e-05,1.5979312849e-05,285,143,142,3357.9543859649125,results/20260725_002327/web_1784937879_bursts.json,results/20260725_002327/web_1784937879.keylog,20426
web,1784937937,mercadona,ecommerce,https://www.mercadona.es,True,results/20260725_002327/web_1784937937.pcap,results/20260725_002327/web_profile_1784937937.json,1439100,1065796,1065796,0,True,373304,35.025839841770846,124705,30928,1283467,8.490690000000001e-05,2.4028652700000002e-05,587,294,293,2451.618398637138,results/20260725_002327/web_1784937937_bursts.json,results/20260725_002327/web_1784937937.keylog,7083
web,1784937965,mercadona,ecommerce,https://www.mercadona.es,True,results/20260725_002327/web_1784937965.pcap,results/20260725_002327/web_profile_1784937965.json,1360723,1065797,1065797,0,True,294926,27.671873724546042,141284,22562,1196877,8.0282657e-05,2.2719991931e-05,359,180,179,3790.314763231198,results/20260725_002327/web_1784937965_bursts.json,results/20260725_002327/web_1784937965.keylog,17101
web,1784937992,mercadona,ecommerce,https://www.mercadona.es,True,results/20260725_002327/web_1784937992.pcap,results/20260725_002327/web_profile_1784937992.json,1454210,1065798,1065798,0,True,388412,36.44330351530027,145386,24514,1284310,8.579839000000001e-05,2.428094437e-05,415,208,207,3504.120481927711,results/20260725_002327/web_1784937992_bursts.json,results/20260725_002327/web_1784937992.keylog,6836
web,1784938050,github,technology,https://github.com,True,results/20260725_002327/web_1784938050.pcap,results/20260725_002327/web_profile_1784938050.json,5744650,4066157,4066157,0,True,1678493,41.27959151601869,148241,37628,5558781,0.00033893435000000006,9.591842105000001e-05,1145,573,572,5017.161572052401,results/20260725_002327/web_1784938050_bursts.json,results/20260725_002327/web_1784938050.keylog,44070
web,1784938079,github,technology,https://github.com,True,results/20260725_002327/web_1784938079.pcap,results/20260725_002327/web_profile_1784938079.json,5739553,4066995,4066995,0,True,1672558,41.12515505920219,142733,36106,5560714,0.000338633627,9.583331644099999e-05,987,494,493,5815.1499493414385,results/20260725_002327/web_1784938079_bursts.json,results/20260725_002327/web_1784938079.keylog,8993
web,1784938108,github,technology,https://github.com,True,results/20260725_002327/web_1784938108.pcap,results/20260725_002327/web_profile_1784938108.json,5789183,4070525,4070525,0,True,1718658,42.22202295772659,163506,34572,5591105,0.000341561797,9.6661988551e-05,1101,551,550,5258.113533151681,results/20260725_002327/web_1784938108_bursts.json,results/20260725_002327/web_1784938108.keylog,4929
web,1784938167,stackoverflow,technology,https://stackoverflow.com,True,results/20260725_002327/web_1784938167.pcap,results/20260725_002327/web_profile_1784938167.json,3152227,2235244,2235244,0,True,916983,41.023843481964384,668099,71010,2413118,0.00018598139300000002,5.2632734219000004e-05,1089,545,544,2894.6069788797063,results/20260725_002327/web_1784938167_bursts.json,results/20260725_002327/web_1784938167.keylog,9932
web,1784938197,stackoverflow,technology,https://stackoverflow.com,True,results/20260725_002327/web_1784938197.pcap,results/20260725_002327/web_profile_1784938197.json,3150277,2237681,2237681,0,True,912596,40.783114304496486,425987,83574,2640716,0.000185866343,5.2600175069e-05,1307,654,653,2410.311400153022,results/20260725_002327/web_1784938197_bursts.json,results/20260725_002327/web_1784938197.keylog,3315
web,1784938227,stackoverflow,technology,https://stackoverflow.com,True,results/20260725_002327/web_1784938227.pcap,results/20260725_002327/web_profile_1784938227.json,3134705,2236203,2236203,0,True,898502,40.179804785164855,408215,75090,2651400,0.000184947595,5.2340169385e-05,1279,640,639,2450.9030492572324,results/20260725_002327/web_1784938227_bursts.json,results/20260725_002327/web_1784938227.keylog,3520
web,1784938287,mdn,technology,https://developer.mozilla.org,True,results/20260725_002327/web_1784938287.pcap,results/20260725_002327/web_profile_1784938287.json,1391403,1091049,1091049,0,True,300354,27.528919416084886,127666,27078,1236659,8.209277700000001e-05,2.3232255891e-05,489,245,244,2845.40490797546,results/20260725_002327/web_1784938287_bursts.json,results/20260725_002327/web_1784938287.keylog,7021
web,1784938315,mdn,technology,https://developer.mozilla.org,True,results/20260725_002327/web_1784938315.pcap,results/20260725_002327/web_profile_1784938315.json,1379101,1091034,1091034,0,True,288067,26.403118509597316,114257,31242,1233602,8.1366959e-05,2.3026849396999997e-05,555,278,277,2484.866666666667,results/20260725_002327/web_1784938315_bursts.json,results/20260725_002327/web_1784938315.keylog,93645
web,1784938345,mdn,technology,https://developer.mozilla.org,True,results/20260725_002327/web_1784938345.pcap,results/20260725_002327/web_profile_1784938345.json,1480907,1091082,1091082,0,True,389825,35.72829539851267,125983,31616,1323308,8.7373513e-05,2.4726704179e-05,555,278,277,2668.300900900901,results/20260725_002327/web_1784938345_bursts.json,results/20260725_002327/web_1784938345.keylog,3538
web,1784938421,python,technology,https://www.python.org,True,results/20260725_002327/web_1784938421.pcap,results/20260725_002327/web_profile_1784938421.json,831942,482242,482242,0,True,349700,72.51545904338485,144671,18538,668733,4.9084578e-05,1.3890935573999998e-05,303,152,151,2745.6831683168316,results/20260725_002327/web_1784938421_bursts.json,results/20260725_002327/web_1784938421.keylog,5114
web,1784938464,python,technology,https://www.python.org,True,results/20260725_002327/web_1784938464.pcap,results/20260725_002327/web_profile_1784938464.json,736360,482395,482395,0,True,253965,52.646689953254075,137495,16116,582749,4.3445240000000005e-05,1.229500292e-05,283,142,141,2601.9787985865723,results/20260725_002327/web_1784938464_bursts.json,results/20260725_002327/web_1784938464.keylog,3892
web,1784938493,python,technology,https://www.python.org,True,results/20260725_002327/web_1784938493.pcap,results/20260725_002327/web_profile_1784938493.json,767537,482288,482288,0,True,285249,59.14495073483064,162877,21520,583140,4.5284683000000004e-05,1.2815565289e-05,353,177,176,2174.325779036827,results/20260725_002327/web_1784938493_bursts.json,results/20260725_002327/web_1784938493.keylog,6618
web,1784938553,techcrunch,technology,https://techcrunch.com,True,results/20260725_002327/web_1784938553.pcap,results/20260725_002327/web_profile_1784938553.json,5442813,2998220,2998220,0,True,2444593,81.53481065432156,988455,145042,4309316,0.000321125967,9.087864866099999e-05,2249,1125,1124,2420.1036016007115,results/20260725_002327/web_1784938553_bursts.json,results/20260725_002327/web_1784938553.keylog,6854
web,1784938604,techcrunch,technology,https://techcrunch.com,True,results/20260725_002327/web_1784938604.pcap,results/20260725_002327/web_profile_1784938604.json,5480319,3001079,3001079,0,True,2479240,82.61162068709288,1023041,146896,4310382,0.000323338821,9.1504886343e-05,2225,1113,1112,2463.0647191011235,results/20260725_002327/web_1784938604_bursts.json,results/20260725_002327/web_1784938604.keylog,3579
web,1784938641,techcrunch,technology,https://techcrunch.com,True,results/20260725_002327/web_1784938641.pcap,results/20260725_002327/web_profile_1784938641.json,5658596,3000331,3000331,0,True,2658265,88.5990579039446,1026911,144724,4486961,0.00033385716400000006,9.448157741200001e-05,2123,1062,1061,2665.3772962788507,results/20260725_002327/web_1784938641_bursts.json,results/20260725_002327/web_1784938641.keylog,26520
web,1784938726,wired,technology,https://www.wired.com,True,results/20260725_002327/web_1784938726.pcap,results/20260725_002327/web_profile_1784938726.json,8251133,7118227,7118227,0,True,1132906,15.915564367362828,294284,39104,7917745,0.000486816847,0.000137769167701,1449,725,724,5694.36369910283,results/20260725_002327/web_1784938726_bursts.json,results/20260725_002327/web_1784938726.keylog,6390
web,1784938774,wired,technology,https://www.wired.com,True,results/20260725_002327/web_1784938774.pcap,results/20260725_002327/web_profile_1784938774.json,8267784,7118617,7118617,0,True,1149167,16.1431216203934,297842,47484,7922458,0.000487799256,0.000138047189448,1463,732,731,5651.253588516746,results/20260725_002327/web_1784938774_bursts.json,results/20260725_002327/web_1784938774.keylog,3262
web,1784938820,wired,technology,https://www.wired.com,True,results/20260725_002327/web_1784938820.pcap,results/20260725_002327/web_profile_1784938820.json,8259845,7124934,7124934,0,True,1134911,15.928722988872599,272242,43770,7943833,0.000487330855,0.000137914631965,1563,782,781,5284.609724888036,results/20260725_002327/web_1784938820_bursts.json,results/20260725_002327/web_1784938820.keylog,3196
web,1784938887,arstechnica,technology,https://arstechnica.com,True,results/20260725_002327/web_1784938887.pcap,results/20260725_002327/web_profile_1784938887.json,2339878,1704748,1704748,0,True,635130,37.256532930380324,286670,51004,2002204,0.000138052802,3.9068942965999995e-05,909,455,454,2574.123212321232,results/20260725_002327/web_1784938887_bursts.json,results/20260725_002327/web_1784938887.keylog,6512
web,1784938928,arstechnica,technology,https://arstechnica.com,True,results/20260725_002327/web_1784938928.pcap,results/20260725_002327/web_profile_1784938928.json,3934296,2443925,2443925,0,True,1490371,60.98268154710149,421491,73520,3439285,0.000232123464,6.569094031199999e-05,1227,614,613,3206.435207823961,results/20260725_002327/web_1784938928_bursts.json,results/20260725_002327/web_1784938928.keylog,35704
web,1784938960,arstechnica,technology,https://arstechnica.com,True,results/20260725_002327/web_1784938960.pcap,results/20260725_002327/web_profile_1784938960.json,2372914,1704729,1704729,0,True,668185,39.19596604504294,311683,55576,2005655,0.00014000192600000002,3.9620545058e-05,975,488,487,2433.7579487179487,results/20260725_002327/web_1784938960_bursts.json,results/20260725_002327/web_1784938960.keylog,3262
web,1784939029,hackernews,technology,https://news.ycombinator.com,True,results/20260725_002327/web_1784939029.pcap,results/20260725_002327/web_profile_1784939029.json,339198,11744,11744,0,True,327454,2788.266348773842,151513,14684,173001,2.0012682e-05,5.663589006e-06,201,101,100,1687.55223880597,results/20260725_002327/web_1784939029_bursts.json,results/20260725_002327/web_1784939029.keylog,6639
web,1784939064,hackernews,technology,https://news.ycombinator.com,True,results/20260725_002327/web_1784939064.pcap,results/20260725_002327/web_profile_1784939064.json,310111,11741,11741,0,True,298370,2541.2656502853247,129053,10472,170586,1.8296549e-05,5.177923367e-06,195,98,97,1590.3128205128205,results/20260725_002327/web_1784939064_bursts.json,results/20260725_002327/web_1784939064.keylog,6944
web,1784939092,hackernews,technology,https://news.ycombinator.com,True,results/20260725_002327/web_1784939092.pcap,results/20260725_002327/web_profile_1784939092.json,348100,11741,11741,0,True,336359,2864.824120603015,156900,13268,177932,2.0537900000000002e-05,5.8122257e-06,199,100,99,1749.2462311557788,results/20260725_002327/web_1784939092_bursts.json,results/20260725_002327/web_1784939092.keylog,6918
web,1784939151,theverge,technology,https://www.theverge.com,True,results/20260725_002327/web_1784939151.pcap,results/20260725_002327/web_profile_1784939151.json,5687685,4276299,4276299,0,True,1411386,33.004848351343064,604224,101000,5315700,0.000335573415,9.496727644499999e-05,1523,762,761,3734.527248850952,results/20260725_002327/web_1784939151_bursts.json,results/20260725_002327/web_1784939151.keylog,32255
web,1784939184,theverge,technology,https://www.theverge.com,True,results/20260725_002327/web_1784939184.pcap,results/20260725_002327/web_profile_1784939184.json,5567693,4277040,4277040,0,True,1290653,30.176313525241756,591376,85790,4890527,0.000328493887,9.296377002099999e-05,1525,763,762,3650.9462295081967,results/20260725_002327/web_1784939184_bursts.json,results/20260725_002327/web_1784939184.keylog,4906
web,1784939216,theverge,technology,https://www.theverge.com,True,results/20260725_002327/web_1784939216.pcap,results/20260725_002327/web_profile_1784939216.json,5557767,4277237,4277237,0,True,1280530,29.938252194115034,596432,87174,4874161,0.000327908253,9.279803559899999e-05,1419,710,709,3916.678646934461,results/20260725_002327/web_1784939216_bursts.json,results/20260725_002327/web_1784939216.keylog,14588
web,1784939279,cloudflare_blog,technology,https://blog.cloudflare.com,True,results/20260725_002327/web_1784939279.pcap,results/20260725_002327/web_profile_1784939279.json,798569,502820,502820,0,True,295749,58.818066107155644,144458,10272,643839,4.7115571e-05,1.3333706593e-05,305,153,152,2618.259016393443,results/20260725_002327/web_1784939279_bursts.json,results/20260725_002327/web_1784939279.keylog,7040
web,1784939307,cloudflare_blog,technology,https://blog.cloudflare.com,True,results/20260725_002327/web_1784939307.pcap,results/20260725_002327/web_profile_1784939307.json,812958,501689,501689,0,True,311269,62.044214642936154,157605,15754,639599,4.7964522000000005e-05,1.3573959726e-05,353,177,176,2302.9971671388103,results/20260725_002327/web_1784939307_bursts.json,results/20260725_002327/web_1784939307.keylog,7020
web,1784939334,cloudflare_blog,technology,https://blog.cloudflare.com,True,results/20260725_002327/web_1784939334.pcap,results/20260725_002327/web_profile_1784939334.json,831838,502681,502681,0,True,329157,65.4802946600329,170758,20212,640868,4.9078442e-05,1.3889199086e-05,333,167,166,2498.012012012012,results/20260725_002327/web_1784939334_bursts.json,results/20260725_002327/web_1784939334.keylog,6976
web,1784939392,twitter,social_media,https://x.com,True,results/20260725_002327/web_1784939392.pcap,results/20260725_002327/web_profile_1784939392.json,2825858,1985450,1985450,0,True,840408,42.32833866377899,229569,52226,2544063,0.000166725622,4.7183351026e-05,1005,503,502,2811.7990049751243,results/20260725_002327/web_1784939392_bursts.json,results/20260725_002327/web_1784939392.keylog,7160
web,1784939421,twitter,social_media,https://x.com,True,results/20260725_002327/web_1784939421.pcap,results/20260725_002327/web_profile_1784939421.json,2741326,1985367,1985367,0,True,755959,38.07653698283492,213364,47458,2480504,0.00016173823400000002,4.5771920222e-05,847,424,423,3236.5123966942147,results/20260725_002327/web_1784939421_bursts.json,results/20260725_002327/web_1784939421.keylog,5695
web,1784939450,twitter,social_media,https://x.com,True,results/20260725_002327/web_1784939450.pcap,results/20260725_002327/web_profile_1784939450.json,2813139,1985606,1985606,0,True,827533,41.676596464756855,219188,50214,2543737,0.000165975201,4.6970981882999995e-05,923,462,461,3047.821235102925,results/20260725_002327/web_1784939450_bursts.json,results/20260725_002327/web_1784939450.keylog,4590
web,1784939510,reddit,social_media,https://www.reddit.com,True,results/20260725_002327/web_1784939510.pcap,results/20260725_002327/web_profile_1784939510.json,390907,202078,202078,0,True,188829,93.44362078009482,103013,9262,278632,2.3063513000000003e-05,6.526974179e-06,177,89,88,2208.5141242937852,results/20260725_002327/web_1784939510_bursts.json,results/20260725_002327/web_1784939510.keylog,6795
web,1784939536,reddit,social_media,https://www.reddit.com,True,results/20260725_002327/web_1784939536.pcap,results/20260725_002327/web_profile_1784939536.json,403274,202055,202055,0,True,201219,99.58625126821904,114750,11896,276628,2.3793166e-05,6.733465978e-06,189,95,94,2133.7248677248676,results/20260725_002327/web_1784939536_bursts.json,results/20260725_002327/web_1784939536.keylog,6909
web,1784939563,reddit,social_media,https://www.reddit.com,True,results/20260725_002327/web_1784939563.pcap,results/20260725_002327/web_profile_1784939563.json,380024,202054,202054,0,True,177970,88.08041414671325,91200,11386,277438,2.2421416000000002e-05,6.345260728e-06,199,100,99,1909.6683417085428,results/20260725_002327/web_1784939563_bursts.json,results/20260725_002327/web_1784939563.keylog,8573
web,1784939623,linkedin,social_media,https://www.linkedin.com,True,results/20260725_002327/web_1784939623.pcap,results/20260725_002327/web_profile_1784939623.json,1436997,664710,664710,0,True,772287,116.18405018729972,228371,31024,1177602,8.478282300000001e-05,2.3993538909e-05,611,306,305,2351.8772504091653,results/20260725_002327/web_1784939623_bursts.json,results/20260725_002327/web_1784939623.keylog,6542
web,1784939654,linkedin,social_media,https://www.linkedin.com,True,results/20260725_002327/web_1784939654.pcap,results/20260725_002327/web_profile_1784939654.json,1467768,666544,666544,0,True,801224,120.20571785208477,261229,29308,1177231,8.659831200000001e-05,2.4507322296000002e-05,613,307,306,2394.401305057096,results/20260725_002327/web_1784939654_bursts.json,results/20260725_002327/web_1784939654.keylog,28830
web,1784939686,linkedin,social_media,https://www.linkedin.com,True,results/20260725_002327/web_1784939686.pcap,results/20260725_002327/web_profile_1784939686.json,1811235,666558,666558,0,True,1144677,171.72954191533222,271404,43406,1496425,0.00010686286500000001,3.0242190795e-05,811,406,405,2233.3353884093713,results/20260725_002327/web_1784939686_bursts.json,results/20260725_002327/web_1784939686.keylog,3530
web,1784939746,instagram,social_media,https://www.instagram.com,True,results/20260725_002327/web_1784939746.pcap,results/20260725_002327/web_profile_1784939746.json,3612650,3014489,3014489,0,True,598161,19.84286557356819,149793,10134,3452723,0.00021314635,6.0320417049999995e-05,785,393,392,4602.101910828025,results/20260725_002327/web_1784939746_bursts.json,results/20260725_002327/web_1784939746.keylog,8175
web,1784939776,instagram,social_media,https://www.instagram.com,True,results/20260725_002327/web_1784939776.pcap,results/20260725_002327/web_profile_1784939776.json,3632630,3025951,3025951,0,True,606679,20.049201061087903,143715,10136,3478779,0.00021432517000000002,6.065402311e-05,745,373,372,4876.013422818792,results/20260725_002327/web_1784939776_bursts.json,results/20260725_002327/web_1784939776.keylog,3496
web,1784939805,instagram,social_media,https://www.instagram.com,True,results/20260725_002327/web_1784939805.pcap,results/20260725_002327/web_profile_1784939805.json,3622155,3014865,3014865,0,True,607290,20.143190491116517,153455,11704,3456996,0.000213707145,6.0479122035e-05,663,332,331,5463.280542986426,results/20260725_002327/web_1784939805_bursts.json,results/20260725_002327/web_1784939805.keylog,3336
web,1784939866,facebook,social_media,https://www.facebook.com,True,results/20260725_002327/web_1784939866.pcap,results/20260725_002327/web_profile_1784939866.json,2670244,2043238,2043238,0,True,627006,30.686880334057996,145623,9938,2514683,0.00015754439600000004,4.4585064068000004e-05,573,287,286,4660.111692844677,results/20260725_002327/web_1784939866_bursts.json,results/20260725_002327/web_1784939866.keylog,7154
web,1784939894,facebook,social_media,https://www.facebook.com,True,results/20260725_002327/web_1784939894.pcap,results/20260725_002327/web_profile_1784939894.json,2784543,2250200,2250200,0,True,534343,23.746466980712825,155470,21172,2607901,0.000164288037,4.649351447099999e-05,627,314,313,4441.057416267942,results/20260725_002327/web_1784939894_bursts.json,results/20260725_002327/web_1784939894.keylog,6266
web,1784939924,facebook,social_media,https://www.facebook.com,True,results/20260725_002327/web_1784939924.pcap,results/20260725_002327/web_profile_1784939924.json,2584580,2043549,2043549,0,True,541031,26.475068618369317,167060,10132,2407388,0.00015249022,4.315473225999999e-05,545,273,272,4742.348623853211,results/20260725_002327/web_1784939924_bursts.json,results/20260725_002327/web_1784939924.keylog,8461
web,1784939983,tiktok,social_media,https://www.tiktok.com,True,results/20260725_002327/web_1784939983.pcap,results/20260725_002327/web_profile_1784939983.json,21029773,14372280,14372280,0,True,6657493,46.32175966513316,265182,274340,20490251,0.001240756607,0.00035113411978099997,6411,3206,3205,3280.2640773670255,results/20260725_002327/web_1784939983_bursts.json,results/20260725_002327/web_1784939983.keylog,7143
web,1784940016,tiktok,social_media,https://www.tiktok.com,True,results/20260725_002327/web_1784940016.pcap,results/20260725_002327/web_profile_1784940016.json,18441753,9372968,9372968,0,True,9068785,96.75467792059035,287685,292342,17861726,0.001088063427,0.00030792194984099997,6505,3253,3252,2835.011990776326,results/20260725_002327/web_1784940016_bursts.json,results/20260725_002327/web_1784940016.keylog,4771
web,1784940048,tiktok,social_media,https://www.tiktok.com,True,results/20260725_002327/web_1784940048.pcap,results/20260725_002327/web_profile_1784940048.json,23236973,9612628,9612628,0,True,13624345,141.73382138578546,277146,287636,22672191,0.0013709814070000002,0.000387987738181,5939,2970,2969,3912.6070045462197,results/20260725_002327/web_1784940048_bursts.json,results/20260725_002327/web_1784940048.keylog,3521
web,1784940113,pinterest,social_media,https://www.pinterest.com,True,results/20260725_002327/web_1784940113.pcap,results/20260725_002327/web_profile_1784940113.json,8631639,5989894,5796422,193472,True,2835217,48.91322612466794,372538,69496,8189605,0.0005092667010000001,0.00014412247638300002,1909,955,954,4521.550026191723,results/20260725_002327/web_1784940113_bursts.json,results/20260725_002327/web_1784940113.keylog,6434
web,1784940143,pinterest,social_media,https://www.pinterest.com,True,results/20260725_002327/web_1784940143.pcap,results/20260725_002327/web_profile_1784940143.json,5701589,3973582,3973582,0,True,1728007,43.48738745041628,371362,59998,5270229,0.000336393751,9.5199431533e-05,1361,681,680,4189.264511388685,results/20260725_002327/web_1784940143_bursts.json,results/20260725_002327/web_1784940143.keylog,3261
web,1784940173,pinterest,social_media,https://www.pinterest.com,True,results/20260725_002327/web_1784940173.pcap,results/20260725_002327/web_profile_1784940173.json,9860879,6818000,5791393,1026607,True,4069486,70.26782675601535,378828,93506,9388545,0.000581791861,0.000164647096663,2403,1202,1201,4103.570120682481,results/20260725_002327/web_1784940173_bursts.json,results/20260725_002327/web_1784940173.keylog,3592
web,1784940234,mastodon,social_media,https://mastodon.social,True,results/20260725_002327/web_1784940234.pcap,results/20260725_002327/web_profile_1784940234.json,12958275,11667945,11667945,0,True,1290330,11.058759704472381,169563,110104,12678608,0.000764538225,0.00021636431767499997,3349,1675,1674,3869.2968050164227,results/20260725_002327/web_1784940234_bursts.json,results/20260725_002327/web_1784940234.keylog,6968
web,1784940264,mastodon,social_media,https://mastodon.social,True,results/20260725_002327/web_1784940264.pcap,results/20260725_002327/web_profile_1784940264.json,12869129,11662247,11662247,0,True,1206882,10.348623211290242,124034,41758,12703337,0.0007592786110000001,0.00021487584691300002,2665,1333,1332,4828.941463414634,results/20260725_002327/web_1784940264_bursts.json,results/20260725_002327/web_1784940264.keylog,3335
web,1784940296,mastodon,social_media,https://mastodon.social,True,results/20260725_002327/web_1784940296.pcap,results/20260725_002327/web_profile_1784940296.json,12881096,11662785,11662785,0,True,1218311,10.44614129472506,156977,49108,12675011,0.0007599846640000001,0.000215075659912,2671,1336,1335,4822.574316735305,results/20260725_002327/web_1784940296_bursts.json,results/20260725_002327/web_1784940296.keylog,14589
web,1784940357,tumblr,social_media,https://www.tumblr.com,True,results/20260725_002327/web_1784940357.pcap,results/20260725_002327/web_profile_1784940357.json,3836604,3376040,3376040,0,True,460564,13.64213694150543,163817,48340,3624447,0.00022635963599999999,6.405977698799999e-05,1251,626,625,3066.829736211031,results/20260725_002327/web_1784940357_bursts.json,results/20260725_002327/web_1784940357.keylog,6716
web,1784940386,tumblr,social_media,https://www.tumblr.com,True,results/20260725_002327/web_1784940386.pcap,results/20260725_002327/web_profile_1784940386.json,3921450,3373961,3373961,0,True,547489,16.226891774979023,163477,47884,3710089,0.00023136555000000003,6.547645065e-05,1279,640,639,3066.028146989836,results/20260725_002327/web_1784940386_bursts.json,results/20260725_002327/web_1784940386.keylog,7162
web,1784940414,tumblr,social_media,https://www.tumblr.com,True,results/20260725_002327/web_1784940414.pcap,results/20260725_002327/web_profile_1784940414.json,3831432,3377480,3377480,0,True,453952,13.440553311936709,165652,48596,3617184,0.00022605448800000003,6.3973420104e-05,1257,629,628,3048.0763723150358,results/20260725_002327/web_1784940414_bursts.json,results/20260725_002327/web_1784940414.keylog,6770
web,1784940472,discord,social_media,https://discord.com,True,results/20260725_002327/web_1784940472.pcap,results/20260725_002327/web_profile_1784940472.json,21025067,19201394,19201394,0,True,1823673,9.497607309135994,234345,17202,20773520,0.001240478953,0.00035105554369899996,3089,1545,1544,6806.431531239883,results/20260725_002327/web_1784940472_bursts.json,results/20260725_002327/web_1784940472.keylog,6576
web,1784940504,discord,social_media,https://discord.com,True,results/20260725_002327/web_1784940504.pcap,results/20260725_002327/web_profile_1784940504.json,21008115,19201139,19201139,0,True,1806976,9.410775058708756,233689,15824,20758602,0.0012394787850000001,0.000350772496155,3213,1607,1606,6538.473389355742,results/20260725_002327/web_1784940504_bursts.json,results/20260725_002327/web_1784940504.keylog,151044
web,1784940537,discord,social_media,https://discord.com,True,results/20260725_002327/web_1784940537.pcap,results/20260725_002327/web_profile_1784940537.json,21043635,19199241,19199241,0,True,1844394,9.606598510847382,272717,26060,20744858,0.001241574465,0.00035136557359499997,2753,1377,1376,7643.892117689793,results/20260725_002327/web_1784940537_bursts.json,results/20260725_002327/web_1784940537.keylog,3714
web,1784940600,youtube,streaming,https://www.youtube.com,True,results/20260725_002327/web_1784940600.pcap,results/20260725_002327/web_profile_1784940600.json,4442573,3669272,3669272,0,True,773301,21.075052489976212,248139,23370,4171064,0.000262111807,7.417764138099999e-05,1035,518,517,4292.341062801933,results/20260725_002327/web_1784940600_bursts.json,results/20260725_002327/web_1784940600.keylog,8177
web,1784940630,youtube,streaming,https://www.youtube.com,True,results/20260725_002327/web_1784940630.pcap,results/20260725_002327/web_profile_1784940630.json,4343964,3664828,3664828,0,True,679136,18.531183455267204,257372,33086,4053506,0.000256293876,7.2531166908e-05,1017,509,508,4271.351032448378,results/20260725_002327/web_1784940630_bursts.json,results/20260725_002327/web_1784940630.keylog,6890
web,1784940660,youtube,streaming,https://www.youtube.com,True,results/20260725_002327/web_1784940660.pcap,results/20260725_002327/web_profile_1784940660.json,4440820,3664554,3664554,0,True,776266,21.183096223987967,251955,22640,4166225,0.00026200838,7.414837153999999e-05,1029,515,514,4315.665694849368,results/20260725_002327/web_1784940660_bursts.json,results/20260725_002327/web_1784940660.keylog,7754
web,1784940721,netflix,streaming,https://www.netflix.com,True,results/20260725_002327/web_1784940721.pcap,results/20260725_002327/web_profile_1784940721.json,3714983,2622495,2622495,0,True,1092488,41.65834443916957,443735,91698,3179550,0.00021918399700000002,6.2029071151e-05,1417,709,708,2621.7240649258997,results/20260725_002327/web_1784940721_bursts.json,results/20260725_002327/web_1784940721.keylog,4667
web,1784940752,netflix,streaming,https://www.netflix.com,True,results/20260725_002327/web_1784940752.pcap,results/20260725_002327/web_profile_1784940752.json,3654345,2622497,2622497,0,True,1031848,39.34601259791717,382258,81180,3190907,0.000215606355,6.1016598464999996e-05,1227,614,613,2978.276283618582,results/20260725_002327/web_1784940752_bursts.json,results/20260725_002327/web_1784940752.keylog,5555
web,1784940782,netflix,streaming,https://www.netflix.com,True,results/20260725_002327/web_1784940782.pcap,results/20260725_002327/web_profile_1784940782.json,3681713,2622486,2622486,0,True,1059227,40.39018702101746,406266,88440,3187007,0.00021722106700000003,6.1473561961e-05,1273,637,636,2892.1547525530245,results/20260725_002327/web_1784940782_bursts.json,results/20260725_002327/web_1784940782.keylog,8102
web,1784940842,spotify,streaming,https://www.spotify.com,True,results/20260725_002327/web_1784940842.pcap,results/20260725_002327/web_profile_1784940842.json,7906677,4987837,4987837,0,True,2918840,58.51915369327426,421440,84690,7400547,0.00046649394300000003,0.000132017785869,2479,1240,1239,3189.462283178701,results/20260725_002327/web_1784940842_bursts.json,results/20260725_002327/web_1784940842.keylog,7228
web,1784940875,spotify,streaming,https://www.spotify.com,True,results/20260725_002327/web_1784940875.pcap,results/20260725_002327/web_profile_1784940875.json,7930598,4987724,4987724,0,True,2942874,59.00234255143227,424087,94440,7412071,0.000467905282,0.000132417194806,2699,1350,1349,2938.3467951093,results/20260725_002327/web_1784940875_bursts.json,results/20260725_002327/web_1784940875.keylog,3390
web,1784940907,spotify,streaming,https://www.spotify.com,True,results/20260725_002327/web_1784940907.pcap,results/20260725_002327/web_profile_1784940907.json,7920545,4987342,4987342,0,True,2933203,58.812950866413416,414759,107746,7398040,0.000467312155,0.000132249339865,2935,1468,1467,2698.6524701873936,results/20260725_002327/web_1784940907_bursts.json,results/20260725_002327/web_1784940907.keylog,3455
web,1784940970,twitch,streaming,https://www.twitch.tv,True,results/20260725_002327/web_1784940970.pcap,results/20260725_002327/web_profile_1784940970.json,8793920,3086177,3086177,0,True,5707743,184.94541952713666,330307,108724,8354889,0.00051884128,0.00014683208223999997,2645,1323,1322,3324.7334593572778,results/20260725_002327/web_1784940970_bursts.json,results/20260725_002327/web_1784940970.keylog,15983
web,1784941000,twitch,streaming,https://www.twitch.tv,True,results/20260725_002327/web_1784941000.pcap,results/20260725_002327/web_profile_1784941000.json,8107511,3022688,3022688,0,True,5084823,168.221893890471,299393,95742,7712376,0.000478343149,0.000135371111167,2305,1153,1152,3517.3583514099782,results/20260725_002327/web_1784941000_bursts.json,results/20260725_002327/web_1784941000.keylog,3401
web,1784941030,twitch,streaming,https://www.twitch.tv,True,results/20260725_002327/web_1784941030.pcap,results/20260725_002327/web_profile_1784941030.json,8878152,3089147,3089147,0,True,5789005,187.39817172831206,333787,104358,8440007,0.000523810968,0.000148238503944,2617,1309,1308,3392.4921666029804,results/20260725_002327/web_1784941030_bursts.json,results/20260725_002327/web_1784941030.keylog,35886
web,1784941091,primevideo,streaming,https://www.primevideo.com,True,results/20260725_002327/web_1784941091.pcap,results/20260725_002327/web_profile_1784941091.json,5315194,4469769,4469769,0,True,845425,18.91428841177251,268190,43712,5003292,0.000313596446,8.874779421799998e-05,1123,562,561,4733.031166518254,results/20260725_002327/web_1784941091_bursts.json,results/20260725_002327/web_1784941091.keylog,7229
web,1784941120,primevideo,streaming,https://www.primevideo.com,True,results/20260725_002327/web_1784941120.pcap,results/20260725_002327/web_profile_1784941120.json,5354113,4470939,4470939,0,True,883174,19.75365801233253,254918,39498,5059697,0.000315892667,8.9397624761e-05,1079,540,539,4962.106580166821,results/20260725_002327/web_1784941120_bursts.json,results/20260725_002327/web_1784941120.keylog,7076
web,1784941149,primevideo,streaming,https://www.primevideo.com,True,results/20260725_002327/web_1784941149.pcap,results/20260725_002327/web_profile_1784941149.json,5321037,4468387,4468387,0,True,852650,19.081829751988806,280232,39584,5001221,0.000313941183,8.8845354789e-05,1093,547,546,4868.286367795059,results/20260725_002327/web_1784941149_bursts.json,results/20260725_002327/web_1784941149.keylog,6979
web,1784941210,disneyplus,streaming,https://www.disneyplus.com,True,results/20260725_002327/web_1784941210.pcap,results/20260725_002327/web_profile_1784941210.json,5780470,2843736,2843736,0,True,2936734,103.2702754404769,320462,106568,5353440,0.00034104773000000004,9.651650759e-05,1867,934,933,3096.1274772362076,results/20260725_002327/web_1784941210_bursts.json,results/20260725_002327/web_1784941210.keylog,56153
web,1784941246,disneyplus,streaming,https://www.disneyplus.com,True,results/20260725_002327/web_1784941246.pcap,results/20260725_002327/web_profile_1784941246.json,6188280,2871535,2871535,0,True,3316745,115.50425121058944,349860,120444,5717976,0.00036510852,0.00010332571115999998,2223,1112,1111,2783.7516869095816,results/20260725_002327/web_1784941246_bursts.json,results/20260725_002327/web_1784941246.keylog,4483
web,1784941290,disneyplus,streaming,https://www.disneyplus.com,True,results/20260725_002327/web_1784941290.pcap,results/20260725_002327/web_profile_1784941290.json,6017751,3038950,3038950,0,True,2978801,98.02073084453512,321326,112306,5584119,0.000355047309,0.00010047838844699998,1935,968,967,3109.9488372093024,results/20260725_002327/web_1784941290_bursts.json,results/20260725_002327/web_1784941290.keylog,40109
web,1784941353,max_hbo,streaming,https://www.max.com,True,results/20260725_002327/web_1784941353.pcap,results/20260725_002327/web_profile_1784941353.json,8329810,7177729,7177729,0,True,1152081,16.050773162374895,348584,120538,7860688,0.00049145879,0.00013908283757,2317,1159,1158,3595.0841605524383,results/20260725_002327/web_1784941353_bursts.json,results/20260725_002327/web_1784941353.keylog,25410
web,1784941397,max_hbo,streaming,https://www.max.com,True,results/20260725_002327/web_1784941397.pcap,results/20260725_002327/web_profile_1784941397.json,7911346,6790718,6790718,0,True,1120628,16.50234923611907,319532,96856,7494958,0.000466769414,0.000132095744162,1795,898,897,4407.435097493037,results/20260725_002327/web_1784941397_bursts.json,results/20260725_002327/web_1784941397.keylog,3401
web,1784941429,max_hbo,streaming,https://www.max.com,True,results/20260725_002327/web_1784941429.pcap,results/20260725_002327/web_profile_1784941429.json,7918718,6679904,6679904,0,True,1238814,18.545386281000447,322622,107972,7488124,0.000467204362,0.00013221883444599998,2029,1015,1014,3902.76885165106,results/20260725_002327/web_1784941429_bursts.json,results/20260725_002327/web_1784941429.keylog,17759
web,1784941493,imdb,streaming,https://www.imdb.com,True,results/20260725_002327/web_1784941493.pcap,results/20260725_002327/web_profile_1784941493.json,258251,2285,2285,0,True,255966,11202.013129102845,97253,9198,151800,1.5236809e-05,4.312016947e-06,163,82,81,1584.361963190184,results/20260725_002327/web_1784941493_bursts.json,results/20260725_002327/web_1784941493.keylog,6566
web,1784941520,imdb,streaming,https://www.imdb.com,True,results/20260725_002327/web_1784941520.pcap,results/20260725_002327/web_profile_1784941520.json,290218,1864,1864,0,True,288354,15469.635193133046,121950,10616,157652,1.7122862e-05,4.8457699459999994e-06,165,83,82,1758.8969696969698,results/20260725_002327/web_1784941520_bursts.json,results/20260725_002327/web_1784941520.keylog,137771
web,1784941547,imdb,streaming,https://www.imdb.com,True,results/20260725_002327/web_1784941547.pcap,results/20260725_002327/web_profile_1784941547.json,309990,2285,2285,0,True,307705,13466.301969365426,138762,11626,159602,1.828941e-05,5.175903029999999e-06,177,89,88,1751.3559322033898,results/20260725_002327/web_1784941547_bursts.json,results/20260725_002327/web_1784941547.keylog,9091
web,1784941605,rtve,streaming,https://www.rtve.es,True,results/20260725_002327/web_1784941605.pcap,results/20260725_002327/web_profile_1784941605.json,12841941,11395694,11395694,0,True,1446247,12.691170893146131,384761,131496,12325684,0.000757674519,0.00021442188887699999,2375,1188,1187,5407.133052631579,results/20260725_002327/web_1784941605_bursts.json,results/20260725_002327/web_1784941605.keylog,6651
web,1784941639,rtve,streaming,https://www.rtve.es,True,results/20260725_002327/web_1784941639.pcap,results/20260725_002327/web_profile_1784941639.json,12347152,11398986,11398986,0,True,948166,8.317985476953828,364876,138394,11843882,0.000728481968,0.00020616039694399999,2527,1264,1263,4886.091017016225,results/20260725_002327/web_1784941639_bursts.json,results/20260725_002327/web_1784941639.keylog,3261
web,1784941672,rtve,streaming,https://www.rtve.es,True,results/20260725_002327/web_1784941672.pcap,results/20260725_002327/web_profile_1784941672.json,12866818,11410203,11410203,0,True,1456615,12.765899081725365,386698,142910,12337210,0.000759142262,0.000214837260146,2443,1222,1221,5266.810478919361,results/20260725_002327/web_1784941672_bursts.json,results/20260725_002327/web_1784941672.keylog,3522
web,1784941736,soundcloud,streaming,https://soundcloud.com,True,results/20260725_002327/web_1784941736.pcap,results/20260725_002327/web_profile_1784941736.json,7214983,5383959,5383959,0,True,1831024,34.00887711069122,532175,143532,6539276,0.0004256839970000001,0.00012046857115100002,2547,1274,1273,2832.737730663526,results/20260725_002327/web_1784941736_bursts.json,results/20260725_002327/web_1784941736.keylog,17545
web,1784941769,soundcloud,streaming,https://soundcloud.com,True,results/20260725_002327/web_1784941769.pcap,results/20260725_002327/web_profile_1784941769.json,7116854,5501667,5501667,0,True,1615187,29.35813817884652,483340,130310,6503204,0.000419894386,0.00011883011123799998,1909,955,954,3728.0534311157676,results/20260725_002327/web_1784941769_bursts.json,results/20260725_002327/web_1784941769.keylog,9590
web,1784941801,soundcloud,streaming,https://soundcloud.com,True,results/20260725_002327/web_1784941801.pcap,results/20260725_002327/web_profile_1784941801.json,7207822,5504678,5504678,0,True,1703144,30.939938721211302,519140,161674,6527008,0.00042526149800000004,0.000120349003934,3139,1570,1569,2296.215992354253,results/20260725_002327/web_1784941801_bursts.json,results/20260725_002327/web_1784941801.keylog,3381
web,1784941863,webmd,health,https://www.webmd.com,True,results/20260725_002327/web_1784941863.pcap,results/20260725_002327/web_profile_1784941863.json,2501961,1788583,1788583,0,True,713378,39.88509339516254,303659,59332,2138970,0.000147615699,4.1775242817e-05,1137,569,568,2200.493403693931,results/20260725_002327/web_1784941863_bursts.json,results/20260725_002327/web_1784941863.keylog,22015
web,1784941893,webmd,health,https://www.webmd.com,True,results/20260725_002327/web_1784941893.pcap,results/20260725_002327/web_profile_1784941893.json,2465019,1787081,1787081,0,True,677938,37.935493690549,279699,54142,2131178,0.00014543612099999999,4.115842224299999e-05,941,471,470,2619.5738575982996,results/20260725_002327/web_1784941893_bursts.json,results/20260725_002327/web_1784941893.keylog,3261
web,1784941922,webmd,health,https://www.webmd.com,True,results/20260725_002327/web_1784941922.pcap,results/20260725_002327/web_profile_1784941922.json,2620351,1792571,1792571,0,True,827780,46.1783661567659,322505,59288,2238558,0.00015460070900000003,4.3752000647e-05,1055,528,527,2483.7450236966824,results/20260725_002327/web_1784941922_bursts.json,results/20260725_002327/web_1784941922.keylog,5358
web,1784941980,clevelandclinic,health,https://www.clevelandclinic.org,True,results/20260725_002327/web_1784941980.pcap,results/20260725_002327/web_profile_1784941980.json,4791242,1889968,1889968,0,True,2901274,153.5091599434488,376775,82638,4331829,0.000282683278,7.9999367674e-05,1651,826,825,2902.0242277407633,results/20260725_002327/web_1784941980_bursts.json,results/20260725_002327/web_1784941980.keylog,7125
web,1784942011,clevelandclinic,health,https://www.clevelandclinic.org,True,results/20260725_002327/web_1784942011.pcap,results/20260725_002327/web_profile_1784942011.json,4799254,1889165,1889165,0,True,2910089,154.0410181217628,364079,91768,4343407,0.000283155986,8.013314403799999e-05,1779,890,889,2697.725688589095,results/20260725_002327/web_1784942011_bursts.json,results/20260725_002327/web_1784942011.keylog,3335
web,1784942042,clevelandclinic,health,https://www.clevelandclinic.org,True,results/20260725_002327/web_1784942042.pcap,results/20260725_002327/web_profile_1784942042.json,4801993,1889124,1889124,0,True,2912869,154.19151945557837,359383,87804,4354806,0.000283317587,8.0178877121e-05,1651,826,825,2908.536038764385,results/20260725_002327/web_1784942042_bursts.json,results/20260725_002327/web_1784942042.keylog,4673
web,1784942242,medlineplus,health,https://medlineplus.gov,True,results/20260725_002327/web_1784942242.pcap,results/20260725_002327/web_profile_1784942242.json,2024528,1388474,1388474,0,True,636054,45.809572235418166,265967,47170,1711391,0.00011944715200000001,3.3803544016e-05,1047,524,523,1933.6466093600764,results/20260725_002327/web_1784942242_bursts.json,results/20260725_002327/web_1784942242.keylog,266180
web,1784942277,medlineplus,health,https://medlineplus.gov,True,results/20260725_002327/web_1784942277.pcap,results/20260725_002327/web_profile_1784942277.json,1793597,1303182,1303182,0,True,490415,37.63211892122512,235496,38270,1519831,0.00010582222300000001,2.9947689109e-05,833,417,416,2153.1776710684276,results/20260725_002327/web_1784942277_bursts.json,results/20260725_002327/web_1784942277.keylog,33254
web,1784942306,medlineplus,health,https://medlineplus.gov,True,results/20260725_002327/web_1784942306.pcap,results/20260725_002327/web_profile_1784942306.json,2008649,1387947,1387947,0,True,620702,44.72087190649211,253274,47864,1707511,0.000118510291,3.3538412352999995e-05,981,491,490,2047.55249745158,results/20260725_002327/web_1784942306_bursts.json,results/20260725_002327/web_1784942306.keylog,7351
web,1784942366,sanidad,health,https://www.sanidad.gob.es,True,results/20260725_002327/web_1784942366.pcap,results/20260725_002327/web_profile_1784942366.json,13114446,11786321,11786321,0,True,1328125,11.268359312460605,307249,199642,12607555,0.000773752314,0.00021897190486199999,4195,2098,2097,3126.2088200238377,results/20260725_002327/web_1784942366_bursts.json,results/20260725_002327/web_1784942366.keylog,7044
web,1784942399,sanidad,health,https://www.sanidad.gob.es,True,results/20260725_002327/web_1784942399.pcap,results/20260725_002327/web_profile_1784942399.json,13072801,11786996,11786996,0,True,1285805,10.908674271205317,315351,189998,12567452,0.000771295259,0.000218276558297,3743,1872,1871,3492.5997862676995,results/20260725_002327/web_1784942399_bursts.json,results/20260725_002327/web_1784942399.keylog,4794
web,1784942432,sanidad,health,https://www.sanidad.gob.es,True,results/20260725_002327/web_1784942432.pcap,results/20260725_002327/web_profile_1784942432.json,13022713,11786304,11786304,0,True,1236409,10.490218137933656,287578,208632,12526503,0.0007683400670000001,0.000217440238961,4237,2119,2118,3073.569270710408,results/20260725_002327/web_1784942432_bursts.json,results/20260725_002327/web_1784942432.keylog,3262
web,1784942493,nhs,health,https://www.nhs.uk,True,results/20260725_002327/web_1784942493.pcap,results/20260725_002327/web_profile_1784942493.json,875896,630368,630368,0,True,245528,38.94994669780192,126102,20994,728800,5.1677864000000004e-05,1.4624835512e-05,401,201,200,2184.279301745636,results/20260725_002327/web_1784942493_bursts.json,results/20260725_002327/web_1784942493.keylog,8489
web,1784942520,nhs,health,https://www.nhs.uk,True,results/20260725_002327/web_1784942520.pcap,results/20260725_002327/web_profile_1784942520.json,890663,630367,630367,0,True,260296,41.2927707192794,138321,25350,726992,5.2549117e-05,1.4871400111e-05,425,213,212,2095.6776470588234,results/20260725_002327/web_1784942520_bursts.json,results/20260725_002327/web_1784942520.keylog,6649
web,1784942548,nhs,health,https://www.nhs.uk,True,results/20260725_002327/web_1784942548.pcap,results/20260725_002327/web_profile_1784942548.json,959264,630367,630367,0,True,328897,52.175478729057836,123406,22796,813062,5.6596576e-05,1.6016831008e-05,371,186,185,2585.6172506738544,results/20260725_002327/web_1784942548_bursts.json,results/20260725_002327/web_1784942548.keylog,7226
web,1784942603,healthline,health,https://www.healthline.com,True,results/20260725_002327/web_1784942603.pcap,results/20260725_002327/web_profile_1784942603.json,3186699,2563424,2563424,0,True,623275,24.31415949916986,249214,62964,2874521,0.00018801524100000002,5.3208313203e-05,1009,505,504,3158.274529236868,results/20260725_002327/web_1784942603_bursts.json,results/20260725_002327/web_1784942603.keylog,6785
web,1784942632,healthline,health,https://www.healthline.com,True,results/20260725_002327/web_1784942632.pcap,results/20260725_002327/web_profile_1784942632.json,3212434,2562985,2562985,0,True,649449,25.3395552451536,257245,78980,2876209,0.00018953360600000002,5.3638010498e-05,1553,777,776,2068.534449452672,results/20260725_002327/web_1784942632_bursts.json,results/20260725_002327/web_1784942632.keylog,3196
web,1784942661,healthline,health,https://www.healthline.com,True,results/20260725_002327/web_1784942661.pcap,results/20260725_002327/web_profile_1784942661.json,3182358,2562953,2562953,0,True,619405,24.167630073590892,243710,60358,2878290,0.000187759122,5.313583152599999e-05,1063,532,531,2993.7516462841018,results/20260725_002327/web_1784942661_bursts.json,results/20260725_002327/web_1784942661.keylog,98289
web,1784942722,nih,health,https://www.nih.gov,True,results/20260725_002327/web_1784942722.pcap,results/20260725_002327/web_profile_1784942722.json,1113933,143452,143452,0,True,970481,676.5196720854362,154627,22938,936368,6.572204700000001e-05,1.8599339301000002e-05,479,240,239,2325.538622129436,results/20260725_002327/web_1784942722_bursts.json,results/20260725_002327/web_1784942722.keylog,6710
web,1784942752,nih,health,https://www.nih.gov,True,results/20260725_002327/web_1784942752.pcap,results/20260725_002327/web_profile_1784942752.json,1130950,144748,144748,0,True,986202,681.3234034321717,168930,20940,941080,6.672605e-05,1.8883472149999997e-05,405,203,202,2792.4691358024693,results/20260725_002327/web_1784942752_bursts.json,results/20260725_002327/web_1784942752.keylog,250953
web,1784942783,nih,health,https://www.nih.gov,True,results/20260725_002327/web_1784942783.pcap,results/20260725_002327/web_profile_1784942783.json,1145495,144577,144577,0,True,1000918,692.3079051301382,170097,14886,960512,6.7584205e-05,1.9126330015e-05,391,196,195,2929.6547314578006,results/20260725_002327/web_1784942783_bursts.json,results/20260725_002327/web_1784942783.keylog,5217
web,1784942842,who,health,https://www.who.int,True,results/20260725_002327/web_1784942842.pcap,results/20260725_002327/web_profile_1784942842.json,7265292,5563159,5563159,0,True,1702133,30.596518992176925,426464,58614,6780214,0.000428652228,0.00012130858052399999,1493,747,746,4866.237106496986,results/20260725_002327/web_1784942842_bursts.json,results/20260725_002327/web_1784942842.keylog,6598
web,1784942874,who,health,https://www.who.int,True,results/20260725_002327/web_1784942874.pcap,results/20260725_002327/web_profile_1784942874.json,7552456,6481461,6481461,0,True,1070995,16.523975072904086,370112,91046,7091298,0.000445594904,0.000126103357832,2159,1080,1079,3498.1269106067625,results/20260725_002327/web_1784942874_bursts.json,results/20260725_002327/web_1784942874.keylog,27891
web,1784942907,who,health,https://www.who.int,True,results/20260725_002327/web_1784942907.pcap,results/20260725_002327/web_profile_1784942907.json,7595553,6481009,6481009,0,True,1114544,17.197075331942912,420547,59144,7115862,0.000448137627,0.00012682294844099999,1563,782,781,4859.598848368522,results/20260725_002327/web_1784942907_bursts.json,results/20260725_002327/web_1784942907.keylog,3315
web,1784942968,cdc,health,https://www.cdc.gov,True,results/20260725_002327/web_1784942968.pcap,results/20260725_002327/web_profile_1784942968.json,6061059,5335202,5335202,0,True,725857,13.605051879947563,204675,78464,5777920,0.000357602481,0.000101201502123,1909,955,954,3174.991618648507,results/20260725_002327/web_1784942968_bursts.json,results/20260725_002327/web_1784942968.keylog,6576
web,1784942997,cdc,health,https://www.cdc.gov,True,results/20260725_002327/web_1784942997.pcap,results/20260725_002327/web_profile_1784942997.json,5991132,5335188,5335188,0,True,655944,12.29467452693326,156710,56340,5778082,0.000353476788,0.000100033931004,1393,697,696,4300.884422110553,results/20260725_002327/web_1784942997_bursts.json,results/20260725_002327/web_1784942997.keylog,14645
web,1784943027,cdc,health,https://www.cdc.gov,True,results/20260725_002327/web_1784943027.pcap,results/20260725_002327/web_profile_1784943027.json,5966033,5335273,5335273,0,True,630760,11.8224503225983,139803,57844,5768386,0.00035199594700000003,9.9614853001e-05,1277,639,638,4671.913077525451,results/20260725_002327/web_1784943027_bursts.json,results/20260725_002327/web_1784943027.keylog,3698
web,1784943084,medscape,health,https://www.medscape.com,True,results/20260725_002327/web_1784943084.pcap,results/20260725_002327/web_profile_1784943084.json,1076990,146364,146364,0,True,930626,635.8298488699406,126345,14418,936227,6.354241e-05,1.7982502029999998e-05,371,186,185,2902.9380053908358,results/20260725_002327/web_1784943084_bursts.json,results/20260725_002327/web_1784943084.keylog,6576
web,1784943112,medscape,health,https://www.medscape.com,True,results/20260725_002327/web_1784943112.pcap,results/20260725_002327/web_profile_1784943112.json,1083048,144437,144437,0,True,938611,649.8411071955247,139620,11360,932068,6.3899832e-05,1.8083652456e-05,337,169,168,3213.792284866469,results/20260725_002327/web_1784943112_bursts.json,results/20260725_002327/web_1784943112.keylog,7238
web,1784943139,medscape,health,https://www.medscape.com,True,results/20260725_002327/web_1784943139.pcap,results/20260725_002327/web_profile_1784943139.json,1100531,144923,144923,0,True,955608,659.3901589119739,146114,10088,944329,6.4931329e-05,1.8375566107e-05,333,167,166,3304.897897897898,results/20260725_002327/web_1784943139_bursts.json,results/20260725_002327/web_1784943139.keylog,6975
web,1784943196,ietf,standards,https://www.ietf.org,True,results/20260725_002327/web_1784943196.pcap,results/20260725_002327/web_profile_1784943196.json,1325467,1063009,1063009,0,True,262458,24.6901014008348,86322,4374,1234771,7.820255300000001e-05,2.2131322499e-05,307,154,153,4317.482084690554,results/20260725_002327/web_1784943196_bursts.json,results/20260725_002327/web_1784943196.keylog,6663
web,1784943223,ietf,standards,https://www.ietf.org,True,results/20260725_002327/web_1784943223.pcap,results/20260725_002327/web_profile_1784943223.json,1361631,1063173,1063173,0,True,298458,28.07238332801905,116064,9526,1236041,8.0336229e-05,2.2735152807e-05,295,148,147,4615.698305084746,results/20260725_002327/web_1784943223_bursts.json,results/20260725_002327/web_1784943223.keylog,7139
web,1784943251,ietf,standards,https://www.ietf.org,True,results/20260725_002327/web_1784943251.pcap,results/20260725_002327/web_profile_1784943251.json,1341058,1062049,1062049,0,True,279009,26.270821779409424,105879,10692,1224487,7.9122422e-05,2.2391645426e-05,343,172,171,3909.790087463557,results/20260725_002327/web_1784943251_bursts.json,results/20260725_002327/web_1784943251.keylog,21960
web,1784943307,w3c,standards,https://www.w3.org,True,results/20260725_002327/web_1784943307.pcap,results/20260725_002327/web_profile_1784943307.json,664359,378993,378993,0,True,285366,75.29584979142095,88105,6176,570078,3.9197181000000006e-05,1.1092802223000001e-05,207,104,103,3209.463768115942,results/20260725_002327/web_1784943307_bursts.json,results/20260725_002327/web_1784943307.keylog,6906
web,1784943334,w3c,standards,https://www.w3.org,True,results/20260725_002327/web_1784943334.pcap,results/20260725_002327/web_profile_1784943334.json,630056,423568,423568,0,True,206488,48.749669474558985,90661,6526,532869,3.7173304e-05,1.0520045031999999e-05,213,107,106,2958.0093896713615,results/20260725_002327/web_1784943334_bursts.json,results/20260725_002327/web_1784943334.keylog,6974
web,1784943361,w3c,standards,https://www.w3.org,True,results/20260725_002327/web_1784943361.pcap,results/20260725_002327/web_profile_1784943361.json,535259,325778,325778,0,True,209481,64.30176377778733,100098,12532,422629,3.1580281e-05,8.937219522999999e-06,219,110,109,2444.10502283105,results/20260725_002327/web_1784943361_bursts.json,results/20260725_002327/web_1784943361.keylog,6973
web,1784943418,iso,standards,https://www.iso.org,True,results/20260725_002327/web_1784943418.pcap,results/20260725_002327/web_profile_1784943418.json,1117308,145109,145109,0,True,972199,669.9784300077872,154868,17288,945152,6.5921172e-05,1.8655691675999997e-05,363,182,181,3077.9834710743803,results/20260725_002327/web_1784943418_bursts.json,results/20260725_002327/web_1784943418.keylog,48887
web,1784943447,iso,standards,https://www.iso.org,True,results/20260725_002327/web_1784943447.pcap,results/20260725_002327/web_profile_1784943447.json,1050746,145893,145893,0,True,904853,620.2168712686695,119047,19658,912041,6.1994014e-05,1.7544305962e-05,399,200,199,2633.4486215538845,results/20260725_002327/web_1784943447_bursts.json,results/20260725_002327/web_1784943447.keylog,17531
web,1784943474,iso,standards,https://www.iso.org,True,results/20260725_002327/web_1784943474.pcap,results/20260725_002327/web_profile_1784943474.json,1063152,146516,146516,0,True,916636,625.6217750962352,126052,26246,910854,6.2725968e-05,1.7751448943999997e-05,505,253,252,2105.251485148515,results/20260725_002327/web_1784943474_bursts.json,results/20260725_002327/web_1784943474.keylog,7419
web,1784943534,icann,standards,https://www.icann.org,True,results/20260725_002327/web_1784943534.pcap,results/20260725_002327/web_profile_1784943534.json,299503,38406,38406,0,True,261097,679.8338801228975,79923,9278,210302,1.7670677e-05,5.000801591e-06,193,97,96,1551.8290155440413,results/20260725_002327/web_1784943534_bursts.json,results/20260725_002327/web_1784943534.keylog,137210
web,1784943565,icann,standards,https://www.icann.org,True,results/20260725_002327/web_1784943565.pcap,results/20260725_002327/web_profile_1784943565.json,283971,38524,38524,0,True,245447,637.1275049319904,69938,9900,204133,1.6754289000000003e-05,4.741463787e-06,163,82,81,1742.153374233129,results/20260725_002327/web_1784943565_bursts.json,results/20260725_002327/web_1784943565.keylog,205599
web,1784943609,icann,standards,https://www.icann.org,True,results/20260725_002327/web_1784943609.pcap,results/20260725_002327/web_profile_1784943609.json,347681,38728,38728,0,True,308953,797.750981202231,117053,12158,218470,2.0513179e-05,5.805229657e-06,201,101,100,1729.7562189054727,results/20260725_002327/web_1784943609_bursts.json,results/20260725_002327/web_1784943609.keylog,4092
web,1784943679,iana,standards,https://www.iana.org,True,results/20260725_002327/web_1784943679.pcap,results/20260725_002327/web_profile_1784943679.json,1727068,1350072,1350072,0,True,376996,27.924140342144714,195907,33134,1498027,0.000101897012,2.8836854395999998e-05,605,303,302,2854.6578512396695,results/20260725_002327/web_1784943679_bursts.json,results/20260725_002327/web_1784943679.keylog,20460
web,1784943708,iana,standards,https://www.iana.org,True,results/20260725_002327/web_1784943708.pcap,results/20260725_002327/web_profile_1784943708.json,1714452,1349040,1349040,0,True,365412,27.086817292296743,190012,29018,1495422,0.00010115266800000001,2.8626205044e-05,585,293,292,2930.6871794871795,results/20260725_002327/web_1784943708_bursts.json,results/20260725_002327/web_1784943708.keylog,8551
web,1784943736,iana,standards,https://www.iana.org,True,results/20260725_002327/web_1784943736.pcap,results/20260725_002327/web_profile_1784943736.json,1711159,1349021,1349021,0,True,362138,26.844504273840066,188186,26368,1496605,0.00010095838100000001,2.8571221823000003e-05,581,291,290,2945.196213425129,results/20260725_002327/web_1784943736_bursts.json,results/20260725_002327/web_1784943736.keylog,6815
web,1784943792,rfc_editor,standards,https://www.rfc-editor.org,True,results/20260725_002327/web_1784943792.pcap,results/20260725_002327/web_profile_1784943792.json,863613,526548,526548,0,True,337065,64.01410697600218,110825,9828,742960,5.0953167e-05,1.4419746260999998e-05,325,163,162,2657.270769230769,results/20260725_002327/web_1784943792_bursts.json,results/20260725_002327/web_1784943792.keylog,6696
web,1784943819,rfc_editor,standards,https://www.rfc-editor.org,True,results/20260725_002327/web_1784943819.pcap,results/20260725_002327/web_profile_1784943819.json,868304,526153,526153,0,True,342151,65.02880340889438,115686,11772,740846,5.1229936e-05,1.4498071887999999e-05,339,170,169,2561.368731563422,results/20260725_002327/web_1784943819_bursts.json,results/20260725_002327/web_1784943819.keylog,7865
web,1784943847,rfc_editor,standards,https://www.rfc-editor.org,True,results/20260725_002327/web_1784943847.pcap,results/20260725_002327/web_profile_1784943847.json,816442,526258,526258,0,True,290184,55.14101448339027,148607,13886,653949,4.817007800000001e-05,1.3632132074e-05,327,164,163,2496.7645259938836,results/20260725_002327/web_1784943847_bursts.json,results/20260725_002327/web_1784943847.keylog,16263
web,1784943904,ecma,standards,https://www.ecma-international.org,True,results/20260725_002327/web_1784943904.pcap,results/20260725_002327/web_profile_1784943904.json,2589484,1417045,1417045,0,True,1172439,82.73830400587137,253738,41240,2294506,0.000152779556,4.3236614347999994e-05,963,482,481,2688.976116303219,results/20260725_002327/web_1784943904_bursts.json,results/20260725_002327/web_1784943904.keylog,3196
web,1784943935,ecma,standards,https://www.ecma-international.org,True,results/20260725_002327/web_1784943935.pcap,results/20260725_002327/web_profile_1784943935.json,2962895,1752111,1752111,0,True,1210784,69.1042976158474,260879,53554,2648462,0.000174810805,4.9471457814999995e-05,1271,636,635,2331.1526357199054,results/20260725_002327/web_1784943935_bursts.json,results/20260725_002327/web_1784943935.keylog,4220
web,1784943966,ecma,standards,https://www.ecma-international.org,True,results/20260725_002327/web_1784943966.pcap,results/20260725_002327/web_profile_1784943966.json,2954128,1752112,1752112,0,True,1202016,68.60383354488754,258284,44282,2651562,0.000174293552,4.932507521599999e-05,1076,538,538,2745.472118959108,results/20260725_002327/web_1784943966_bursts.json,results/20260725_002327/web_1784943966.keylog,7216
web,1784944026,owasp,standards,https://owasp.org,True,results/20260725_002327/web_1784944026.pcap,results/20260725_002327/web_profile_1784944026.json,8439808,6919605,6919605,0,True,1520203,21.969505484778395,248366,113248,8078194,0.000497948672,0.000140919474176,2889,1445,1444,2921.359640013846,results/20260725_002327/web_1784944026_bursts.json,results/20260725_002327/web_1784944026.keylog,6785
web,1784944056,owasp,standards,https://owasp.org,True,results/20260725_002327/web_1784944056.pcap,results/20260725_002327/web_profile_1784944056.json,8342333,6952019,6952019,0,True,1390314,19.998708288915783,232292,89484,8020557,0.000492197647,0.000139291934101,2185,1093,1092,3818.0013729977118,results/20260725_002327/web_1784944056_bursts.json,results/20260725_002327/web_1784944056.keylog,3401
web,1784944085,owasp,standards,https://owasp.org,True,results/20260725_002327/web_1784944085.pcap,results/20260725_002327/web_profile_1784944085.json,8407717,7007026,7007026,0,True,1400691,19.989807373342128,231547,96844,8079326,0.000496055303,0.000140383650749,2519,1260,1259,3337.7201270345377,results/20260725_002327/web_1784944085_bursts.json,results/20260725_002327/web_1784944085.keylog,3195
web,1784944143,mozilla_foundation,standards,https://foundation.mozilla.org,True,results/20260725_002327/web_1784944143.pcap,results/20260725_002327/web_profile_1784944143.json,7489692,6598708,6598708,0,True,890984,13.502400772999806,245632,118362,7125698,0.000441891828,0.000125055387324,2833,1417,1416,2643.731733145076,results/20260725_002327/web_1784944143_bursts.json,results/20260725_002327/web_1784944143.keylog,6391
web,1784944174,mozilla_foundation,standards,https://foundation.mozilla.org,True,results/20260725_002327/web_1784944174.pcap,results/20260725_002327/web_profile_1784944174.json,7509224,6597315,6597315,0,True,911909,13.822426244616182,258673,126066,7124485,0.0004430442160000001,0.000125381513128,2997,1499,1498,2505.58024691358,results/20260725_002327/web_1784944174_bursts.json,results/20260725_002327/web_1784944174.keylog,3262
web,1784944204,mozilla_foundation,standards,https://foundation.mozilla.org,True,results/20260725_002327/web_1784944204.pcap,results/20260725_002327/web_profile_1784944204.json,7506104,6597072,6597072,0,True,909032,13.779325130906559,259520,126022,7120562,0.000442860136,0.00012532941848799998,2915,1458,1457,2574.992795883362,results/20260725_002327/web_1784944204_bursts.json,results/20260725_002327/web_1784944204.keylog,4814
web,1784944267,eff,standards,https://www.eff.org,True,results/20260725_002327/web_1784944267.pcap,results/20260725_002327/web_profile_1784944267.json,3874842,3397287,3397287,0,True,477555,14.056951914866186,97219,44446,3733177,0.00022861567800000002,6.4698236874e-05,1119,560,559,3462.7721179624664,results/20260725_002327/web_1784944267_bursts.json,results/20260725_002327/web_1784944267.keylog,33924
web,1784944297,eff,standards,https://www.eff.org,True,results/20260725_002327/web_1784944297.pcap,results/20260725_002327/web_profile_1784944297.json,3901720,3397375,3397375,0,True,504345,14.845137790205673,110797,55656,3735267,0.00023020148000000003,6.514701884e-05,1347,674,673,2896.5998515219007,results/20260725_002327/web_1784944297_bursts.json,results/20260725_002327/web_1784944297.keylog,23415
web,1784944325,eff,standards,https://www.eff.org,True,results/20260725_002327/web_1784944325.pcap,results/20260725_002327/web_profile_1784944325.json,3801044,3397452,3397452,0,True,403592,11.879255394925375,107948,43724,3649372,0.00022426159600000002,6.3466031668e-05,1083,542,541,3509.735918744229,results/20260725_002327/web_1784944325_bursts.json,results/20260725_002327/web_1784944325.keylog,120976
