experiment,timestamp,site_label,category,url,use_cdp,pcap_file,profile_file,pcap_bytes,cdp_bytes,cdp_network_bytes,cdp_cached_bytes,capture_scoped_to_chrome_ports,overhead_bytes,overhead_pct,energy_kwh,co2_kg,num_bursts,num_bursts_out,num_bursts_in,avg_burst_bytes,burst_file,keylog_file,preamble_noise_bytes
web,1783549167,bbc,news,https://www.bbc.com,True,results/20260709_001914/web_1783549167.pcap,results/20260709_001914/web_profile_1783549167.json,2837298,1993477,1993477,0,True,843821,42.32910638045987,0.00016740058200000004,4.7374364706e-05,575,288,287,4934.431304347826,results/20260709_001914/web_1783549167_bursts.json,results/20260709_001914/web_1783549167.keylog,2959
web,1783549208,bbc,news,https://www.bbc.com,True,results/20260709_001914/web_1783549208.pcap,results/20260709_001914/web_profile_1783549208.json,2755118,1993476,1993476,0,True,761642,38.20673035441611,0.00016255196200000001,4.6002205246e-05,533,267,266,5169.076923076923,results/20260709_001914/web_1783549208_bursts.json,results/20260709_001914/web_1783549208.keylog,25367
web,1783549235,bbc,news,https://www.bbc.com,True,results/20260709_001914/web_1783549235.pcap,results/20260709_001914/web_profile_1783549235.json,2804347,1993350,1993350,0,True,810997,40.6851280507688,0.000165456473,4.6824181859e-05,573,287,286,4894.148342059337,results/20260709_001914/web_1783549235_bursts.json,results/20260709_001914/web_1783549235.keylog,94580
web,1783549277,guardian,news,https://www.theguardian.com,True,results/20260709_001914/web_1783549277.pcap,results/20260709_001914/web_profile_1783549277.json,1508823,1035685,1035685,0,True,473138,45.683581397818834,8.902055700000001e-05,2.5192817631e-05,375,188,187,4023.528,results/20260709_001914/web_1783549277_bursts.json,results/20260709_001914/web_1783549277.keylog,509954
web,1783549304,guardian,news,https://www.theguardian.com,True,results/20260709_001914/web_1783549304.pcap,results/20260709_001914/web_profile_1783549304.json,1491786,1037142,1037142,0,True,454644,43.836234575400475,8.801537400000001e-05,2.4908350842000003e-05,395,198,197,3776.673417721519,results/20260709_001914/web_1783549304_bursts.json,results/20260709_001914/web_1783549304.keylog,984
web,1783549331,guardian,news,https://www.theguardian.com,True,results/20260709_001914/web_1783549331.pcap,results/20260709_001914/web_profile_1783549331.json,1478987,1035535,1035535,0,True,443452,42.823468062402526,8.7260233e-05,2.4694645939e-05,367,184,183,4029.9373297002726,results/20260709_001914/web_1783549331_bursts.json,results/20260709_001914/web_1783549331.keylog,225413
web,1783549374,cnn,news,https://www.cnn.com,True,results/20260709_001914/web_1783549374.pcap,results/20260709_001914/web_profile_1783549374.json,51710908,27187100,27187100,0,True,24523808,90.20383932085437,0.003050943572,0.0008634170308759999,3477,1739,1738,14872.277250503308,results/20260709_001914/web_1783549374_bursts.json,results/20260709_001914/web_1783549374.keylog,97482
web,1783549402,cnn,news,https://www.cnn.com,True,results/20260709_001914/web_1783549402.pcap,results/20260709_001914/web_profile_1783549402.json,33635642,27216915,27216915,0,True,6418727,23.58359498128278,0.0019845028780000004,0.000561614314474,2447,1224,1223,13745.664895790764,results/20260709_001914/web_1783549402_bursts.json,results/20260709_001914/web_1783549402.keylog,69552
web,1783549430,cnn,news,https://www.cnn.com,True,results/20260709_001914/web_1783549430.pcap,results/20260709_001914/web_profile_1783549430.json,36109746,26256004,26256004,0,True,9853742,37.529480876069336,0.002130475014,0.0006029244289619999,2949,1475,1474,12244.742624618515,results/20260709_001914/web_1783549430_bursts.json,results/20260709_001914/web_1783549430.keylog,181182
web,1783549474,reuters,news,https://www.reuters.com,True,results/20260709_001914/web_1783549474.pcap,results/20260709_001914/web_profile_1783549474.json,576552,18587,18587,0,True,557965,3001.909937052779,3.4016568e-05,9.626688744e-06,233,117,116,2474.472103004292,results/20260709_001914/web_1783549474_bursts.json,results/20260709_001914/web_1783549474.keylog,100427
web,1783549500,reuters,news,https://www.reuters.com,True,results/20260709_001914/web_1783549500.pcap,results/20260709_001914/web_profile_1783549500.json,368407,17761,17761,0,True,350646,1974.2469455548671,2.1736013000000002e-05,6.151291679e-06,203,102,101,1814.8128078817733,results/20260709_001914/web_1783549500_bursts.json,results/20260709_001914/web_1783549500.keylog,3410
web,1783549526,reuters,news,https://www.reuters.com,True,results/20260709_001914/web_1783549526.pcap,results/20260709_001914/web_profile_1783549526.json,410452,17764,17764,0,True,392688,2210.5832019815357,2.4216668e-05,6.853317044e-06,239,120,119,1717.3723849372384,results/20260709_001914/web_1783549526_bursts.json,results/20260709_001914/web_1783549526.keylog,16311
web,1783549568,apnews,news,https://apnews.com,True,results/20260709_001914/web_1783549568.pcap,results/20260709_001914/web_profile_1783549568.json,55970954,8177132,8177132,0,True,47793822,584.481478347176,0.0033022862860000004,0.000934547018938,4817,2409,2408,11619.463151339007,results/20260709_001914/web_1783549568_bursts.json,results/20260709_001914/web_1783549568.keylog,33675
web,1783549600,apnews,news,https://apnews.com,True,results/20260709_001914/web_1783549600.pcap,results/20260709_001914/web_profile_1783549600.json,47540000,8179701,8179701,0,True,39360299,481.194838295434,0.00280486,0.0007937753799999999,4205,2103,2102,11305.588585017837,results/20260709_001914/web_1783549600_bursts.json,results/20260709_001914/web_1783549600.keylog,7671
web,1783549630,apnews,news,https://apnews.com,True,results/20260709_001914/web_1783549630.pcap,results/20260709_001914/web_profile_1783549630.json,55974522,8159731,8159731,0,True,47814791,585.9848933745487,0.0033024967980000005,0.000934606593834,4953,2477,2476,11301.135069654754,results/20260709_001914/web_1783549630_bursts.json,results/20260709_001914/web_1783549630.keylog,89092
web,1783549677,elpais,news,https://elpais.com,True,results/20260709_001914/web_1783549677.pcap,results/20260709_001914/web_profile_1783549677.json,620720,17455,17455,0,True,603265,3456.115726152965,3.662248e-05,1.036416184e-05,251,126,125,2472.988047808765,results/20260709_001914/web_1783549677_bursts.json,results/20260709_001914/web_1783549677.keylog,12841
web,1783549704,elpais,news,https://elpais.com,True,results/20260709_001914/web_1783549704.pcap,results/20260709_001914/web_profile_1783549704.json,362455,16622,16622,0,True,345833,2080.5739381542535,2.1384845000000002e-05,6.051911135e-06,225,113,112,1610.911111111111,results/20260709_001914/web_1783549704_bursts.json,results/20260709_001914/web_1783549704.keylog,26421
web,1783549730,elpais,news,https://elpais.com,True,results/20260709_001914/web_1783549730.pcap,results/20260709_001914/web_profile_1783549730.json,420834,16627,16627,0,True,404207,2431.027846274132,2.4829206000000003e-05,7.026665298e-06,203,102,101,2073.073891625616,results/20260709_001914/web_1783549730_bursts.json,results/20260709_001914/web_1783549730.keylog,232671
web,1783549773,elmundo,news,https://www.elmundo.es,True,results/20260709_001914/web_1783549773.pcap,results/20260709_001914/web_profile_1783549773.json,19100592,5063411,5063411,0,True,14037181,277.2277620758023,0.001126934928,0.00031892258462399995,2535,1268,1267,7534.750295857988,results/20260709_001914/web_1783549773_bursts.json,results/20260709_001914/web_1783549773.keylog,86317
web,1783549802,elmundo,news,https://www.elmundo.es,True,results/20260709_001914/web_1783549802.pcap,results/20260709_001914/web_profile_1783549802.json,35388578,5143737,5143737,0,True,30244841,587.9935346616672,0.002087926102,0.0005908830868659999,3563,1782,1781,9932.241930957058,results/20260709_001914/web_1783549802_bursts.json,results/20260709_001914/web_1783549802.keylog,119005
web,1783549831,elmundo,news,https://www.elmundo.es,True,results/20260709_001914/web_1783549831.pcap,results/20260709_001914/web_profile_1783549831.json,20967910,5066769,5066769,0,True,15901141,313.8319706305932,0.00123710669,0.00035010119326999995,2709,1355,1354,7740.092284976006,results/20260709_001914/web_1783549831_bursts.json,results/20260709_001914/web_1783549831.keylog,40363
web,1783549875,abc_es,news,https://www.abc.es,True,results/20260709_001914/web_1783549875.pcap,results/20260709_001914/web_profile_1783549875.json,3372070,2328759,2328759,0,True,1043311,44.80115804168658,0.00019895213,5.630345279e-05,953,477,476,3538.373557187828,results/20260709_001914/web_1783549875_bursts.json,results/20260709_001914/web_1783549875.keylog,55784
web,1783549902,abc_es,news,https://www.abc.es,True,results/20260709_001914/web_1783549902.pcap,results/20260709_001914/web_profile_1783549902.json,3212923,2298740,2298740,0,True,914183,39.76887338280971,0.00018956245700000002,5.3646175331e-05,893,447,446,3597.8980963045915,results/20260709_001914/web_1783549902_bursts.json,results/20260709_001914/web_1783549902.keylog,3994
web,1783549928,abc_es,news,https://www.abc.es,True,results/20260709_001914/web_1783549928.pcap,results/20260709_001914/web_profile_1783549928.json,3266407,2364413,2364413,0,True,901994,38.14874981655066,0.000192718013,5.4539197679e-05,887,444,443,3682.533258173619,results/20260709_001914/web_1783549928_bursts.json,results/20260709_001914/web_1783549928.keylog,11038
web,1783549971,lavanguardia,news,https://www.lavanguardia.com,True,results/20260709_001914/web_1783549971.pcap,results/20260709_001914/web_profile_1783549971.json,11102267,3186590,3186590,0,True,7915677,248.40588214988438,0.000655033753,0.00018537455209899999,1653,827,826,6716.434966727163,results/20260709_001914/web_1783549971_bursts.json,results/20260709_001914/web_1783549971.keylog,139789
web,1783549999,lavanguardia,news,https://www.lavanguardia.com,True,results/20260709_001914/web_1783549999.pcap,results/20260709_001914/web_profile_1783549999.json,4423950,3191804,3191804,0,True,1232146,38.60343554930065,0.00026101305,7.386669314999999e-05,1055,528,527,4193.317535545024,results/20260709_001914/web_1783549999_bursts.json,results/20260709_001914/web_1783549999.keylog,109041
web,1783550026,lavanguardia,news,https://www.lavanguardia.com,True,results/20260709_001914/web_1783550026.pcap,results/20260709_001914/web_profile_1783550026.json,12753428,3192594,3192594,0,True,9560834,299.46914640571276,0.000752452252,0.00021294398731599998,1625,813,812,7848.263384615385,results/20260709_001914/web_1783550026_bursts.json,results/20260709_001914/web_1783550026.keylog,58859
web,1783550070,20minutos,news,https://www.20minutos.es,True,results/20260709_001914/web_1783550070.pcap,results/20260709_001914/web_profile_1783550070.json,2118602,1451562,1451562,0,True,667040,45.953255871950354,0.000124997518,3.5374297594e-05,497,249,248,4262.780684104628,results/20260709_001914/web_1783550070_bursts.json,results/20260709_001914/web_1783550070.keylog,2683
web,1783550097,20minutos,news,https://www.20minutos.es,True,results/20260709_001914/web_1783550097.pcap,results/20260709_001914/web_profile_1783550097.json,2141699,1451584,1451584,0,True,690115,47.542202173625505,0.000126360241,3.575994820299999e-05,541,271,270,3958.778188539741,results/20260709_001914/web_1783550097_bursts.json,results/20260709_001914/web_1783550097.keylog,59568
web,1783550123,20minutos,news,https://www.20minutos.es,True,results/20260709_001914/web_1783550123.pcap,results/20260709_001914/web_profile_1783550123.json,2135884,1452244,1452244,0,True,683640,47.07473399786813,0.000126017156,3.5662855148e-05,561,281,280,3807.2798573975047,results/20260709_001914/web_1783550123_bursts.json,results/20260709_001914/web_1783550123.keylog,71015
web,1783550165,santander,banking,https://www.santander.com,True,results/20260709_001914/web_1783550165.pcap,results/20260709_001914/web_profile_1783550165.json,83479221,41984646,41984646,0,True,41494575,98.83273756791947,0.004925274039000001,0.001393852553037,5051,2526,2525,16527.26608592358,results/20260709_001914/web_1783550165_bursts.json,results/20260709_001914/web_1783550165.keylog,72052
web,1783550194,santander,banking,https://www.santander.com,True,results/20260709_001914/web_1783550194.pcap,results/20260709_001914/web_profile_1783550194.json,76857430,41985388,41985388,0,True,34872042,83.05756755183495,0.00453458837,0.00128328850871,4329,2165,2164,17754.084084084083,results/20260709_001914/web_1783550194_bursts.json,results/20260709_001914/web_1783550194.keylog,111585
web,1783550221,santander,banking,https://www.santander.com,True,results/20260709_001914/web_1783550221.pcap,results/20260709_001914/web_profile_1783550221.json,81714521,41985288,41985288,0,True,39729233,94.6265582363041,0.004821156739,0.001364387357137,4885,2443,2442,16727.639918116685,results/20260709_001914/web_1783550221_bursts.json,results/20260709_001914/web_1783550221.keylog,91725
web,1783550265,bbva,banking,https://www.bbva.com,True,results/20260709_001914/web_1783550265.pcap,results/20260709_001914/web_profile_1783550265.json,1378185,945370,945370,0,True,432815,45.782603636671354,8.1312915e-05,2.3011554944999998e-05,377,189,188,3655.663129973475,results/20260709_001914/web_1783550265_bursts.json,results/20260709_001914/web_1783550265.keylog,95997
web,1783550292,bbva,banking,https://www.bbva.com,True,results/20260709_001914/web_1783550292.pcap,results/20260709_001914/web_profile_1783550292.json,1352415,945344,945344,0,True,407071,43.06062131880035,7.9792485e-05,2.2581273254999997e-05,323,162,161,4187.043343653251,results/20260709_001914/web_1783550292_bursts.json,results/20260709_001914/web_1783550292.keylog,77279
web,1783550318,bbva,banking,https://www.bbva.com,True,results/20260709_001914/web_1783550318.pcap,results/20260709_001914/web_profile_1783550318.json,1352837,945625,945625,0,True,407212,43.062736285525446,7.9817383e-05,2.2588319388999997e-05,345,173,172,3921.266666666667,results/20260709_001914/web_1783550318_bursts.json,results/20260709_001914/web_1783550318.keylog,2760
web,1783550359,caixabank,banking,https://www.caixabank.es,True,results/20260709_001914/web_1783550359.pcap,results/20260709_001914/web_profile_1783550359.json,8562090,7638114,7638114,0,True,923976,12.09691292902934,0.00050516331,0.00014296121673,845,423,422,10132.650887573964,results/20260709_001914/web_1783550359_bursts.json,results/20260709_001914/web_1783550359.keylog,99202
web,1783550386,caixabank,banking,https://www.caixabank.es,True,results/20260709_001914/web_1783550386.pcap,results/20260709_001914/web_profile_1783550386.json,8570810,7638442,7638442,0,True,932368,12.206258815606638,0.00050567779,0.00014310681457,863,432,431,9931.413673232908,results/20260709_001914/web_1783550386_bursts.json,results/20260709_001914/web_1783550386.keylog,92790
web,1783550412,caixabank,banking,https://www.caixabank.es,True,results/20260709_001914/web_1783550412.pcap,results/20260709_001914/web_profile_1783550412.json,8666852,7638754,7638754,0,True,1028098,13.45897511557513,0.0005113442680000001,0.00014471042784400002,879,440,439,9859.899886234358,results/20260709_001914/web_1783550412_bursts.json,results/20260709_001914/web_1783550412.keylog,24089
web,1783550454,ing_es,banking,https://www.ing.es,True,results/20260709_001914/web_1783550454.pcap,results/20260709_001914/web_profile_1783550454.json,28867106,1904864,1904864,0,True,26962242,1415.4418373175197,0.0017031592540000002,0.000481994068882,2421,1211,1210,11923.62907889302,results/20260709_001914/web_1783550454_bursts.json,results/20260709_001914/web_1783550454.keylog,8164
web,1783550484,ing_es,banking,https://www.ing.es,True,results/20260709_001914/web_1783550484.pcap,results/20260709_001914/web_profile_1783550484.json,4368372,1904023,1904023,0,True,2464349,129.42853106291258,0.000257733948,7.2938707284e-05,1373,687,686,3181.6256372906046,results/20260709_001914/web_1783550484_bursts.json,results/20260709_001914/web_1783550484.keylog,30330
web,1783550512,ing_es,banking,https://www.ing.es,True,results/20260709_001914/web_1783550512.pcap,results/20260709_001914/web_profile_1783550512.json,12422202,1991475,1991475,0,True,10430727,523.7689150001884,0.000732909918,0.00020741350679399998,1423,712,711,8729.586788475053,results/20260709_001914/web_1783550512_bursts.json,results/20260709_001914/web_1783550512.keylog,118758
web,1783550555,bankinter,banking,https://www.bankinter.com,True,results/20260709_001914/web_1783550555.pcap,results/20260709_001914/web_profile_1783550555.json,926041,148326,148326,0,True,777715,524.3281690330757,5.4636419e-05,1.5462106577e-05,207,104,103,4473.628019323672,results/20260709_001914/web_1783550555_bursts.json,results/20260709_001914/web_1783550555.keylog,76806
web,1783550581,bankinter,banking,https://www.bankinter.com,True,results/20260709_001914/web_1783550581.pcap,results/20260709_001914/web_profile_1783550581.json,952159,150447,150447,0,True,801712,532.8866644067346,5.6177381e-05,1.5898198823e-05,217,109,108,4387.829493087557,results/20260709_001914/web_1783550581_bursts.json,results/20260709_001914/web_1783550581.keylog,144368
web,1783550607,bankinter,banking,https://www.bankinter.com,True,results/20260709_001914/web_1783550607.pcap,results/20260709_001914/web_profile_1783550607.json,950354,150384,150384,0,True,799970,531.9515373975955,5.607088600000001e-05,1.5868060738000002e-05,225,113,112,4223.795555555555,results/20260709_001914/web_1783550607_bursts.json,results/20260709_001914/web_1783550607.keylog,4151
web,1783550648,chase,banking,https://www.chase.com,True,results/20260709_001914/web_1783550648.pcap,results/20260709_001914/web_profile_1783550648.json,1950825,1428210,1428210,0,True,522615,36.592307853887036,0.000115098675,3.2572925025e-05,449,225,224,4344.821826280624,results/20260709_001914/web_1783550648_bursts.json,results/20260709_001914/web_1783550648.keylog,37991
web,1783550675,chase,banking,https://www.chase.com,True,results/20260709_001914/web_1783550675.pcap,results/20260709_001914/web_profile_1783550675.json,1805071,1428161,1428161,0,True,376910,26.39128221538048,0.00010649918900000002,3.0139270487000003e-05,425,213,212,4247.225882352941,results/20260709_001914/web_1783550675_bursts.json,results/20260709_001914/web_1783550675.keylog,93794
web,1783550700,chase,banking,https://www.chase.com,True,results/20260709_001914/web_1783550700.pcap,results/20260709_001914/web_profile_1783550700.json,1813702,1428068,1428068,0,True,385634,27.00389617301137,0.000107008418,3.0283382293999996e-05,401,201,200,4522.947630922693,results/20260709_001914/web_1783550700_bursts.json,results/20260709_001914/web_1783550700.keylog,74456
web,1783550743,hsbc,banking,https://www.hsbc.com,True,results/20260709_001914/web_1783550743.pcap,results/20260709_001914/web_profile_1783550743.json,6577103,5957207,5957207,0,True,619896,10.40581601411534,0.00038804907700000003,0.000109817888791,625,313,312,10523.3648,results/20260709_001914/web_1783550743_bursts.json,results/20260709_001914/web_1783550743.keylog,28098
web,1783550770,hsbc,banking,https://www.hsbc.com,True,results/20260709_001914/web_1783550770.pcap,results/20260709_001914/web_profile_1783550770.json,6568836,5957397,5957397,0,True,611439,10.263526167552708,0.000387561324,0.00010967985469199999,619,310,309,10612.012924071083,results/20260709_001914/web_1783550770_bursts.json,results/20260709_001914/web_1783550770.keylog,37091
web,1783550797,hsbc,banking,https://www.hsbc.com,True,results/20260709_001914/web_1783550797.pcap,results/20260709_001914/web_profile_1783550797.json,6683123,5957503,5957503,0,True,725620,12.179935117111985,0.000394304257,0.00011158810473099998,605,303,302,11046.484297520661,results/20260709_001914/web_1783550797_bursts.json,results/20260709_001914/web_1783550797.keylog,1618
web,1783550839,barclays,banking,https://www.barclays.co.uk,True,results/20260709_001914/web_1783550839.pcap,results/20260709_001914/web_profile_1783550839.json,1545400,1234450,1234450,0,True,310950,25.189355583458223,9.117860000000002e-05,2.5803543800000002e-05,297,149,148,5203.367003367003,results/20260709_001914/web_1783550839_bursts.json,results/20260709_001914/web_1783550839.keylog,141639
web,1783550865,barclays,banking,https://www.barclays.co.uk,True,results/20260709_001914/web_1783550865.pcap,results/20260709_001914/web_profile_1783550865.json,1567077,1233778,1233778,0,True,333299,27.014503419577913,9.2457543e-05,2.6165484668999996e-05,321,161,160,4881.859813084112,results/20260709_001914/web_1783550865_bursts.json,results/20260709_001914/web_1783550865.keylog,86951
web,1783550891,barclays,banking,https://www.barclays.co.uk,True,results/20260709_001914/web_1783550891.pcap,results/20260709_001914/web_profile_1783550891.json,1542576,1233779,1233779,0,True,308797,25.028550494051206,9.101198400000001e-05,2.5756391472e-05,275,138,137,5609.367272727272,results/20260709_001914/web_1783550891_bursts.json,results/20260709_001914/web_1783550891.keylog,3155
web,1783550932,paypal,banking,https://www.paypal.com,True,results/20260709_001914/web_1783550932.pcap,results/20260709_001914/web_profile_1783550932.json,2352790,1169866,1169866,0,True,1182924,101.11619621392536,0.00013881461000000002,3.928453463e-05,519,260,259,4533.314065510597,results/20260709_001914/web_1783550932_bursts.json,results/20260709_001914/web_1783550932.keylog,103184
web,1783550958,paypal,banking,https://www.paypal.com,True,results/20260709_001914/web_1783550958.pcap,results/20260709_001914/web_profile_1783550958.json,2317950,1169523,1169523,0,True,1148427,98.19618767651427,0.00013675905,3.870281115e-05,515,258,257,4500.873786407767,results/20260709_001914/web_1783550958_bursts.json,results/20260709_001914/web_1783550958.keylog,86231
web,1783550984,paypal,banking,https://www.paypal.com,True,results/20260709_001914/web_1783550984.pcap,results/20260709_001914/web_profile_1783550984.json,2348243,1160625,1160625,0,True,1187618,102.32572967151319,0.000138546337,3.9208613370999995e-05,515,258,257,4559.695145631068,results/20260709_001914/web_1783550984_bursts.json,results/20260709_001914/web_1783550984.keylog,77669
web,1783551027,deutsche_bank,banking,https://www.db.com,True,results/20260709_001914/web_1783551027.pcap,results/20260709_001914/web_profile_1783551027.json,18995413,3970863,3970863,0,True,15024550,378.3698908776254,0.001120729367,0.00031716641086099997,1327,664,663,14314.553880934438,results/20260709_001914/web_1783551027_bursts.json,results/20260709_001914/web_1783551027.keylog,22114
web,1783551055,deutsche_bank,banking,https://www.db.com,True,results/20260709_001914/web_1783551055.pcap,results/20260709_001914/web_profile_1783551055.json,11289874,3970759,3970759,0,True,7319115,184.32533931170337,0.000666102566,0.00018850702617799998,1113,557,556,10143.642407906558,results/20260709_001914/web_1783551055_bursts.json,results/20260709_001914/web_1783551055.keylog,69101
web,1783551083,deutsche_bank,banking,https://www.db.com,True,results/20260709_001914/web_1783551083.pcap,results/20260709_001914/web_profile_1783551083.json,4528776,3969889,3969889,0,True,558887,14.078151807267156,0.000267197784,7.561697287199999e-05,637,319,318,7109.538461538462,results/20260709_001914/web_1783551083_bursts.json,results/20260709_001914/web_1783551083.keylog,166507
web,1783551125,ine,public_admin,https://www.ine.es,True,results/20260709_001914/web_1783551125.pcap,results/20260709_001914/web_profile_1783551125.json,2484037,1964580,1964580,0,True,519457,26.44112227549909,0.00014655818300000003,4.147596578900001e-05,569,285,284,4365.61862917399,results/20260709_001914/web_1783551125_bursts.json,results/20260709_001914/web_1783551125.keylog,81777
web,1783551152,ine,public_admin,https://www.ine.es,True,results/20260709_001914/web_1783551152.pcap,results/20260709_001914/web_profile_1783551152.json,2502424,1964828,1964828,0,True,537596,27.360970018749732,0.000147643016,4.1782973527999996e-05,545,273,272,4591.603669724771,results/20260709_001914/web_1783551152_bursts.json,results/20260709_001914/web_1783551152.keylog,240343
web,1783551178,ine,public_admin,https://www.ine.es,True,results/20260709_001914/web_1783551178.pcap,results/20260709_001914/web_profile_1783551178.json,2462490,1964700,1964700,0,True,497790,25.336692624828217,0.00014528691,4.111619553e-05,501,251,250,4915.149700598802,results/20260709_001914/web_1783551178_bursts.json,results/20260709_001914/web_1783551178.keylog,29100
web,1783551219,boe,public_admin,https://www.boe.es,True,results/20260709_001914/web_1783551219.pcap,results/20260709_001914/web_profile_1783551219.json,43449396,798224,798224,0,True,42651172,5343.258533945359,0.0025635143640000005,0.0007254745650120001,2645,1323,1322,16426.99281663516,results/20260709_001914/web_1783551219_bursts.json,results/20260709_001914/web_1783551219.keylog,12933
web,1783551251,boe,public_admin,https://www.boe.es,True,results/20260709_001914/web_1783551251.pcap,results/20260709_001914/web_profile_1783551251.json,43437896,798227,798227,0,True,42639669,5341.797383451073,0.0025628358640000003,0.000725282549512,2469,1235,1234,17593.31551235318,results/20260709_001914/web_1783551251_bursts.json,results/20260709_001914/web_1783551251.keylog,5461
web,1783551283,boe,public_admin,https://www.boe.es,True,results/20260709_001914/web_1783551283.pcap,results/20260709_001914/web_profile_1783551283.json,43457899,798226,798226,0,True,42659673,5344.310132719304,0.0025640160410000004,0.0007256165396030001,2631,1316,1315,16517.63549980996,results/20260709_001914/web_1783551283_bursts.json,results/20260709_001914/web_1783551283.keylog,34827
web,1783551328,aeat,public_admin,https://www.agenciatributaria.gob.es,True,results/20260709_001914/web_1783551328.pcap,results/20260709_001914/web_profile_1783551328.json,3166270,2660749,2660749,0,True,505521,18.999199097697677,0.00018680993000000002,5.286721019e-05,529,265,264,5985.38752362949,results/20260709_001914/web_1783551328_bursts.json,results/20260709_001914/web_1783551328.keylog,4016
web,1783551355,aeat,public_admin,https://www.agenciatributaria.gob.es,True,results/20260709_001914/web_1783551355.pcap,results/20260709_001914/web_profile_1783551355.json,3162229,2660726,2660726,0,True,501503,18.848351915980828,0.00018657151100000003,5.2799737613000004e-05,483,242,241,6547.057971014493,results/20260709_001914/web_1783551355_bursts.json,results/20260709_001914/web_1783551355.keylog,58235
web,1783551382,aeat,public_admin,https://www.agenciatributaria.gob.es,True,results/20260709_001914/web_1783551382.pcap,results/20260709_001914/web_profile_1783551382.json,3171085,2660726,2660726,0,True,510359,19.181193403604883,0.000187094015,5.2947606244999995e-05,479,240,239,6620.219206680585,results/20260709_001914/web_1783551382_bursts.json,results/20260709_001914/web_1783551382.keylog,4096
web,1783551423,sepe,public_admin,https://www.sepe.es,True,results/20260709_001914/web_1783551423.pcap,results/20260709_001914/web_profile_1783551423.json,4112272,3751845,3751845,0,True,360427,9.606660189853258,0.000242624048,6.8662605584e-05,633,317,316,6496.480252764613,results/20260709_001914/web_1783551423_bursts.json,results/20260709_001914/web_1783551423.keylog,52245
web,1783551449,sepe,public_admin,https://www.sepe.es,True,results/20260709_001914/web_1783551449.pcap,results/20260709_001914/web_profile_1783551449.json,4053677,3751842,3751842,0,True,301835,8.044981638352574,0.00023916694300000002,6.768424486899999e-05,609,305,304,6656.284072249589,results/20260709_001914/web_1783551449_bursts.json,results/20260709_001914/web_1783551449.keylog,2736
web,1783551475,sepe,public_admin,https://www.sepe.es,True,results/20260709_001914/web_1783551475.pcap,results/20260709_001914/web_profile_1783551475.json,4263572,3751838,3751838,0,True,511734,13.639554799540917,0.000251550748,7.1188861684e-05,595,298,297,7165.667226890756,results/20260709_001914/web_1783551475_bursts.json,results/20260709_001914/web_1783551475.keylog,2027
web,1783551519,administracion_es,public_admin,https://administracion.gob.es,True,results/20260709_001914/web_1783551519.pcap,results/20260709_001914/web_profile_1783551519.json,10027935,2422805,2422805,0,True,7605130,313.8977342377946,0.0005916481650000001,0.000167436430695,1261,631,630,7952.367168913561,results/20260709_001914/web_1783551519_bursts.json,results/20260709_001914/web_1783551519.keylog,34016
web,1783551547,administracion_es,public_admin,https://administracion.gob.es,True,results/20260709_001914/web_1783551547.pcap,results/20260709_001914/web_profile_1783551547.json,3281599,2422693,2422693,0,True,858906,35.452531542378665,0.00019361434099999999,5.479285850299999e-05,825,413,412,3977.6957575757574,results/20260709_001914/web_1783551547_bursts.json,results/20260709_001914/web_1783551547.keylog,15472
web,1783551574,administracion_es,public_admin,https://administracion.gob.es,True,results/20260709_001914/web_1783551574.pcap,results/20260709_001914/web_profile_1783551574.json,3235207,2421437,2421437,0,True,813770,33.60690366918487,0.000190877213,5.4018251279e-05,625,313,312,5176.3312,results/20260709_001914/web_1783551574_bursts.json,results/20260709_001914/web_1783551574.keylog,88124
web,1783551617,europa_eu,public_admin,https://europa.eu,True,results/20260709_001914/web_1783551617.pcap,results/20260709_001914/web_profile_1783551617.json,1615290,1048347,1048347,0,True,566943,54.07970834084516,9.530211000000001e-05,2.697049713e-05,457,229,228,3534.551422319475,results/20260709_001914/web_1783551617_bursts.json,results/20260709_001914/web_1783551617.keylog,55431
web,1783551644,europa_eu,public_admin,https://europa.eu,True,results/20260709_001914/web_1783551644.pcap,results/20260709_001914/web_profile_1783551644.json,1566503,1047968,1047968,0,True,518535,49.48004137530917,9.242367700000001e-05,2.6155900591e-05,387,194,193,4047.8113695090437,results/20260709_001914/web_1783551644_bursts.json,results/20260709_001914/web_1783551644.keylog,42793
web,1783551670,europa_eu,public_admin,https://europa.eu,True,results/20260709_001914/web_1783551670.pcap,results/20260709_001914/web_profile_1783551670.json,1597428,1048261,1048261,0,True,549167,52.3883841905785,9.4248252e-05,2.6672255316e-05,419,210,209,3812.4773269689736,results/20260709_001914/web_1783551670_bursts.json,results/20260709_001914/web_1783551670.keylog,44293
web,1783551711,worldbank,public_admin,https://www.worldbank.org,True,results/20260709_001914/web_1783551711.pcap,results/20260709_001914/web_profile_1783551711.json,3684600,2815363,2815363,0,True,869237,30.874775295405954,0.00021739140000000002,6.15217662e-05,951,476,475,3874.4479495268138,results/20260709_001914/web_1783551711_bursts.json,results/20260709_001914/web_1783551711.keylog,108971
web,1783551738,worldbank,public_admin,https://www.worldbank.org,True,results/20260709_001914/web_1783551738.pcap,results/20260709_001914/web_profile_1783551738.json,3675732,2811308,2811308,0,True,864424,30.748107286714937,0.000216868188,6.1373697204e-05,943,472,471,3897.913043478261,results/20260709_001914/web_1783551738_bursts.json,results/20260709_001914/web_1783551738.keylog,99042
web,1783551764,worldbank,public_admin,https://www.worldbank.org,True,results/20260709_001914/web_1783551764.pcap,results/20260709_001914/web_profile_1783551764.json,3581001,2810177,2810177,0,True,770824,27.42973129450565,0.00021127905900000002,5.9791973697e-05,859,430,429,4168.802095459837,results/20260709_001914/web_1783551764_bursts.json,results/20260709_001914/web_1783551764.keylog,3405
web,1783551808,gov_uk,public_admin,https://www.gov.uk,True,results/20260709_001914/web_1783551808.pcap,results/20260709_001914/web_profile_1783551808.json,421706,195692,195692,0,True,226014,115.4947570672281,2.4880654e-05,7.041225082e-06,179,90,89,2355.8994413407822,results/20260709_001914/web_1783551808_bursts.json,results/20260709_001914/web_1783551808.keylog,55486
web,1783551835,gov_uk,public_admin,https://www.gov.uk,True,results/20260709_001914/web_1783551835.pcap,results/20260709_001914/web_profile_1783551835.json,409606,195696,195696,0,True,213910,109.30729294415829,2.4166754e-05,6.839191382e-06,191,96,95,2144.5340314136124,results/20260709_001914/web_1783551835_bursts.json,results/20260709_001914/web_1783551835.keylog,26388
web,1783551860,gov_uk,public_admin,https://www.gov.uk,True,results/20260709_001914/web_1783551860.pcap,results/20260709_001914/web_profile_1783551860.json,398803,195717,195717,0,True,203086,103.76513026461677,2.3529377000000003e-05,6.658813691e-06,167,84,83,2388.0419161676646,results/20260709_001914/web_1783551860_bursts.json,results/20260709_001914/web_1783551860.keylog,90906
web,1783551911,usa_gov,public_admin,https://www.usa.gov,True,results/20260709_001914/web_1783551911.pcap,results/20260709_001914/web_profile_1783551911.json,18238780,1259129,1259129,0,True,16979651,1348.5235428617718,0.0010760880200000001,0.00030453290966,1641,821,820,11114.430225472273,results/20260709_001914/web_1783551911_bursts.json,results/20260709_001914/web_1783551911.keylog,59438
web,1783551939,usa_gov,public_admin,https://www.usa.gov,True,results/20260709_001914/web_1783551939.pcap,results/20260709_001914/web_profile_1783551939.json,1791246,1258433,1258433,0,True,532813,42.33940146197692,0.000105683514,2.9908434462e-05,449,225,224,3989.412026726058,results/20260709_001914/web_1783551939_bursts.json,results/20260709_001914/web_1783551939.keylog,27109
web,1783551965,usa_gov,public_admin,https://www.usa.gov,True,results/20260709_001914/web_1783551965.pcap,results/20260709_001914/web_profile_1783551965.json,1798430,1258722,1258722,0,True,539708,42.87745824733341,0.00010610737,3.002838571e-05,463,232,231,3884.2980561555078,results/20260709_001914/web_1783551965_bursts.json,results/20260709_001914/web_1783551965.keylog,85317
web,1783552007,canada_gov,public_admin,https://www.canada.ca,True,results/20260709_001914/web_1783552007.pcap,results/20260709_001914/web_profile_1783552007.json,43652617,777116,777116,0,True,42875501,5517.258813356049,0.002575504403,0.0007288677460489999,2439,1220,1219,17897.751947519475,results/20260709_001914/web_1783552007_bursts.json,results/20260709_001914/web_1783552007.keylog,39648
web,1783552043,canada_gov,public_admin,https://www.canada.ca,True,results/20260709_001914/web_1783552043.pcap,results/20260709_001914/web_profile_1783552043.json,43673995,777132,777132,0,True,42896863,5519.894046313882,0.002576765705,0.000729224694515,2769,1385,1384,15772.479234380642,results/20260709_001914/web_1783552043_bursts.json,results/20260709_001914/web_1783552043.keylog,20898
web,1783552078,canada_gov,public_admin,https://www.canada.ca,True,results/20260709_001914/web_1783552078.pcap,results/20260709_001914/web_profile_1783552078.json,43654566,777791,777791,0,True,42876775,5512.634499499223,0.002575619394,0.000728900288502,2861,1431,1430,15258.499126179657,results/20260709_001914/web_1783552078_bursts.json,results/20260709_001914/web_1783552078.keylog,25555
web,1783552130,wikipedia,education,https://www.wikipedia.org,True,results/20260709_001914/web_1783552130.pcap,results/20260709_001914/web_profile_1783552130.json,309822,82632,82632,0,True,227190,274.9419111240198,1.8279498e-05,5.173097934e-06,227,114,113,1364.8546255506608,results/20260709_001914/web_1783552130_bursts.json,results/20260709_001914/web_1783552130.keylog,132045
web,1783552157,wikipedia,education,https://www.wikipedia.org,True,results/20260709_001914/web_1783552157.pcap,results/20260709_001914/web_profile_1783552157.json,314311,82629,82629,0,True,231682,280.3882414164518,1.8544349e-05,5.248050766999999e-06,209,105,104,1503.8803827751196,results/20260709_001914/web_1783552157_bursts.json,results/20260709_001914/web_1783552157.keylog,111920
web,1783552182,wikipedia,education,https://www.wikipedia.org,True,results/20260709_001914/web_1783552182.pcap,results/20260709_001914/web_profile_1783552182.json,319913,82977,82977,0,True,236936,285.5441869433699,1.8874867e-05,5.341587361e-06,225,113,112,1421.8355555555556,results/20260709_001914/web_1783552182_bursts.json,results/20260709_001914/web_1783552182.keylog,54783
web,1783552224,khanacademy,education,https://www.khanacademy.org,True,results/20260709_001914/web_1783552224.pcap,results/20260709_001914/web_profile_1783552224.json,3824866,3246922,3246922,0,True,577944,17.79975004019191,0.000225667094,6.3863787602e-05,571,286,285,6698.539404553415,results/20260709_001914/web_1783552224_bursts.json,results/20260709_001914/web_1783552224.keylog,7640
web,1783552250,khanacademy,education,https://www.khanacademy.org,True,results/20260709_001914/web_1783552250.pcap,results/20260709_001914/web_profile_1783552250.json,3862767,3246846,3246846,0,True,615921,18.969824870043112,0.000227903253,6.449662059899999e-05,593,297,296,6513.940978077571,results/20260709_001914/web_1783552250_bursts.json,results/20260709_001914/web_1783552250.keylog,140426
web,1783552277,khanacademy,education,https://www.khanacademy.org,True,results/20260709_001914/web_1783552277.pcap,results/20260709_001914/web_profile_1783552277.json,3771087,3246030,3246030,0,True,525057,16.175358822931397,0.000222494133,6.2965839639e-05,569,285,284,6627.569420035149,results/20260709_001914/web_1783552277_bursts.json,results/20260709_001914/web_1783552277.keylog,188734
web,1783552319,coursera,education,https://www.coursera.org,True,results/20260709_001914/web_1783552319.pcap,results/20260709_001914/web_profile_1783552319.json,17695153,1861330,1861330,0,True,15833823,850.6725298576825,0.0010440140270000001,0.000295455969641,1389,695,694,12739.491000719943,results/20260709_001914/web_1783552319_bursts.json,results/20260709_001914/web_1783552319.keylog,26781
web,1783552347,coursera,education,https://www.coursera.org,True,results/20260709_001914/web_1783552347.pcap,results/20260709_001914/web_profile_1783552347.json,2571112,1881358,1881358,0,True,689754,36.66255970421366,0.00015169560800000001,4.2929857064e-05,503,252,251,5111.554671968191,results/20260709_001914/web_1783552347_bursts.json,results/20260709_001914/web_1783552347.keylog,10020
web,1783552373,coursera,education,https://www.coursera.org,True,results/20260709_001914/web_1783552373.pcap,results/20260709_001914/web_profile_1783552373.json,2521112,1861427,1861427,0,True,659685,35.43974595834271,0.00014874560800000002,4.2095007064e-05,525,263,262,4802.1180952380955,results/20260709_001914/web_1783552373_bursts.json,results/20260709_001914/web_1783552373.keylog,57149
web,1783552415,edx,education,https://www.edx.org,True,results/20260709_001914/web_1783552415.pcap,results/20260709_001914/web_profile_1783552415.json,48840574,5327577,5327577,0,True,43512997,816.7502224744945,0.0028815938660000004,0.0008154910640780001,3423,1712,1711,14268.353491089687,results/20260709_001914/web_1783552415_bursts.json,results/20260709_001914/web_1783552415.keylog,97948
web,1783552446,edx,education,https://www.edx.org,True,results/20260709_001914/web_1783552446.pcap,results/20260709_001914/web_profile_1783552446.json,6350246,5330445,5330445,0,True,1019801,19.131629723221984,0.00037466451400000004,0.000106030057462,1077,539,538,5896.235840297121,results/20260709_001914/web_1783552446_bursts.json,results/20260709_001914/web_1783552446.keylog,14199
web,1783552474,edx,education,https://www.edx.org,True,results/20260709_001914/web_1783552474.pcap,results/20260709_001914/web_profile_1783552474.json,47713149,5327601,5327601,0,True,42385548,795.5841287663997,0.0028150757910000005,0.000796666448853,3281,1641,1640,14542.258153002134,results/20260709_001914/web_1783552474_bursts.json,results/20260709_001914/web_1783552474.keylog,77730
web,1783552519,mit,education,https://www.mit.edu,True,results/20260709_001914/web_1783552519.pcap,results/20260709_001914/web_profile_1783552519.json,1781090,1466493,1466493,0,True,314597,21.452335606102448,0.00010508431000000001,2.973885973e-05,319,160,159,5583.354231974921,results/20260709_001914/web_1783552519_bursts.json,results/20260709_001914/web_1783552519.keylog,158470
web,1783552545,mit,education,https://www.mit.edu,True,results/20260709_001914/web_1783552545.pcap,results/20260709_001914/web_profile_1783552545.json,1777369,1466513,1466513,0,True,310856,21.196948134793214,0.000104864771,2.9676730192999996e-05,305,153,152,5827.439344262295,results/20260709_001914/web_1783552545_bursts.json,results/20260709_001914/web_1783552545.keylog,78151
web,1783552571,mit,education,https://www.mit.edu,True,results/20260709_001914/web_1783552571.pcap,results/20260709_001914/web_profile_1783552571.json,1789943,1466513,1466513,0,True,323430,22.05435614958749,0.000105606637,2.9886678270999995e-05,293,147,146,6109.020477815699,results/20260709_001914/web_1783552571_bursts.json,results/20260709_001914/web_1783552571.keylog,33785
web,1783552613,stanford,education,https://www.stanford.edu,True,results/20260709_001914/web_1783552613.pcap,results/20260709_001914/web_profile_1783552613.json,8602752,4456590,1730501,2726089,True,6872251,397.12493665129347,0.0005075623680000001,0.00014364015014400002,745,373,372,11547.318120805368,results/20260709_001914/web_1783552613_bursts.json,results/20260709_001914/web_1783552613.keylog,146056
web,1783552640,stanford,education,https://www.stanford.edu,True,results/20260709_001914/web_1783552640.pcap,results/20260709_001914/web_profile_1783552640.json,8332091,1730573,1730573,0,True,6601518,381.4642895734534,0.0004915933690000001,0.000139120923427,787,394,393,10587.15501905972,results/20260709_001914/web_1783552640_bursts.json,results/20260709_001914/web_1783552640.keylog,112376
web,1783552666,stanford,education,https://www.stanford.edu,True,results/20260709_001914/web_1783552666.pcap,results/20260709_001914/web_profile_1783552666.json,8581679,4542521,1732426,2810095,True,6849253,395.3561652849819,0.0005063190610000001,0.000143288294263,787,394,393,10904.293519695044,results/20260709_001914/web_1783552666_bursts.json,results/20260709_001914/web_1783552666.keylog,110459
web,1783552707,harvard,education,https://www.harvard.edu,True,results/20260709_001914/web_1783552707.pcap,results/20260709_001914/web_profile_1783552707.json,4527716,2474234,2474234,0,True,2053482,82.9946561238751,0.000267135244,7.5599274052e-05,697,349,348,6496.005738880918,results/20260709_001914/web_1783552707_bursts.json,results/20260709_001914/web_1783552707.keylog,20678
web,1783552734,harvard,education,https://www.harvard.edu,True,results/20260709_001914/web_1783552734.pcap,results/20260709_001914/web_profile_1783552734.json,4593167,2474234,2474234,0,True,2118933,85.6399596804506,0.000270996853,7.6692109399e-05,757,379,378,6067.591809775429,results/20260709_001914/web_1783552734_bursts.json,results/20260709_001914/web_1783552734.keylog,131008
web,1783552761,harvard,education,https://www.harvard.edu,True,results/20260709_001914/web_1783552761.pcap,results/20260709_001914/web_profile_1783552761.json,4605469,2474225,2474225,0,True,2131244,86.13784114217583,0.00027172267100000004,7.689751589300001e-05,725,363,362,6352.371034482759,results/20260709_001914/web_1783552761_bursts.json,results/20260709_001914/web_1783552761.keylog,119807
web,1783552802,uned,education,https://www.uned.es,True,results/20260709_001914/web_1783552802.pcap,results/20260709_001914/web_profile_1783552802.json,9884264,5454534,5454534,0,True,4429730,81.2118872116298,0.000583171576,0.000165037556008,923,462,461,10708.845070422536,results/20260709_001914/web_1783552802_bursts.json,results/20260709_001914/web_1783552802.keylog,108332
web,1783552829,uned,education,https://www.uned.es,True,results/20260709_001914/web_1783552829.pcap,results/20260709_001914/web_profile_1783552829.json,9905643,5454329,5454329,0,True,4451314,81.61066191643371,0.000584432937,0.000165394521171,1037,519,518,9552.21118611379,results/20260709_001914/web_1783552829_bursts.json,results/20260709_001914/web_1783552829.keylog,5847
web,1783552856,uned,education,https://www.uned.es,True,results/20260709_001914/web_1783552856.pcap,results/20260709_001914/web_profile_1783552856.json,9889099,5454550,5454550,0,True,4434549,81.29999725000229,0.0005834568410000001,0.00016511828600300002,997,499,498,9918.8555667001,results/20260709_001914/web_1783552856_bursts.json,results/20260709_001914/web_1783552856.keylog,13213
web,1783552898,upm,education,https://www.upm.es,True,results/20260709_001914/web_1783552898.pcap,results/20260709_001914/web_profile_1783552898.json,4264984,3745293,3745293,0,True,519691,13.875843625585501,0.00025163405600000003,7.1212437848e-05,527,264,263,8092.948766603416,results/20260709_001914/web_1783552898_bursts.json,results/20260709_001914/web_1783552898.keylog,778
web,1783552924,upm,education,https://www.upm.es,True,results/20260709_001914/web_1783552924.pcap,results/20260709_001914/web_profile_1783552924.json,4275549,3745322,3745322,0,True,530227,14.157047111036114,0.000252257391,7.1388841653e-05,533,267,266,8021.667917448405,results/20260709_001914/web_1783552924_bursts.json,results/20260709_001914/web_1783552924.keylog,108607
web,1783552951,upm,education,https://www.upm.es,True,results/20260709_001914/web_1783552951.pcap,results/20260709_001914/web_profile_1783552951.json,4291589,3745478,3745478,0,True,546111,14.580542189808618,0.000253203751,7.165666153299999e-05,549,275,274,7817.102003642987,results/20260709_001914/web_1783552951_bursts.json,results/20260709_001914/web_1783552951.keylog,24590
web,1783552993,uc3m,education,https://www.uc3m.es,True,results/20260709_001914/web_1783552993.pcap,results/20260709_001914/web_profile_1783552993.json,10005274,4948920,4948920,0,True,5056354,102.17085748001584,0.000590311166,0.00016705805997799998,763,382,381,13113.072083879424,results/20260709_001914/web_1783552993_bursts.json,results/20260709_001914/web_1783552993.keylog,22754
web,1783553020,uc3m,education,https://www.uc3m.es,True,results/20260709_001914/web_1783553020.pcap,results/20260709_001914/web_profile_1783553020.json,8369088,3373921,3373921,0,True,4995167,148.05228101072908,0.000493776192,0.000139738662336,769,385,384,10883.07932379714,results/20260709_001914/web_1783553020_bursts.json,results/20260709_001914/web_1783553020.keylog,5565
web,1783553047,uc3m,education,https://www.uc3m.es,True,results/20260709_001914/web_1783553047.pcap,results/20260709_001914/web_profile_1783553047.json,8341629,3373258,3373258,0,True,4968371,147.28701451237941,0.000492156111,0.00013928017941299998,691,346,345,12071.821997105644,results/20260709_001914/web_1783553047_bursts.json,results/20260709_001914/web_1783553047.keylog,19745
web,1783553089,amazon,ecommerce,https://www.amazon.com,True,results/20260709_001914/web_1783553089.pcap,results/20260709_001914/web_profile_1783553089.json,48424840,4276866,4276866,0,True,44147974,1032.2505778764169,0.0028570655600000006,0.0008085495534800001,3053,1527,1526,15861.39534883721,results/20260709_001914/web_1783553089_bursts.json,results/20260709_001914/web_1783553089.keylog,201029
web,1783553120,amazon,ecommerce,https://www.amazon.com,True,results/20260709_001914/web_1783553120.pcap,results/20260709_001914/web_profile_1783553120.json,6621791,4904291,4904291,0,True,1717500,35.02035258511373,0.00039068566900000003,0.000110564044327,1421,711,710,4659.951442646024,results/20260709_001914/web_1783553120_bursts.json,results/20260709_001914/web_1783553120.keylog,120060
web,1783553147,amazon,ecommerce,https://www.amazon.com,True,results/20260709_001914/web_1783553147.pcap,results/20260709_001914/web_profile_1783553147.json,6610339,4922651,4922651,0,True,1687688,34.28412861281452,0.00039001000100000004,0.000110372830283,1385,693,692,4772.807942238267,results/20260709_001914/web_1783553147_bursts.json,results/20260709_001914/web_1783553147.keylog,100558
web,1783553188,amazon_es,ecommerce,https://www.amazon.es,True,results/20260709_001914/web_1783553188.pcap,results/20260709_001914/web_profile_1783553188.json,5041556,3449122,3449122,0,True,1592434,46.16925698772035,0.000297451804,8.4178860532e-05,1101,551,550,4579.069936421435,results/20260709_001914/web_1783553188_bursts.json,results/20260709_001914/web_1783553188.keylog,3243
web,1783553216,amazon_es,ecommerce,https://www.amazon.es,True,results/20260709_001914/web_1783553216.pcap,results/20260709_001914/web_profile_1783553216.json,5004454,3938865,3938865,0,True,1065589,27.053199335341528,0.00029526278599999997,8.355936843799999e-05,821,411,410,6095.559074299635,results/20260709_001914/web_1783553216_bursts.json,results/20260709_001914/web_1783553216.keylog,102613
web,1783553242,amazon_es,ecommerce,https://www.amazon.es,True,results/20260709_001914/web_1783553242.pcap,results/20260709_001914/web_profile_1783553242.json,5159166,4027274,4027274,0,True,1131892,28.105661546743526,0.000304390794,8.6142594702e-05,1111,556,555,4643.713771377138,results/20260709_001914/web_1783553242_bursts.json,results/20260709_001914/web_1783553242.keylog,40888
web,1783553283,ebay,ecommerce,https://www.ebay.com,True,results/20260709_001914/web_1783553283.pcap,results/20260709_001914/web_profile_1783553283.json,10720277,3292014,3292014,0,True,7428263,225.64493954156939,0.000632496343,0.000178996465069,985,493,492,10883.529949238578,results/20260709_001914/web_1783553283_bursts.json,results/20260709_001914/web_1783553283.keylog,118861
web,1783553311,ebay,ecommerce,https://www.ebay.com,True,results/20260709_001914/web_1783553311.pcap,results/20260709_001914/web_profile_1783553311.json,4188905,3379252,3379252,0,True,809653,23.959533056427873,0.000247145395,6.9942146785e-05,635,318,317,6596.700787401574,results/20260709_001914/web_1783553311_bursts.json,results/20260709_001914/web_1783553311.keylog,72520
web,1783553338,ebay,ecommerce,https://www.ebay.com,True,results/20260709_001914/web_1783553338.pcap,results/20260709_001914/web_profile_1783553338.json,4512456,3366630,3366630,0,True,1145826,34.03480631967279,0.00026623490400000003,7.5344477832e-05,713,357,356,6328.830294530154,results/20260709_001914/web_1783553338_bursts.json,results/20260709_001914/web_1783553338.keylog,19472
web,1783553382,aliexpress,ecommerce,https://www.aliexpress.com,True,results/20260709_001914/web_1783553382.pcap,results/20260709_001914/web_profile_1783553382.json,47205267,3584101,3584101,0,True,43621166,1217.0741282123467,0.002785110753,0.0007881863430989999,2960,1480,1480,15947.725337837837,results/20260709_001914/web_1783553382_bursts.json,results/20260709_001914/web_1783553382.keylog,23707
web,1783553411,aliexpress,ecommerce,https://www.aliexpress.com,True,results/20260709_001914/web_1783553411.pcap,results/20260709_001914/web_profile_1783553411.json,29412772,3582798,3582798,0,True,25829974,720.9441894296023,0.001735353548,0.000491105054084,2188,1094,1094,13442.765996343693,results/20260709_001914/web_1783553411_bursts.json,results/20260709_001914/web_1783553411.keylog,15321
web,1783553439,aliexpress,ecommerce,https://www.aliexpress.com,True,results/20260709_001914/web_1783553439.pcap,results/20260709_001914/web_profile_1783553439.json,39655768,3592351,3592351,0,True,36063417,1003.8945804571991,0.002339690312,0.0006621323582959999,2798,1399,1399,14172.897784131523,results/20260709_001914/web_1783553439_bursts.json,results/20260709_001914/web_1783553439.keylog,33616
web,1783553483,etsy,ecommerce,https://www.etsy.com,True,results/20260709_001914/web_1783553483.pcap,results/20260709_001914/web_profile_1783553483.json,540588,17619,17619,0,True,522969,2968.2104546228506,3.1894692e-05,9.026197836e-06,205,103,102,2637.0146341463415,results/20260709_001914/web_1783553483_bursts.json,results/20260709_001914/web_1783553483.keylog,32292
web,1783553510,etsy,ecommerce,https://www.etsy.com,True,results/20260709_001914/web_1783553510.pcap,results/20260709_001914/web_profile_1783553510.json,283624,16762,16762,0,True,266862,1592.0653859921251,1.6733816e-05,4.735669928e-06,201,101,100,1411.0646766169154,results/20260709_001914/web_1783553510_bursts.json,results/20260709_001914/web_1783553510.keylog,98713
web,1783553536,etsy,ecommerce,https://www.etsy.com,True,results/20260709_001914/web_1783553536.pcap,results/20260709_001914/web_profile_1783553536.json,275252,16780,16780,0,True,258472,1540.357568533969,1.6239868e-05,4.595882644e-06,189,95,94,1456.3597883597884,results/20260709_001914/web_1783553536_bursts.json,results/20260709_001914/web_1783553536.keylog,102894
web,1783553577,otto_de,ecommerce,https://www.otto.de,True,results/20260709_001914/web_1783553577.pcap,results/20260709_001914/web_profile_1783553577.json,42220394,3403581,3403581,0,True,38816813,1140.4697875561064,0.002491003246,0.0007049539186179999,2763,1382,1381,15280.63481722765,results/20260709_001914/web_1783553577_bursts.json,results/20260709_001914/web_1783553577.keylog,17760
web,1783553606,otto_de,ecommerce,https://www.otto.de,True,results/20260709_001914/web_1783553606.pcap,results/20260709_001914/web_profile_1783553606.json,39438167,3377292,3377292,0,True,36060875,1067.745252705422,0.0023268518530000005,0.0006584990743990001,2207,1104,1103,17869.581785228816,results/20260709_001914/web_1783553606_bursts.json,results/20260709_001914/web_1783553606.keylog,58004
web,1783553634,otto_de,ecommerce,https://www.otto.de,True,results/20260709_001914/web_1783553634.pcap,results/20260709_001914/web_profile_1783553634.json,12807019,3386257,3386257,0,True,9420762,278.20575933840814,0.0007556141210000001,0.00021383879624300002,1559,780,779,8214.893521488133,results/20260709_001914/web_1783553634_bursts.json,results/20260709_001914/web_1783553634.keylog,5902
web,1783553678,walmart,ecommerce,https://www.walmart.com,True,results/20260709_001914/web_1783553678.pcap,results/20260709_001914/web_profile_1783553678.json,1370544,507707,507707,0,True,862837,169.9478242372077,8.086209600000001e-05,2.2883973168e-05,433,217,216,3165.228637413395,results/20260709_001914/web_1783553678_bursts.json,results/20260709_001914/web_1783553678.keylog,4001
web,1783553704,walmart,ecommerce,https://www.walmart.com,True,results/20260709_001914/web_1783553704.pcap,results/20260709_001914/web_profile_1783553704.json,3681980,507537,507537,0,True,3174443,625.4604097829321,0.00021723682,6.147802005999999e-05,725,363,362,5078.5931034482755,results/20260709_001914/web_1783553704_bursts.json,results/20260709_001914/web_1783553704.keylog,89262
web,1783553732,walmart,ecommerce,https://www.walmart.com,True,results/20260709_001914/web_1783553732.pcap,results/20260709_001914/web_profile_1783553732.json,1364960,508229,508229,0,True,856731,168.57184458187155,8.053264e-05,2.2790737119999998e-05,471,236,235,2898.0042462845013,results/20260709_001914/web_1783553732_bursts.json,results/20260709_001914/web_1783553732.keylog,94243
web,1783553773,mediamarkt,ecommerce,https://www.mediamarkt.es,True,results/20260709_001914/web_1783553773.pcap,results/20260709_001914/web_profile_1783553773.json,43906460,3137431,3137431,0,True,40769029,1299.4398601913476,0.0025904811400000003,0.00073310616262,2614,1307,1307,16796.65646518745,results/20260709_001914/web_1783553773_bursts.json,results/20260709_001914/web_1783553773.keylog,16839
web,1783553802,mediamarkt,ecommerce,https://www.mediamarkt.es,True,results/20260709_001914/web_1783553802.pcap,results/20260709_001914/web_profile_1783553802.json,5362802,3137840,3137840,0,True,2224962,70.90743951253091,0.000316405318,8.954270499399999e-05,898,449,449,5971.93986636971,results/20260709_001914/web_1783553802_bursts.json,results/20260709_001914/web_1783553802.keylog,1317
web,1783553830,mediamarkt,ecommerce,https://www.mediamarkt.es,True,results/20260709_001914/web_1783553830.pcap,results/20260709_001914/web_profile_1783553830.json,46497882,3138721,3138721,0,True,43359161,1381.427689813781,0.0027433750380000004,0.0007763751357540001,2577,1289,1288,18043.415599534343,results/20260709_001914/web_1783553830_bursts.json,results/20260709_001914/web_1783553830.keylog,14185
web,1783553875,pccomponentes,ecommerce,https://www.pccomponentes.com,True,results/20260709_001914/web_1783553875.pcap,results/20260709_001914/web_profile_1783553875.json,927262,132138,132138,0,True,795124,601.7375773812226,5.4708458e-05,1.5482493613999998e-05,223,112,111,4158.125560538117,results/20260709_001914/web_1783553875_bursts.json,results/20260709_001914/web_1783553875.keylog,29633
web,1783553901,pccomponentes,ecommerce,https://www.pccomponentes.com,True,results/20260709_001914/web_1783553901.pcap,results/20260709_001914/web_profile_1783553901.json,911012,131480,131480,0,True,779532,592.8901734104047,5.374970800000001e-05,1.5211167364e-05,187,94,93,4871.72192513369,results/20260709_001914/web_1783553901_bursts.json,results/20260709_001914/web_1783553901.keylog,36371
web,1783553926,pccomponentes,ecommerce,https://www.pccomponentes.com,True,results/20260709_001914/web_1783553926.pcap,results/20260709_001914/web_profile_1783553926.json,921218,132787,132787,0,True,788431,593.7561658897332,5.4351862e-05,1.5381576946e-05,213,107,106,4324.967136150235,results/20260709_001914/web_1783553926_bursts.json,results/20260709_001914/web_1783553926.keylog,109991
web,1783553967,mercadona,ecommerce,https://www.mercadona.es,True,results/20260709_001914/web_1783553967.pcap,results/20260709_001914/web_profile_1783553967.json,1325457,1061891,1061891,0,True,263566,24.820438255903852,7.8201963e-05,2.2131155529e-05,275,138,137,4819.8436363636365,results/20260709_001914/web_1783553967_bursts.json,results/20260709_001914/web_1783553967.keylog,58554
web,1783553993,mercadona,ecommerce,https://www.mercadona.es,True,results/20260709_001914/web_1783553993.pcap,results/20260709_001914/web_profile_1783553993.json,1337624,1061826,1061826,0,True,275798,25.97393546588612,7.8919816e-05,2.2334307927999996e-05,255,128,127,5245.584313725491,results/20260709_001914/web_1783553993_bursts.json,results/20260709_001914/web_1783553993.keylog,179363
web,1783554020,mercadona,ecommerce,https://www.mercadona.es,True,results/20260709_001914/web_1783554020.pcap,results/20260709_001914/web_profile_1783554020.json,1364596,1061803,1061803,0,True,302793,28.516871773765946,8.051116400000001e-05,2.2784659412e-05,305,153,152,4474.08524590164,results/20260709_001914/web_1783554020_bursts.json,results/20260709_001914/web_1783554020.keylog,147213
web,1783554063,github,technology,https://github.com,True,results/20260709_001914/web_1783554063.pcap,results/20260709_001914/web_profile_1783554063.json,5746360,4069651,4069651,0,True,1676709,41.200314228419096,0.00033903524,9.594697292e-05,471,236,235,12200.339702760084,results/20260709_001914/web_1783554063_bursts.json,results/20260709_001914/web_1783554063.keylog,134782
web,1783554090,github,technology,https://github.com,True,results/20260709_001914/web_1783554090.pcap,results/20260709_001914/web_profile_1783554090.json,5753921,4069413,4069413,0,True,1684508,41.39437309508767,0.00033948133900000004,9.6073218937e-05,503,252,251,11439.20675944334,results/20260709_001914/web_1783554090_bursts.json,results/20260709_001914/web_1783554090.keylog,69047
web,1783554116,github,technology,https://github.com,True,results/20260709_001914/web_1783554116.pcap,results/20260709_001914/web_profile_1783554116.json,5694673,4069742,4069742,0,True,1624931,39.927125601573756,0.000335985707,9.508395508099999e-05,465,233,232,12246.608602150538,results/20260709_001914/web_1783554116_bursts.json,results/20260709_001914/web_1783554116.keylog,6053
web,1783554159,stackoverflow,technology,https://stackoverflow.com,True,results/20260709_001914/web_1783554159.pcap,results/20260709_001914/web_profile_1783554159.json,7009028,2067253,2067253,0,True,4941775,239.0503242709044,0.00041353265200000003,0.000117029740516,1183,592,591,5924.791208791209,results/20260709_001914/web_1783554159_bursts.json,results/20260709_001914/web_1783554159.keylog,14404
web,1783554186,stackoverflow,technology,https://stackoverflow.com,True,results/20260709_001914/web_1783554186.pcap,results/20260709_001914/web_profile_1783554186.json,3223391,2013207,2013207,0,True,1210184,60.11224876527849,0.00019018006900000002,5.3820959527e-05,937,469,468,3440.118463180363,results/20260709_001914/web_1783554186_bursts.json,results/20260709_001914/web_1783554186.keylog,17321
web,1783554213,stackoverflow,technology,https://stackoverflow.com,True,results/20260709_001914/web_1783554213.pcap,results/20260709_001914/web_profile_1783554213.json,6469204,2011605,2011605,0,True,4457599,221.59414994494443,0.00038168303600000003,0.000108016299188,1121,561,560,5770.922390722569,results/20260709_001914/web_1783554213_bursts.json,results/20260709_001914/web_1783554213.keylog,97530
web,1783554256,mdn,technology,https://developer.mozilla.org,True,results/20260709_001914/web_1783554256.pcap,results/20260709_001914/web_profile_1783554256.json,1504476,1092147,1092147,0,True,412329,37.753983667033836,8.876408400000001e-05,2.5120235772e-05,309,155,154,4868.854368932039,results/20260709_001914/web_1783554256_bursts.json,results/20260709_001914/web_1783554256.keylog,183950
web,1783554283,mdn,technology,https://developer.mozilla.org,True,results/20260709_001914/web_1783554283.pcap,results/20260709_001914/web_profile_1783554283.json,1369154,1091899,1091899,0,True,277255,25.392000542174685,8.0780086e-05,2.2860764337999998e-05,263,132,131,5205.9087452471485,results/20260709_001914/web_1783554283_bursts.json,results/20260709_001914/web_1783554283.keylog,18432
web,1783554309,mdn,technology,https://developer.mozilla.org,True,results/20260709_001914/web_1783554309.pcap,results/20260709_001914/web_profile_1783554309.json,1387729,1091696,1091696,0,True,296033,27.116798082982807,8.187601100000001e-05,2.3170911113e-05,255,128,127,5442.0745098039215,results/20260709_001914/web_1783554309_bursts.json,results/20260709_001914/web_1783554309.keylog,25500
web,1783554350,python,technology,https://www.python.org,True,results/20260709_001914/web_1783554350.pcap,results/20260709_001914/web_profile_1783554350.json,746214,482252,482252,0,True,263962,54.73528362764696,4.4026626e-05,1.2459535157999999e-05,221,111,110,3376.5339366515836,results/20260709_001914/web_1783554350_bursts.json,results/20260709_001914/web_1783554350.keylog,139242
web,1783554376,python,technology,https://www.python.org,True,results/20260709_001914/web_1783554376.pcap,results/20260709_001914/web_profile_1783554376.json,733806,482816,482816,0,True,250990,51.984606972428416,4.3294554000000005e-05,1.2252358782e-05,221,111,110,3320.389140271493,results/20260709_001914/web_1783554376_bursts.json,results/20260709_001914/web_1783554376.keylog,109463
web,1783554402,python,technology,https://www.python.org,True,results/20260709_001914/web_1783554402.pcap,results/20260709_001914/web_profile_1783554402.json,600907,482594,482594,0,True,118313,24.516052831158284,3.5453513000000004e-05,1.0033344179e-05,211,106,105,2847.900473933649,results/20260709_001914/web_1783554402_bursts.json,results/20260709_001914/web_1783554402.keylog,15863
web,1783554443,techcrunch,technology,https://techcrunch.com,True,results/20260709_001914/web_1783554443.pcap,results/20260709_001914/web_profile_1783554443.json,22015957,2769969,2769969,0,True,19245988,694.8087866687317,0.001298941463,0.00036760043402899996,2701,1351,1350,8151.039244724177,results/20260709_001914/web_1783554443_bursts.json,results/20260709_001914/web_1783554443.keylog,13750
web,1783554472,techcrunch,technology,https://techcrunch.com,True,results/20260709_001914/web_1783554472.pcap,results/20260709_001914/web_profile_1783554472.json,15466002,2771742,2771742,0,True,12694260,457.9885140824795,0.000912494118,0.00025823583539399996,2343,1172,1171,6600.9398207426375,results/20260709_001914/web_1783554472_bursts.json,results/20260709_001914/web_1783554472.keylog,127161
web,1783554501,techcrunch,technology,https://techcrunch.com,True,results/20260709_001914/web_1783554501.pcap,results/20260709_001914/web_profile_1783554501.json,5718125,2770410,2770410,0,True,2947715,106.39995524128199,0.00033736937500000003,9.5475533125e-05,1667,834,833,3430.1889622075587,results/20260709_001914/web_1783554501_bursts.json,results/20260709_001914/web_1783554501.keylog,49385
web,1783554544,wired,technology,https://www.wired.com,True,results/20260709_001914/web_1783554544.pcap,results/20260709_001914/web_profile_1783554544.json,66785309,7870553,7870553,0,True,58914756,748.5465887848032,0.003940333231,0.001115114304373,11221,5611,5610,5951.814365921041,results/20260709_001914/web_1783554544_bursts.json,results/20260709_001914/web_1783554544.keylog,84581
web,1783554574,wired,technology,https://www.wired.com,True,results/20260709_001914/web_1783554574.pcap,results/20260709_001914/web_profile_1783554574.json,31432121,26407518,26407518,0,True,5024603,19.027168702488435,0.0018544951390000002,0.000524822124337,2047,1024,1023,15355.212994626283,results/20260709_001914/web_1783554574_bursts.json,results/20260709_001914/web_1783554574.keylog,119659
web,1783554602,wired,technology,https://www.wired.com,True,results/20260709_001914/web_1783554602.pcap,results/20260709_001914/web_profile_1783554602.json,31676173,26381327,26381327,0,True,5294846,20.070430877112436,0.0018688942070000003,0.000528897060581,2057,1029,1028,15399.209042294604,results/20260709_001914/web_1783554602_bursts.json,results/20260709_001914/web_1783554602.keylog,128375
web,1783554645,arstechnica,technology,https://arstechnica.com,True,results/20260709_001914/web_1783554645.pcap,results/20260709_001914/web_profile_1783554645.json,12325645,2397617,2397617,0,True,9928028,414.07897925315007,0.0007272130550000001,0.000205801294565,1357,679,678,9083.010316875461,results/20260709_001914/web_1783554645_bursts.json,results/20260709_001914/web_1783554645.keylog,67339
web,1783554673,arstechnica,technology,https://arstechnica.com,True,results/20260709_001914/web_1783554673.pcap,results/20260709_001914/web_profile_1783554673.json,3952250,2397716,2397716,0,True,1554534,64.83395030937776,0.00023318275,6.599071825e-05,791,396,395,4996.5233881163085,results/20260709_001914/web_1783554673_bursts.json,results/20260709_001914/web_1783554673.keylog,19495
web,1783554700,arstechnica,technology,https://arstechnica.com,True,results/20260709_001914/web_1783554700.pcap,results/20260709_001914/web_profile_1783554700.json,3891920,2397641,2397641,0,True,1494279,62.3228832006126,0.00022962328,6.498338823999999e-05,769,385,384,5061.014304291288,results/20260709_001914/web_1783554700_bursts.json,results/20260709_001914/web_1783554700.keylog,6286
web,1783554741,hackernews,technology,https://news.ycombinator.com,True,results/20260709_001914/web_1783554741.pcap,results/20260709_001914/web_profile_1783554741.json,350574,11565,11565,0,True,339009,2931.335927367056,2.0683866e-05,5.853534077999999e-06,203,102,101,1726.9655172413793,results/20260709_001914/web_1783554741_bursts.json,results/20260709_001914/web_1783554741.keylog,31650
web,1783554768,hackernews,technology,https://news.ycombinator.com,True,results/20260709_001914/web_1783554768.pcap,results/20260709_001914/web_profile_1783554768.json,332862,11565,11565,0,True,321297,2778.184176394293,1.9638858000000004e-05,5.557796814000001e-06,205,103,102,1623.7170731707317,results/20260709_001914/web_1783554768_bursts.json,results/20260709_001914/web_1783554768.keylog,73003
web,1783554794,hackernews,technology,https://news.ycombinator.com,True,results/20260709_001914/web_1783554794.pcap,results/20260709_001914/web_profile_1783554794.json,326838,11566,11566,0,True,315272,2725.851634099948,1.9283442e-05,5.457214086e-06,207,104,103,1578.927536231884,results/20260709_001914/web_1783554794_bursts.json,results/20260709_001914/web_1783554794.keylog,4083
web,1783554837,theverge,technology,https://www.theverge.com,True,results/20260709_001914/web_1783554837.pcap,results/20260709_001914/web_profile_1783554837.json,12014225,4090075,4090075,0,True,7924150,193.74094607067107,0.000708839275,0.000200601514825,1413,707,706,8502.636234961075,results/20260709_001914/web_1783554837_bursts.json,results/20260709_001914/web_1783554837.keylog,59630
web,1783554864,theverge,technology,https://www.theverge.com,True,results/20260709_001914/web_1783554864.pcap,results/20260709_001914/web_profile_1783554864.json,9015351,4090153,4090153,0,True,4925198,120.41598443872392,0.000531905709,0.000150529315647,1383,692,691,6518.691973969631,results/20260709_001914/web_1783554864_bursts.json,results/20260709_001914/web_1783554864.keylog,12485
web,1783554892,theverge,technology,https://www.theverge.com,True,results/20260709_001914/web_1783554892.pcap,results/20260709_001914/web_profile_1783554892.json,10952725,4089632,4089632,0,True,6863093,167.81688425755667,0.0006462107750000001,0.000182877649325,1565,783,782,6998.546325878594,results/20260709_001914/web_1783554892_bursts.json,results/20260709_001914/web_1783554892.keylog,113840
web,1783554935,cloudflare_blog,technology,https://blog.cloudflare.com,True,results/20260709_001914/web_1783554935.pcap,results/20260709_001914/web_profile_1783554935.json,1298524,821052,821052,0,True,477472,58.153685759245455,7.6612916e-05,2.1681455227999998e-05,323,162,161,4020.1981424148607,results/20260709_001914/web_1783554935_bursts.json,results/20260709_001914/web_1783554935.keylog,97971
web,1783554962,cloudflare_blog,technology,https://blog.cloudflare.com,True,results/20260709_001914/web_1783554962.pcap,results/20260709_001914/web_profile_1783554962.json,1286623,820940,820940,0,True,465683,56.72558286841913,7.5910757e-05,2.1482744230999997e-05,299,150,149,4303.086956521739,results/20260709_001914/web_1783554962_bursts.json,results/20260709_001914/web_1783554962.keylog,107248
web,1783554988,cloudflare_blog,technology,https://blog.cloudflare.com,True,results/20260709_001914/web_1783554988.pcap,results/20260709_001914/web_profile_1783554988.json,1282106,821166,821166,0,True,460940,56.13237761914156,7.5644254e-05,2.1407323881999996e-05,311,156,155,4122.527331189711,results/20260709_001914/web_1783554988_bursts.json,results/20260709_001914/web_1783554988.keylog,8521
web,1783555029,twitter,social_media,https://x.com,True,results/20260709_001914/web_1783555029.pcap,results/20260709_001914/web_profile_1783555029.json,3395959,2652209,2652209,0,True,743750,28.042661796261154,0.000200361581,5.6702327422999995e-05,607,304,303,5594.660626029654,results/20260709_001914/web_1783555029_bursts.json,results/20260709_001914/web_1783555029.keylog,28933
web,1783555057,twitter,social_media,https://x.com,True,results/20260709_001914/web_1783555057.pcap,results/20260709_001914/web_profile_1783555057.json,3378509,2650627,2650627,0,True,727882,27.46074796642455,0.00019933203100000002,5.6410964773e-05,573,287,286,5896.1762652705065,results/20260709_001914/web_1783555057_bursts.json,results/20260709_001914/web_1783555057.keylog,52373
web,1783555082,twitter,social_media,https://x.com,True,results/20260709_001914/web_1783555082.pcap,results/20260709_001914/web_profile_1783555082.json,3385611,2652712,2652712,0,True,732899,27.628291348627364,0.000199751049,5.6529546867e-05,533,267,266,6351.990619136961,results/20260709_001914/web_1783555082_bursts.json,results/20260709_001914/web_1783555082.keylog,111700
web,1783555125,reddit,social_media,https://www.reddit.com,True,results/20260709_001914/web_1783555125.pcap,results/20260709_001914/web_profile_1783555125.json,390703,202079,202079,0,True,188624,93.34171289446206,2.3051477e-05,6.523567991e-06,145,73,72,2694.503448275862,results/20260709_001914/web_1783555125_bursts.json,results/20260709_001914/web_1783555125.keylog,84247
web,1783555151,reddit,social_media,https://www.reddit.com,True,results/20260709_001914/web_1783555151.pcap,results/20260709_001914/web_profile_1783555151.json,378007,202054,202054,0,True,175953,87.0821661536025,2.2302413e-05,6.311582878999999e-06,133,67,66,2842.157894736842,results/20260709_001914/web_1783555151_bursts.json,results/20260709_001914/web_1783555151.keylog,18463
web,1783555176,reddit,social_media,https://www.reddit.com,True,results/20260709_001914/web_1783555176.pcap,results/20260709_001914/web_profile_1783555176.json,394693,202056,202056,0,True,192637,95.33842103179316,2.3286887000000003e-05,6.590189021000001e-06,147,74,73,2684.986394557823,results/20260709_001914/web_1783555176_bursts.json,results/20260709_001914/web_1783555176.keylog,15413
web,1783555217,linkedin,social_media,https://www.linkedin.com,True,results/20260709_001914/web_1783555217.pcap,results/20260709_001914/web_profile_1783555217.json,1444999,667224,667224,0,True,777775,116.568798484467,8.5254941e-05,2.4127148303e-05,443,222,221,3261.848758465011,results/20260709_001914/web_1783555217_bursts.json,results/20260709_001914/web_1783555217.keylog,79570
web,1783555244,linkedin,social_media,https://www.linkedin.com,True,results/20260709_001914/web_1783555244.pcap,results/20260709_001914/web_profile_1783555244.json,1464989,668729,668729,0,True,796260,119.07065492897722,8.6434351e-05,2.4460921332999998e-05,465,233,232,3150.5139784946236,results/20260709_001914/web_1783555244_bursts.json,results/20260709_001914/web_1783555244.keylog,14936
web,1783555269,linkedin,social_media,https://www.linkedin.com,True,results/20260709_001914/web_1783555269.pcap,results/20260709_001914/web_profile_1783555269.json,1471309,669773,669773,0,True,801536,119.6727846598773,8.680723100000001e-05,2.4566446373e-05,469,235,234,3137.1194029850744,results/20260709_001914/web_1783555269_bursts.json,results/20260709_001914/web_1783555269.keylog,68100
web,1783555310,instagram,social_media,https://www.instagram.com,True,results/20260709_001914/web_1783555310.pcap,results/20260709_001914/web_profile_1783555310.json,3501918,2912498,2912498,0,True,589420,20.237610463595168,0.000206613162,5.8471524846e-05,451,226,225,7764.784922394679,results/20260709_001914/web_1783555310_bursts.json,results/20260709_001914/web_1783555310.keylog,111363
web,1783555337,instagram,social_media,https://www.instagram.com,True,results/20260709_001914/web_1783555337.pcap,results/20260709_001914/web_profile_1783555337.json,3506079,2914300,2914300,0,True,591779,20.30604261743815,0.00020685866100000002,5.8541001063e-05,429,215,214,8172.6783216783215,results/20260709_001914/web_1783555337_bursts.json,results/20260709_001914/web_1783555337.keylog,77827
web,1783555363,instagram,social_media,https://www.instagram.com,True,results/20260709_001914/web_1783555363.pcap,results/20260709_001914/web_profile_1783555363.json,3474064,2863924,2863924,0,True,610140,21.30433628825346,0.000204969776,5.8006446608e-05,471,236,235,7375.932059447983,results/20260709_001914/web_1783555363_bursts.json,results/20260709_001914/web_1783555363.keylog,38728
web,1783555405,facebook,social_media,https://www.facebook.com,True,results/20260709_001914/web_1783555405.pcap,results/20260709_001914/web_profile_1783555405.json,6176961,2037193,2037193,0,True,4139768,203.2094160936151,0.000364440699,0.000103136717817,687,344,343,8991.2096069869,results/20260709_001914/web_1783555405_bursts.json,results/20260709_001914/web_1783555405.keylog,3218
web,1783555432,facebook,social_media,https://www.facebook.com,True,results/20260709_001914/web_1783555432.pcap,results/20260709_001914/web_profile_1783555432.json,2547578,2037013,2037013,0,True,510565,25.064395759869967,0.000150307102,4.2536909865999994e-05,363,182,181,7018.121212121212,results/20260709_001914/web_1783555432_bursts.json,results/20260709_001914/web_1783555432.keylog,104530
web,1783555459,facebook,social_media,https://www.facebook.com,True,results/20260709_001914/web_1783555459.pcap,results/20260709_001914/web_profile_1783555459.json,2540064,2037106,2037106,0,True,502958,24.68982959158728,0.00014986377600000001,4.2411448608e-05,393,197,196,6463.267175572519,results/20260709_001914/web_1783555459_bursts.json,results/20260709_001914/web_1783555459.keylog,107717
web,1783555503,tiktok,social_media,https://www.tiktok.com,True,results/20260709_001914/web_1783555503.pcap,results/20260709_001914/web_profile_1783555503.json,24954165,11983751,11983751,0,True,12970414,108.23334029553853,0.001472295735,0.000416659693005,1959,980,979,12738.215926493109,results/20260709_001914/web_1783555503_bursts.json,results/20260709_001914/web_1783555503.keylog,114625
web,1783555531,tiktok,social_media,https://www.tiktok.com,True,results/20260709_001914/web_1783555531.pcap,results/20260709_001914/web_profile_1783555531.json,27837830,12325625,12325625,0,True,15512205,125.85329344353735,0.00164243197,0.00046480824750999995,1943,972,971,14327.241379310344,results/20260709_001914/web_1783555531_bursts.json,results/20260709_001914/web_1783555531.keylog,76815
web,1783555558,tiktok,social_media,https://www.tiktok.com,True,results/20260709_001914/web_1783555558.pcap,results/20260709_001914/web_profile_1783555558.json,25911125,11987761,11987761,0,True,13923364,116.14649307739786,0.001528756375,0.000432638054125,2081,1041,1040,12451.285439692456,results/20260709_001914/web_1783555558_bursts.json,results/20260709_001914/web_1783555558.keylog,15847
web,1783555601,pinterest,social_media,https://www.pinterest.com,True,results/20260709_001914/web_1783555601.pcap,results/20260709_001914/web_profile_1783555601.json,6228224,4020118,4020118,0,True,2208106,54.92639768285409,0.000367465216,0.00010399265612799998,945,473,472,6590.713227513227,results/20260709_001914/web_1783555601_bursts.json,results/20260709_001914/web_1783555601.keylog,35274
web,1783555628,pinterest,social_media,https://www.pinterest.com,True,results/20260709_001914/web_1783555628.pcap,results/20260709_001914/web_profile_1783555628.json,5936976,3890902,3890902,0,True,2046074,52.586109853190855,0.00035028158400000003,9.9129688272e-05,941,471,470,6309.219978746015,results/20260709_001914/web_1783555628_bursts.json,results/20260709_001914/web_1783555628.keylog,5808
web,1783555654,pinterest,social_media,https://www.pinterest.com,True,results/20260709_001914/web_1783555654.pcap,results/20260709_001914/web_profile_1783555654.json,6594898,4543334,4543334,0,True,2051564,45.155473931698616,0.00038909898200000003,0.000110115011906,979,490,489,6736.361593462717,results/20260709_001914/web_1783555654_bursts.json,results/20260709_001914/web_1783555654.keylog,87309
web,1783555696,mastodon,social_media,https://mastodon.social,True,results/20260709_001914/web_1783555696.pcap,results/20260709_001914/web_profile_1783555696.json,14997553,8286665,8286665,0,True,6710888,80.98418362513749,0.0008848556270000001,0.00025041414244100004,1097,549,548,13671.424794895169,results/20260709_001914/web_1783555696_bursts.json,results/20260709_001914/web_1783555696.keylog,84512
web,1783555724,mastodon,social_media,https://mastodon.social,True,results/20260709_001914/web_1783555724.pcap,results/20260709_001914/web_profile_1783555724.json,4318489,3690132,3690132,0,True,628357,17.028035853459986,0.00025479085100000003,7.2105810833e-05,451,226,225,9575.363636363636,results/20260709_001914/web_1783555724_bursts.json,results/20260709_001914/web_1783555724.keylog,23266
web,1783555751,mastodon,social_media,https://mastodon.social,True,results/20260709_001914/web_1783555751.pcap,results/20260709_001914/web_profile_1783555751.json,8045470,8281308,8281308,0,True,-235838,-2.8478351487470337,0.00047468273000000004,0.00013433521259,623,312,311,12914.077046548957,results/20260709_001914/web_1783555751_bursts.json,results/20260709_001914/web_1783555751.keylog,14608
web,1783555793,tumblr,social_media,https://www.tumblr.com,True,results/20260709_001914/web_1783555793.pcap,results/20260709_001914/web_profile_1783555793.json,2626932,2124734,2124734,0,True,502198,23.63580570556126,0.000154988988,4.3861883604e-05,481,241,240,5461.397089397089,results/20260709_001914/web_1783555793_bursts.json,results/20260709_001914/web_1783555793.keylog,175711
web,1783555820,tumblr,social_media,https://www.tumblr.com,True,results/20260709_001914/web_1783555820.pcap,results/20260709_001914/web_profile_1783555820.json,2479984,2124074,2124074,0,True,355910,16.756007559058677,0.000146319056,4.1408292847999994e-05,327,164,163,7584.048929663609,results/20260709_001914/web_1783555820_bursts.json,results/20260709_001914/web_1783555820.keylog,98776
web,1783555846,tumblr,social_media,https://www.tumblr.com,True,results/20260709_001914/web_1783555846.pcap,results/20260709_001914/web_profile_1783555846.json,2603936,2126387,2126387,0,True,477549,22.458235495232053,0.000153632224,4.3477919391999995e-05,455,228,227,5722.936263736264,results/20260709_001914/web_1783555846_bursts.json,results/20260709_001914/web_1783555846.keylog,149133
web,1783555888,discord,social_media,https://discord.com,True,results/20260709_001914/web_1783555888.pcap,results/20260709_001914/web_profile_1783555888.json,30208702,22335641,22335641,0,True,7873061,35.24886973246033,0.001782313418,0.000504394697294,1887,944,943,16008.851086380499,results/20260709_001914/web_1783555888_bursts.json,results/20260709_001914/web_1783555888.keylog,21027
web,1783555916,discord,social_media,https://discord.com,True,results/20260709_001914/web_1783555916.pcap,results/20260709_001914/web_profile_1783555916.json,24517220,22335790,22335790,0,True,2181430,9.766522697428655,0.00144651598,0.00040936402234,1347,674,673,18201.35115070527,results/20260709_001914/web_1783555916_bursts.json,results/20260709_001914/web_1783555916.keylog,16601
web,1783555943,discord,social_media,https://discord.com,True,results/20260709_001914/web_1783555943.pcap,results/20260709_001914/web_profile_1783555943.json,25026025,22334614,22334614,0,True,2691411,12.050403020173082,0.001476535475,0.000417859539425,1391,696,695,17991.391085549963,results/20260709_001914/web_1783555943_bursts.json,results/20260709_001914/web_1783555943.keylog,3637
web,1783555985,youtube,streaming,https://www.youtube.com,True,results/20260709_001914/web_1783555985.pcap,results/20260709_001914/web_profile_1783555985.json,12148693,3611886,3611886,0,True,8536807,236.35316840011006,0.000716772887,0.00020284672702099998,1389,695,694,8746.359251259899,results/20260709_001914/web_1783555985_bursts.json,results/20260709_001914/web_1783555985.keylog,133549
web,1783556013,youtube,streaming,https://www.youtube.com,True,results/20260709_001914/web_1783556013.pcap,results/20260709_001914/web_profile_1783556013.json,7510287,3613133,3613133,0,True,3897154,107.86079560315105,0.000443106933,0.00012539926203899998,1078,539,539,6966.871057513915,results/20260709_001914/web_1783556013_bursts.json,results/20260709_001914/web_1783556013.keylog,89350
web,1783556040,youtube,streaming,https://www.youtube.com,True,results/20260709_001914/web_1783556040.pcap,results/20260709_001914/web_profile_1783556040.json,8001091,3612479,3612479,0,True,4388612,121.48477541322731,0.00047206436900000006,0.000133594216427,1041,521,520,7685.966378482229,results/20260709_001914/web_1783556040_bursts.json,results/20260709_001914/web_1783556040.keylog,10767
web,1783556083,netflix,streaming,https://www.netflix.com,True,results/20260709_001914/web_1783556083.pcap,results/20260709_001914/web_profile_1783556083.json,25743006,2630193,2630193,0,True,23112813,878.7496963150612,0.001518837354,0.00042983097118199997,2075,1038,1037,12406.26795180723,results/20260709_001914/web_1783556083_bursts.json,results/20260709_001914/web_1783556083.keylog,588
web,1783556111,netflix,streaming,https://www.netflix.com,True,results/20260709_001914/web_1783556111.pcap,results/20260709_001914/web_profile_1783556111.json,4926135,2637174,2637174,0,True,2288961,86.79597933242175,0.000290641965,8.2251676095e-05,910,455,455,5413.3351648351645,results/20260709_001914/web_1783556111_bursts.json,results/20260709_001914/web_1783556111.keylog,14065
web,1783556138,netflix,streaming,https://www.netflix.com,True,results/20260709_001914/web_1783556138.pcap,results/20260709_001914/web_profile_1783556138.json,10838846,2630153,2630153,0,True,8208693,312.0994482070055,0.0006394919140000001,0.000180976211662,1269,635,634,8541.249802994484,results/20260709_001914/web_1783556138_bursts.json,results/20260709_001914/web_1783556138.keylog,13088
web,1783556181,spotify,streaming,https://www.spotify.com,True,results/20260709_001914/web_1783556181.pcap,results/20260709_001914/web_profile_1783556181.json,37061778,4789856,4789856,0,True,32271922,673.7555784558032,0.002186644902,0.000618820507266,2921,1461,1460,12688.044505306401,results/20260709_001914/web_1783556181_bursts.json,results/20260709_001914/web_1783556181.keylog,50818
web,1783556210,spotify,streaming,https://www.spotify.com,True,results/20260709_001914/web_1783556210.pcap,results/20260709_001914/web_profile_1783556210.json,30178117,4789580,4789580,0,True,25388537,530.078566387867,0.0017805089030000002,0.000503884019549,2457,1229,1228,12282.505901505901,results/20260709_001914/web_1783556210_bursts.json,results/20260709_001914/web_1783556210.keylog,177097
web,1783556238,spotify,streaming,https://www.spotify.com,True,results/20260709_001914/web_1783556238.pcap,results/20260709_001914/web_profile_1783556238.json,9337082,4789895,4789895,0,True,4547187,94.9329160660098,0.000550887838,0.000155901258154,1533,767,766,6090.72537508154,results/20260709_001914/web_1783556238_bursts.json,results/20260709_001914/web_1783556238.keylog,82231
web,1783556280,twitch,streaming,https://www.twitch.tv,True,results/20260709_001914/web_1783556280.pcap,results/20260709_001914/web_profile_1783556280.json,11686071,3984550,3984550,0,True,7701521,193.28458671619128,0.000689478189,0.00019512232748699997,1395,698,697,8377.11182795699,results/20260709_001914/web_1783556280_bursts.json,results/20260709_001914/web_1783556280.keylog,14858
web,1783556308,twitch,streaming,https://www.twitch.tv,True,results/20260709_001914/web_1783556308.pcap,results/20260709_001914/web_profile_1783556308.json,9777730,3978990,3978990,0,True,5798740,145.73396766516126,0.0005768860700000001,0.00016325875781000003,1223,612,611,7994.8732624693375,results/20260709_001914/web_1783556308_bursts.json,results/20260709_001914/web_1783556308.keylog,23906
web,1783556334,twitch,streaming,https://www.twitch.tv,True,results/20260709_001914/web_1783556334.pcap,results/20260709_001914/web_profile_1783556334.json,10167690,4070388,4070388,0,True,6097302,149.79657958897286,0.0005998937100000001,0.00016976991993000002,1313,657,656,7743.861386138614,results/20260709_001914/web_1783556334_bursts.json,results/20260709_001914/web_1783556334.keylog,48915
web,1783556376,primevideo,streaming,https://www.primevideo.com,True,results/20260709_001914/web_1783556376.pcap,results/20260709_001914/web_profile_1783556376.json,9088645,4428279,4428279,0,True,4660366,105.24102026995136,0.0005362300550000001,0.00015175310556500001,937,469,468,9699.727854855922,results/20260709_001914/web_1783556376_bursts.json,results/20260709_001914/web_1783556376.keylog,5525
web,1783556404,primevideo,streaming,https://www.primevideo.com,True,results/20260709_001914/web_1783556404.pcap,results/20260709_001914/web_profile_1783556404.json,6438845,4430619,4430619,0,True,2008226,45.326081976355894,0.000379891855,0.00010750939496499999,827,414,413,7785.785973397824,results/20260709_001914/web_1783556404_bursts.json,results/20260709_001914/web_1783556404.keylog,135841
web,1783556432,primevideo,streaming,https://www.primevideo.com,True,results/20260709_001914/web_1783556432.pcap,results/20260709_001914/web_profile_1783556432.json,5754200,4428381,4428381,0,True,1325819,29.939135769934882,0.0003394978,9.60778774e-05,765,383,382,7521.830065359477,results/20260709_001914/web_1783556432_bursts.json,results/20260709_001914/web_1783556432.keylog,90552
web,1783556474,disneyplus,streaming,https://www.disneyplus.com,True,results/20260709_001914/web_1783556474.pcap,results/20260709_001914/web_profile_1783556474.json,7203580,3125681,3125681,0,True,4077899,130.46433721163484,0.00042501122000000003,0.00012027817526,991,496,495,7269.001009081736,results/20260709_001914/web_1783556474_bursts.json,results/20260709_001914/web_1783556474.keylog,70446
web,1783556501,disneyplus,streaming,https://www.disneyplus.com,True,results/20260709_001914/web_1783556501.pcap,results/20260709_001914/web_profile_1783556501.json,5851756,2901248,2901248,0,True,2950508,101.69789001147092,0.00034525360400000004,9.770676993200001e-05,875,438,437,6687.721142857143,results/20260709_001914/web_1783556501_bursts.json,results/20260709_001914/web_1783556501.keylog,37990
web,1783556527,disneyplus,streaming,https://www.disneyplus.com,True,results/20260709_001914/web_1783556527.pcap,results/20260709_001914/web_profile_1783556527.json,5984739,2977988,2977988,0,True,3006751,100.96585345542024,0.000353099601,9.992718708299999e-05,827,414,413,7236.68561064087,results/20260709_001914/web_1783556527_bursts.json,results/20260709_001914/web_1783556527.keylog,26456
web,1783556569,max_hbo,streaming,https://www.max.com,True,results/20260709_001914/web_1783556569.pcap,results/20260709_001914/web_profile_1783556569.json,7595892,5917901,5917901,0,True,1677991,28.354495960645504,0.000448157628,0.000126828608724,715,358,357,10623.625174825174,results/20260709_001914/web_1783556569_bursts.json,results/20260709_001914/web_1783556569.keylog,178405
web,1783556596,max_hbo,streaming,https://www.max.com,True,results/20260709_001914/web_1783556596.pcap,results/20260709_001914/web_profile_1783556596.json,6721780,5850875,5850875,0,True,870905,14.885038562608157,0.00039658502000000005,0.00011223356066,771,386,385,8718.261997405967,results/20260709_001914/web_1783556596_bursts.json,results/20260709_001914/web_1783556596.keylog,78181
web,1783556622,max_hbo,streaming,https://www.max.com,True,results/20260709_001914/web_1783556622.pcap,results/20260709_001914/web_profile_1783556622.json,7778102,5909037,5909037,0,True,1869065,31.630619337804113,0.000458908018,0.00012987096909399998,753,377,376,10329.484727755644,results/20260709_001914/web_1783556622_bursts.json,results/20260709_001914/web_1783556622.keylog,2773
web,1783556663,imdb,streaming,https://www.imdb.com,True,results/20260709_001914/web_1783556663.pcap,results/20260709_001914/web_profile_1783556663.json,846094,592831,592831,0,True,253263,42.72094408018474,4.991954600000001e-05,1.4127231518000001e-05,193,97,96,4383.906735751295,results/20260709_001914/web_1783556663_bursts.json,results/20260709_001914/web_1783556663.keylog,56763
web,1783556690,imdb,streaming,https://www.imdb.com,True,results/20260709_001914/web_1783556690.pcap,results/20260709_001914/web_profile_1783556690.json,847449,593086,593086,0,True,254363,42.88804659020783,4.9999491e-05,1.4149855953e-05,185,93,92,4580.8054054054055,results/20260709_001914/web_1783556690_bursts.json,results/20260709_001914/web_1783556690.keylog,180150
web,1783556716,imdb,streaming,https://www.imdb.com,True,results/20260709_001914/web_1783556716.pcap,results/20260709_001914/web_profile_1783556716.json,834608,593433,593433,0,True,241175,40.64064519499252,4.9241872000000004e-05,1.3935449776e-05,181,91,90,4611.093922651934,results/20260709_001914/web_1783556716_bursts.json,results/20260709_001914/web_1783556716.keylog,98266
web,1783556757,rtve,streaming,https://www.rtve.es,True,results/20260709_001914/web_1783556757.pcap,results/20260709_001914/web_profile_1783556757.json,32103276,13850117,13850117,0,True,18253159,131.79064841112896,0.001894093284,0.000536028399372,2417,1209,1208,13282.282167976831,results/20260709_001914/web_1783556757_bursts.json,results/20260709_001914/web_1783556757.keylog,17667
web,1783556785,rtve,streaming,https://www.rtve.es,True,results/20260709_001914/web_1783556785.pcap,results/20260709_001914/web_profile_1783556785.json,15496436,13850699,13850699,0,True,1645737,11.881977942051877,0.0009142897240000001,0.00025874399189200004,1415,708,707,10951.544876325088,results/20260709_001914/web_1783556785_bursts.json,results/20260709_001914/web_1783556785.keylog,8557
web,1783556812,rtve,streaming,https://www.rtve.es,True,results/20260709_001914/web_1783556812.pcap,results/20260709_001914/web_profile_1783556812.json,37977472,13859774,13859774,0,True,24117698,174.01220250777538,0.0022406708480000002,0.000634109849984,2285,1143,1142,16620.33785557987,results/20260709_001914/web_1783556812_bursts.json,results/20260709_001914/web_1783556812.keylog,96480
web,1783556857,soundcloud,streaming,https://soundcloud.com,True,results/20260709_001914/web_1783556857.pcap,results/20260709_001914/web_profile_1783556857.json,10430792,5686355,5686355,0,True,4744437,83.4354696461969,0.000615416728,0.000174162934024,1473,737,736,7081.325186693822,results/20260709_001914/web_1783556857_bursts.json,results/20260709_001914/web_1783556857.keylog,17621
web,1783556885,soundcloud,streaming,https://soundcloud.com,True,results/20260709_001914/web_1783556885.pcap,results/20260709_001914/web_profile_1783556885.json,7207555,5697525,5697525,0,True,1510030,26.50326238147266,0.00042524574500000004,0.000120344545835,997,499,498,7229.242728184554,results/20260709_001914/web_1783556885_bursts.json,results/20260709_001914/web_1783556885.keylog,83116
web,1783556911,soundcloud,streaming,https://soundcloud.com,True,results/20260709_001914/web_1783556911.pcap,results/20260709_001914/web_profile_1783556911.json,7168316,5364727,5364727,0,True,1803589,33.61939945872362,0.00042293064400000005,0.000119689372252,965,483,482,7428.3067357512955,results/20260709_001914/web_1783556911_bursts.json,results/20260709_001914/web_1783556911.keylog,70721
web,1783556953,webmd,health,https://www.webmd.com,True,results/20260709_001914/web_1783556953.pcap,results/20260709_001914/web_profile_1783556953.json,2567486,1792853,1792853,0,True,774633,43.206721354176835,0.000151481674,4.2869313741999996e-05,569,285,284,4512.277680140597,results/20260709_001914/web_1783556953_bursts.json,results/20260709_001914/web_1783556953.keylog,14202
web,1783556980,webmd,health,https://www.webmd.com,True,results/20260709_001914/web_1783556980.pcap,results/20260709_001914/web_profile_1783556980.json,2537687,1787623,1787623,0,True,750064,41.95873514717589,0.000149723533,4.2371759839e-05,519,260,259,4889.570327552987,results/20260709_001914/web_1783556980_bursts.json,results/20260709_001914/web_1783556980.keylog,16646
web,1783557006,webmd,health,https://www.webmd.com,True,results/20260709_001914/web_1783557006.pcap,results/20260709_001914/web_profile_1783557006.json,2591163,1787719,1787719,0,True,803444,44.94240985300262,0.000152878617,4.3264648611e-05,533,267,266,4861.46904315197,results/20260709_001914/web_1783557006_bursts.json,results/20260709_001914/web_1783557006.keylog,23359
web,1783557048,clevelandclinic,health,https://www.clevelandclinic.org,True,results/20260709_001914/web_1783557048.pcap,results/20260709_001914/web_profile_1783557048.json,47124274,1801121,1801121,0,True,45323153,2516.3857952908215,0.002780332166,0.0007868340029779999,2719,1360,1359,17331.47260022067,results/20260709_001914/web_1783557048_bursts.json,results/20260709_001914/web_1783557048.keylog,82711
web,1783557077,clevelandclinic,health,https://www.clevelandclinic.org,True,results/20260709_001914/web_1783557077.pcap,results/20260709_001914/web_profile_1783557077.json,2563431,1684473,1684473,0,True,878958,52.179999323230476,0.000151242429,4.2801607406999995e-05,589,295,294,4352.174872665535,results/20260709_001914/web_1783557077_bursts.json,results/20260709_001914/web_1783557077.keylog,105369
web,1783557103,clevelandclinic,health,https://www.clevelandclinic.org,True,results/20260709_001914/web_1783557103.pcap,results/20260709_001914/web_profile_1783557103.json,2555755,1684466,1684466,0,True,871289,51.72493834841427,0.00015078954499999999,4.267344123499999e-05,637,319,318,4012.1742543171113,results/20260709_001914/web_1783557103_bursts.json,results/20260709_001914/web_1783557103.keylog,15948
web,1783557226,medlineplus,health,https://medlineplus.gov,True,results/20260709_001914/web_1783557226.pcap,results/20260709_001914/web_profile_1783557226.json,1850728,1299332,1299332,0,True,551396,42.43688295216311,0.00010919295200000001,3.0901605416e-05,411,206,205,4502.987834549878,results/20260709_001914/web_1783557226_bursts.json,results/20260709_001914/web_1783557226.keylog,95466
web,1783557253,medlineplus,health,https://medlineplus.gov,True,results/20260709_001914/web_1783557253.pcap,results/20260709_001914/web_profile_1783557253.json,1877147,1298673,1298673,0,True,578474,44.543468602180845,0.000110751673,3.1342723458999995e-05,465,233,232,4036.8752688172044,results/20260709_001914/web_1783557253_bursts.json,results/20260709_001914/web_1783557253.keylog,14993
web,1783557279,medlineplus,health,https://medlineplus.gov,True,results/20260709_001914/web_1783557279.pcap,results/20260709_001914/web_profile_1783557279.json,1954729,1342346,1342346,0,True,612383,45.620354215679114,0.000115329011,3.2638110113e-05,495,248,247,3948.9474747474746,results/20260709_001914/web_1783557279_bursts.json,results/20260709_001914/web_1783557279.keylog,4488
web,1783557321,sanidad,health,https://www.sanidad.gob.es,True,results/20260709_001914/web_1783557321.pcap,results/20260709_001914/web_profile_1783557321.json,12636409,11554079,11554079,0,True,1082330,9.367514277858062,0.0007455481310000001,0.000210990121073,1101,551,550,11477.210717529519,results/20260709_001914/web_1783557321_bursts.json,results/20260709_001914/web_1783557321.keylog,32362
web,1783557348,sanidad,health,https://www.sanidad.gob.es,True,results/20260709_001914/web_1783557348.pcap,results/20260709_001914/web_profile_1783557348.json,12632119,11553848,11553848,0,True,1078271,9.332570412904861,0.0007452950210000001,0.000210918490943,1087,544,543,11621.084636614536,results/20260709_001914/web_1783557348_bursts.json,results/20260709_001914/web_1783557348.keylog,60103
web,1783557375,sanidad,health,https://www.sanidad.gob.es,True,results/20260709_001914/web_1783557375.pcap,results/20260709_001914/web_profile_1783557375.json,12659643,11554074,11554074,0,True,1105569,9.568650849908005,0.000746918937,0.000211378059171,981,491,490,12904.834862385322,results/20260709_001914/web_1783557375_bursts.json,results/20260709_001914/web_1783557375.keylog,1868
web,1783557417,nhs,health,https://www.nhs.uk,True,results/20260709_001914/web_1783557417.pcap,results/20260709_001914/web_profile_1783557417.json,836283,630369,630369,0,True,205914,32.66562917909986,4.9340697000000005e-05,1.3963417251e-05,173,87,86,4834.005780346821,results/20260709_001914/web_1783557417_bursts.json,results/20260709_001914/web_1783557417.keylog,2414
web,1783557444,nhs,health,https://www.nhs.uk,True,results/20260709_001914/web_1783557444.pcap,results/20260709_001914/web_profile_1783557444.json,844548,630370,630370,0,True,214178,33.97655345273411,4.9828332e-05,1.4101417955999999e-05,201,101,100,4201.731343283582,results/20260709_001914/web_1783557444_bursts.json,results/20260709_001914/web_1783557444.keylog,29041
web,1783557470,nhs,health,https://www.nhs.uk,True,results/20260709_001914/web_1783557470.pcap,results/20260709_001914/web_profile_1783557470.json,850152,630380,630380,0,True,219772,34.86341571750373,5.0158968000000005e-05,1.4194987944e-05,205,103,102,4147.082926829268,results/20260709_001914/web_1783557470_bursts.json,results/20260709_001914/web_1783557470.keylog,143519
web,1783557511,healthline,health,https://www.healthline.com,True,results/20260709_001914/web_1783557511.pcap,results/20260709_001914/web_profile_1783557511.json,16028293,2447890,2447890,0,True,13580403,554.7799533475769,0.0009456692870000002,0.000267624408221,1161,581,580,13805.592592592593,results/20260709_001914/web_1783557511_bursts.json,results/20260709_001914/web_1783557511.keylog,115645
web,1783557539,healthline,health,https://www.healthline.com,True,results/20260709_001914/web_1783557539.pcap,results/20260709_001914/web_profile_1783557539.json,3034523,2447923,2447923,0,True,586600,23.963172044218712,0.00017903685700000003,5.0667430531000005e-05,513,257,256,5915.249512670565,results/20260709_001914/web_1783557539_bursts.json,results/20260709_001914/web_1783557539.keylog,13917
web,1783557567,healthline,health,https://www.healthline.com,True,results/20260709_001914/web_1783557567.pcap,results/20260709_001914/web_profile_1783557567.json,14702375,2447998,2447998,0,True,12254377,500.58770472851694,0.0008674401250000001,0.000245485555375,1251,626,625,11752.49800159872,results/20260709_001914/web_1783557567_bursts.json,results/20260709_001914/web_1783557567.keylog,29055
web,1783557611,nih,health,https://www.nih.gov,True,results/20260709_001914/web_1783557611.pcap,results/20260709_001914/web_profile_1783557611.json,1084644,149254,149254,0,True,935390,626.7101719216906,6.3993996e-05,1.8110300868e-05,277,139,138,3915.682310469314,results/20260709_001914/web_1783557611_bursts.json,results/20260709_001914/web_1783557611.keylog,53957
web,1783557638,nih,health,https://www.nih.gov,True,results/20260709_001914/web_1783557638.pcap,results/20260709_001914/web_profile_1783557638.json,1096215,151017,151017,0,True,945198,625.8884761318262,6.4676685e-05,1.8303501854999998e-05,303,152,151,3617.871287128713,results/20260709_001914/web_1783557638_bursts.json,results/20260709_001914/web_1783557638.keylog,2920
web,1783557664,nih,health,https://www.nih.gov,True,results/20260709_001914/web_1783557664.pcap,results/20260709_001914/web_profile_1783557664.json,1081686,149423,149423,0,True,932263,623.9086352168006,6.381947400000001e-05,1.8060911142e-05,297,149,148,3642.040404040404,results/20260709_001914/web_1783557664_bursts.json,results/20260709_001914/web_1783557664.keylog,102609
web,1783557707,who,health,https://www.who.int,True,results/20260709_001914/web_1783557707.pcap,results/20260709_001914/web_profile_1783557707.json,13362671,4850913,4850913,0,True,8511758,175.46713371276707,0.0007883975890000001,0.000223116517687,1321,661,660,10115.572293716881,results/20260709_001914/web_1783557707_bursts.json,results/20260709_001914/web_1783557707.keylog,77772
web,1783557734,who,health,https://www.who.int,True,results/20260709_001914/web_1783557734.pcap,results/20260709_001914/web_profile_1783557734.json,5691701,4849837,4849837,0,True,841864,17.35860401081521,0.00033581035900000005,9.5034331597e-05,797,399,398,7141.40652446675,results/20260709_001914/web_1783557734_bursts.json,results/20260709_001914/web_1783557734.keylog,774
web,1783557761,who,health,https://www.who.int,True,results/20260709_001914/web_1783557761.pcap,results/20260709_001914/web_profile_1783557761.json,5885535,4849701,4849701,0,True,1035834,21.358718815861018,0.000347246565,9.8270777895e-05,775,388,387,7594.238709677419,results/20260709_001914/web_1783557761_bursts.json,results/20260709_001914/web_1783557761.keylog,27146
web,1783557804,cdc,health,https://www.cdc.gov,True,results/20260709_001914/web_1783557804.pcap,results/20260709_001914/web_profile_1783557804.json,5284480,4800076,4800076,0,True,484404,10.091590216488239,0.00031178432,8.823496255999999e-05,471,236,235,11219.702760084925,results/20260709_001914/web_1783557804_bursts.json,results/20260709_001914/web_1783557804.keylog,34223
web,1783557830,cdc,health,https://www.cdc.gov,True,results/20260709_001914/web_1783557830.pcap,results/20260709_001914/web_profile_1783557830.json,5287566,4800044,4800044,0,True,487522,10.156615231027049,0.000311966394,8.8286489502e-05,439,220,219,12044.569476082004,results/20260709_001914/web_1783557830_bursts.json,results/20260709_001914/web_1783557830.keylog,151596
web,1783557857,cdc,health,https://www.cdc.gov,True,results/20260709_001914/web_1783557857.pcap,results/20260709_001914/web_profile_1783557857.json,5423458,4799915,4799915,0,True,623543,12.9907092104756,0.000319984022,9.0555478226e-05,549,275,274,9878.794171220401,results/20260709_001914/web_1783557857_bursts.json,results/20260709_001914/web_1783557857.keylog,126877
web,1783557899,medscape,health,https://www.medscape.com,True,results/20260709_001914/web_1783557899.pcap,results/20260709_001914/web_profile_1783557899.json,950217,145361,145361,0,True,804856,553.6945948363041,5.6062803e-05,1.5865773248999998e-05,229,115,114,4149.419213973799,results/20260709_001914/web_1783557899_bursts.json,results/20260709_001914/web_1783557899.keylog,5327
web,1783557925,medscape,health,https://www.medscape.com,True,results/20260709_001914/web_1783557925.pcap,results/20260709_001914/web_profile_1783557925.json,941714,144847,144847,0,True,796867,550.143944990231,5.5561126000000004e-05,1.5723798658e-05,193,97,96,4879.347150259067,results/20260709_001914/web_1783557925_bursts.json,results/20260709_001914/web_1783557925.keylog,21898
web,1783557951,medscape,health,https://www.medscape.com,True,results/20260709_001914/web_1783557951.pcap,results/20260709_001914/web_profile_1783557951.json,946372,145580,145580,0,True,800792,550.0700645693089,5.5835948e-05,1.5801573284e-05,211,106,105,4485.175355450237,results/20260709_001914/web_1783557951_bursts.json,results/20260709_001914/web_1783557951.keylog,190757
web,1783557993,ietf,standards,https://www.ietf.org,True,results/20260709_001914/web_1783557993.pcap,results/20260709_001914/web_profile_1783557993.json,917417,674267,674267,0,True,243150,36.061382212091054,5.412760300000001e-05,1.5318111649e-05,185,93,92,4959.010810810811,results/20260709_001914/web_1783557993_bursts.json,results/20260709_001914/web_1783557993.keylog,85958
web,1783558019,ietf,standards,https://www.ietf.org,True,results/20260709_001914/web_1783558019.pcap,results/20260709_001914/web_profile_1783558019.json,918179,674536,674536,0,True,243643,36.12008847563362,5.4172561000000004e-05,1.5330834763e-05,171,86,85,5369.4678362573095,results/20260709_001914/web_1783558019_bursts.json,results/20260709_001914/web_1783558019.keylog,90311
web,1783558045,ietf,standards,https://www.ietf.org,True,results/20260709_001914/web_1783558045.pcap,results/20260709_001914/web_profile_1783558045.json,919936,674428,674428,0,True,245508,36.40240322169305,5.4276224e-05,1.5360171391999997e-05,177,89,88,5197.3785310734465,results/20260709_001914/web_1783558045_bursts.json,results/20260709_001914/web_1783558045.keylog,19319
web,1783558086,w3c,standards,https://www.w3.org,True,results/20260709_001914/web_1783558086.pcap,results/20260709_001914/web_profile_1783558086.json,452326,261707,261707,0,True,190619,72.8367984043224,2.6687234000000004e-05,7.5524872220000006e-06,145,73,72,3119.4896551724137,results/20260709_001914/web_1783558086_bursts.json,results/20260709_001914/web_1783558086.keylog,32750
web,1783558113,w3c,standards,https://www.w3.org,True,results/20260709_001914/web_1783558113.pcap,results/20260709_001914/web_profile_1783558113.json,489573,294587,294587,0,True,194986,66.18961461300057,2.8884807000000004e-05,8.174400381e-06,145,73,72,3376.365517241379,results/20260709_001914/web_1783558113_bursts.json,results/20260709_001914/web_1783558113.keylog,99439
web,1783558138,w3c,standards,https://www.w3.org,True,results/20260709_001914/web_1783558138.pcap,results/20260709_001914/web_profile_1783558138.json,498954,301283,301283,0,True,197671,65.60974233527945,2.9438286e-05,8.331034938e-06,151,76,75,3304.3311258278145,results/20260709_001914/web_1783558138_bursts.json,results/20260709_001914/web_1783558138.keylog,28282
web,1783558180,iso,standards,https://www.iso.org,True,results/20260709_001914/web_1783558180.pcap,results/20260709_001914/web_profile_1783558180.json,960013,145624,145624,0,True,814389,559.2409218260726,5.6640767000000005e-05,1.6029337061e-05,245,123,122,3918.420408163265,results/20260709_001914/web_1783558180_bursts.json,results/20260709_001914/web_1783558180.keylog,5178
web,1783558206,iso,standards,https://www.iso.org,True,results/20260709_001914/web_1783558206.pcap,results/20260709_001914/web_profile_1783558206.json,919505,150585,150585,0,True,768920,510.62190789255243,5.4250795e-05,1.5352974984999997e-05,203,102,101,4529.5812807881775,results/20260709_001914/web_1783558206_bursts.json,results/20260709_001914/web_1783558206.keylog,47974
web,1783558232,iso,standards,https://www.iso.org,True,results/20260709_001914/web_1783558232.pcap,results/20260709_001914/web_profile_1783558232.json,915935,145369,145369,0,True,770566,530.0758758744987,5.4040165e-05,1.5293366694999998e-05,203,102,101,4511.995073891626,results/20260709_001914/web_1783558232_bursts.json,results/20260709_001914/web_1783558232.keylog,84639
web,1783558276,icann,standards,https://www.icann.org,True,results/20260709_001914/web_1783558276.pcap,results/20260709_001914/web_profile_1783558276.json,228349,38700,38700,0,True,189649,490.04909560723513,1.3472591e-05,3.812743253e-06,141,71,70,1619.4964539007092,results/20260709_001914/web_1783558276_bursts.json,results/20260709_001914/web_1783558276.keylog,54689
web,1783558302,icann,standards,https://www.icann.org,True,results/20260709_001914/web_1783558302.pcap,results/20260709_001914/web_profile_1783558302.json,350749,38622,38622,0,True,312127,808.1585624773446,2.0694191e-05,5.8564560529999995e-06,185,93,92,1895.9405405405405,results/20260709_001914/web_1783558302_bursts.json,results/20260709_001914/web_1783558302.keylog,19067
web,1783558327,icann,standards,https://www.icann.org,True,results/20260709_001914/web_1783558327.pcap,results/20260709_001914/web_profile_1783558327.json,233995,38627,38627,0,True,195368,505.7809304372589,1.3805705000000001e-05,3.907014515e-06,153,77,76,1529.3790849673203,results/20260709_001914/web_1783558327_bursts.json,results/20260709_001914/web_1783558327.keylog,35579
web,1783558370,iana,standards,https://www.iana.org,True,results/20260709_001914/web_1783558370.pcap,results/20260709_001914/web_profile_1783558370.json,1679472,1348680,1348680,0,True,330792,24.527093157754248,9.9088848e-05,2.8042143983999996e-05,279,140,139,6019.612903225807,results/20260709_001914/web_1783558370_bursts.json,results/20260709_001914/web_1783558370.keylog,186980
web,1783558396,iana,standards,https://www.iana.org,True,results/20260709_001914/web_1783558396.pcap,results/20260709_001914/web_profile_1783558396.json,1684591,1348706,1348706,0,True,335885,24.904241547082908,9.9390869e-05,2.8127615927e-05,309,155,154,5451.750809061488,results/20260709_001914/web_1783558396_bursts.json,results/20260709_001914/web_1783558396.keylog,51270
web,1783558422,iana,standards,https://www.iana.org,True,results/20260709_001914/web_1783558422.pcap,results/20260709_001914/web_profile_1783558422.json,1686148,1348671,1348671,0,True,337477,25.02292998069952,9.948273200000001e-05,2.8153613156e-05,317,159,158,5319.078864353312,results/20260709_001914/web_1783558422_bursts.json,results/20260709_001914/web_1783558422.keylog,5647
web,1783558464,rfc_editor,standards,https://www.rfc-editor.org,True,results/20260709_001914/web_1783558464.pcap,results/20260709_001914/web_profile_1783558464.json,899165,524962,524962,0,True,374203,71.28192135811734,5.3050735000000006e-05,1.5013358005000001e-05,265,133,132,3393.0754716981132,results/20260709_001914/web_1783558464_bursts.json,results/20260709_001914/web_1783558464.keylog,23689
web,1783558490,rfc_editor,standards,https://www.rfc-editor.org,True,results/20260709_001914/web_1783558490.pcap,results/20260709_001914/web_profile_1783558490.json,911045,524843,524843,0,True,386202,73.58429092128503,5.3751655000000006e-05,1.5211718365e-05,285,143,142,3196.6491228070176,results/20260709_001914/web_1783558490_bursts.json,results/20260709_001914/web_1783558490.keylog,130503
web,1783558517,rfc_editor,standards,https://www.rfc-editor.org,True,results/20260709_001914/web_1783558517.pcap,results/20260709_001914/web_profile_1783558517.json,778648,524846,524846,0,True,253802,48.357422939300285,4.5940232e-05,1.3001085655999998e-05,215,108,107,3621.618604651163,results/20260709_001914/web_1783558517_bursts.json,results/20260709_001914/web_1783558517.keylog,41921
web,1783558559,ecma,standards,https://www.ecma-international.org,True,results/20260709_001914/web_1783558559.pcap,results/20260709_001914/web_profile_1783558559.json,45402080,1802590,1802590,0,True,43599490,2418.713628723115,0.0026787227200000003,0.00075807852976,2159,1080,1079,21029.217230199167,results/20260709_001914/web_1783558559_bursts.json,results/20260709_001914/web_1783558559.keylog,35608
web,1783558589,ecma,standards,https://www.ecma-international.org,True,results/20260709_001914/web_1783558589.pcap,results/20260709_001914/web_profile_1783558589.json,45379919,1802528,1802528,0,True,43577391,2417.5708227555965,0.0026774152210000002,0.000757708507543,2513,1257,1256,18058.065658575408,results/20260709_001914/web_1783558589_bursts.json,results/20260709_001914/web_1783558589.keylog,43096
web,1783558617,ecma,standards,https://www.ecma-international.org,True,results/20260709_001914/web_1783558617.pcap,results/20260709_001914/web_profile_1783558617.json,45418666,1802573,1802573,0,True,43616093,2419.657511790091,0.002679701294,0.000758355466202,2713,1357,1356,16741.12274235164,results/20260709_001914/web_1783558617_bursts.json,results/20260709_001914/web_1783558617.keylog,31419
web,1783558662,owasp,standards,https://owasp.org,True,results/20260709_001914/web_1783558662.pcap,results/20260709_001914/web_profile_1783558662.json,7583819,6149412,6149412,0,True,1434407,23.32592124255132,0.000447445321,0.000126627025843,691,346,345,10975.136034732272,results/20260709_001914/web_1783558662_bursts.json,results/20260709_001914/web_1783558662.keylog,18832
web,1783558690,owasp,standards,https://owasp.org,True,results/20260709_001914/web_1783558690.pcap,results/20260709_001914/web_profile_1783558690.json,7648815,6234013,6234013,0,True,1414802,22.69488369690599,0.000451280085,0.000127712264055,563,282,281,13585.81705150977,results/20260709_001914/web_1783558690_bursts.json,results/20260709_001914/web_1783558690.keylog,35199
web,1783558716,owasp,standards,https://owasp.org,True,results/20260709_001914/web_1783558716.pcap,results/20260709_001914/web_profile_1783558716.json,7545347,6232206,6232206,0,True,1313141,21.07024382698518,0.000445175473,0.00012598465885899998,621,311,310,12150.317230273751,results/20260709_001914/web_1783558716_bursts.json,results/20260709_001914/web_1783558716.keylog,29526
web,1783558758,mozilla_foundation,standards,https://foundation.mozilla.org,True,results/20260709_001914/web_1783558758.pcap,results/20260709_001914/web_profile_1783558758.json,33976434,6711112,6711112,0,True,27265322,406.2713004938675,0.0020046096060000003,0.000567304518498,2351,1176,1175,14451.907273500638,results/20260709_001914/web_1783558758_bursts.json,results/20260709_001914/web_1783558758.keylog,89131
web,1783558787,mozilla_foundation,standards,https://foundation.mozilla.org,True,results/20260709_001914/web_1783558787.pcap,results/20260709_001914/web_profile_1783558787.json,8808137,6711305,6711305,0,True,2096832,31.243282789263787,0.000519680083,0.000147069463489,787,394,393,11192.041931385007,results/20260709_001914/web_1783558787_bursts.json,results/20260709_001914/web_1783558787.keylog,86102
web,1783558813,mozilla_foundation,standards,https://foundation.mozilla.org,True,results/20260709_001914/web_1783558813.pcap,results/20260709_001914/web_profile_1783558813.json,8138004,6711080,6711080,0,True,1426924,21.26221114932321,0.00048014223600000006,0.000135880252788,739,370,369,11012.18403247632,results/20260709_001914/web_1783558813_bursts.json,results/20260709_001914/web_1783558813.keylog,2804
web,1783558858,eff,standards,https://www.eff.org,True,results/20260709_001914/web_1783558858.pcap,results/20260709_001914/web_profile_1783558858.json,24136300,3210641,3210641,0,True,20925659,651.759539605954,0.0014240417,0.00040300380109999995,1731,866,865,13943.558636626227,results/20260709_001914/web_1783558858_bursts.json,results/20260709_001914/web_1783558858.keylog,784
web,1783558886,eff,standards,https://www.eff.org,True,results/20260709_001914/web_1783558886.pcap,results/20260709_001914/web_profile_1783558886.json,3566141,3210660,3210660,0,True,355481,11.071897989821407,0.00021040231900000002,5.9543856277e-05,289,145,144,12339.588235294117,results/20260709_001914/web_1783558886_bursts.json,results/20260709_001914/web_1783558886.keylog,4854
web,1783558912,eff,standards,https://www.eff.org,True,results/20260709_001914/web_1783558912.pcap,results/20260709_001914/web_profile_1783558912.json,4922014,3210467,3210467,0,True,1711547,53.31146527903884,0.00029039882600000004,8.2182867758e-05,559,280,279,8805.033989266547,results/20260709_001914/web_1783558912_bursts.json,results/20260709_001914/web_1783558912.keylog,162972
